E3,Magnitude,.draw,PC1,PC2
-1.917,0.24322665691127676,1,2.376021265559497,-1.29931534244281
-1.724,0.03539854343485686,1,2.376021265559497,-1.29931534244281
-1.426,-0.25849429798811707,1,2.376021265559497,-1.29931534244281
-1.119,-0.49030191489988206,1,2.376021265559497,-1.29931534244281
-1.015,-0.5451506002508651,1,2.376021265559497,-1.29931534244281
-0.935,-0.5776229748413019,1,2.376021265559497,-1.29931534244281
-0.927,-0.5803826694169018,1,2.376021265559497,-1.29931534244281
-0.807,-0.6107494066567417,1,2.376021265559497,-1.29931534244281
-0.803,-0.6113992741363019,1,2.376021265559497,-1.29931534244281
-0.803,-0.6113992741363019,1,2.376021265559497,-1.29931534244281
-0.793,-0.61292022354265,1,2.376021265559497,-1.29931534244281
-0.702,-0.6200465962681156,1,2.376021265559497,-1.29931534244281
-0.576,-0.6105568011453932,1,2.376021265559497,-1.29931534244281
-0.455,-0.5814770844390962,1,2.376021265559497,-1.29931534244281
-0.432,-0.573898802487654,1,2.376021265559497,-1.29931534244281
-0.265,-0.5017846795939882,1,2.376021265559497,-1.29931534244281
-0.262,-0.500243689553444,1,2.376021265559497,-1.29931534244281
-0.182,-0.45638847889951484,1,2.376021265559497,-1.29931534244281
-0.178,-0.45406148741835195,1,2.376021265559497,-1.29931534244281
-0.021,-0.35353349015536895,1,2.376021265559497,-1.29931534244281
-0.015,-0.3493563554364317,1,2.376021265559497,-1.29931534244281
0.047,-0.3048611234860696,1,2.376021265559497,-1.29931534244281
0.055,-0.2989476298565003,1,2.376021265559497,-1.29931534244281
0.195,-0.18962798829180824,1,2.376021265559497,-1.29931534244281
0.222,-0.16738003151438874,1,2.376021265559497,-1.29931534244281
0.264,-0.13212207601138076,1,2.376021265559497,-1.29931534244281
0.297,-0.10392421313012229,1,2.376021265559497,-1.29931534244281
0.34,-0.06662148909396806,1,2.376021265559497,-1.29931534244281
0.487,0.06417347132480036,1,2.376021265559497,-1.29931534244281
0.665,0.2246480642078963,1,2.376021265559497,-1.29931534244281
0.764,0.3131036066761127,1,2.376021265559497,-1.29931534244281
1.023,0.543979179419286,1,2.376021265559497,-1.29931534244281
1.132,0.6443392207629742,1,2.376021265559497,-1.29931534244281
1.133,0.6452767133479267,1,2.376021265559497,-1.29931534244281
1.342,0.8495880175687005,1,2.376021265559497,-1.29931534244281
1.465,0.9786884221603328,1,2.376021265559497,-1.29931534244281
1.472,0.9862572064551062,1,2.376021265559497,-1.29931534244281
2.086,1.714579346391814,1,2.376021265559497,-1.29931534244281
2.367,2.0623950413046996,1,2.376021265559497,-1.29931534244281
-1.917,-0.14126272845166396,2,-7.296412171083164,-1.7016942334820404
-1.724,-0.2746711641868157,2,-7.296412171083164,-1.7016942334820404
-1.426,-0.47052250829321984,2,-7.296412171083164,-1.7016942334820404
-1.119,-0.6080446091979379,2,-7.296412171083164,-1.7016942334820404
-1.015,-0.6280282576129385,2,-7.296412171083164,-1.7016942334820404
-0.935,-0.6307448039777738,2,-7.296412171083164,-1.7016942334820404
-0.927,-0.6303333100625638,2,-7.296412171083164,-1.7016942334820404
-0.807,-0.6076573097772384,2,-7.296412171083164,-1.7016942334820404
-0.803,-0.6063385618472834,2,-7.296412171083164,-1.7016942334820404
-0.803,-0.6063385618472834,2,-7.296412171083164,-1.7016942334820404
-0.793,-0.6028751226333503,2,-7.296412171083164,-1.7016942334820404
-0.702,-0.5606690073047792,2,-7.296412171083164,-1.7016942334820404
-0.576,-0.47238211540478325,2,-7.296412171083164,-1.7016942334820404
-0.455,-0.358460319322373,2,-7.296412171083164,-1.7016942334820404
-0.432,-0.33397603504985185,2,-7.296412171083164,-1.7016942334820404
-0.265,-0.13451886276751668,2,-7.296412171083164,-1.7016942334820404
-0.262,-0.13064457772142885,2,-7.296412171083164,-1.7016942334820404
-0.182,-0.02465148484091604,2,-7.296412171083164,-1.7016942334820404
-0.178,-0.01924124872176971,2,-7.296412171083164,-1.7016942334820404
-0.021,0.19449350698133613,2,-7.296412171083164,-1.7016942334820404
-0.015,0.20250527251418374,2,-7.296412171083164,-1.7016942334820404
0.047,0.28333989204771876,2,-7.296412171083164,-1.7016942334820404
0.055,0.29344530156345433,2,-7.296412171083164,-1.7016942334820404
0.195,0.4508800906645254,2,-7.296412171083164,-1.7016942334820404
0.222,0.4756313304329476,2,-7.296412171083164,-1.7016942334820404
0.264,0.5095915289332206,2,-7.296412171083164,-1.7016942334820404
0.297,0.5320792865898897,2,-7.296412171083164,-1.7016942334820404
0.34,0.5554446355109903,2,-7.296412171083164,-1.7016942334820404
0.487,0.5830739528589727,2,-7.296412171083164,-1.7016942334820404
0.665,0.5140184926077623,2,-7.296412171083164,-1.7016942334820404
0.764,0.44226400500381313,2,-7.296412171083164,-1.7016942334820404
1.023,0.25542584417711767,2,-7.296412171083164,-1.7016942334820404
1.132,0.22204498513935117,2,-7.296412171083164,-1.7016942334820404
1.133,0.22192196963379876,2,-7.296412171083164,-1.7016942334820404
1.342,0.2550386727657017,2,-7.296412171083164,-1.7016942334820404
1.465,0.30451943131558823,2,-7.296412171083164,-1.7016942334820404
1.472,0.3073927622229896,2,-7.296412171083164,-1.7016942334820404
2.086,0.49903406716882903,2,-7.296412171083164,-1.7016942334820404
2.367,0.5641844005665141,2,-7.296412171083164,-1.7016942334820404
-1.917,0.9303090104935487,3,1.2558125255260997,-3.0281178719548145
-1.724,0.5891215241110906,3,1.2558125255260997,-3.0281178719548145
-1.426,0.09109964146746247,3,1.2558125255260997,-3.0281178719548145
-1.119,-0.3373106306872383,3,1.2558125255260997,-3.0281178719548145
-1.015,-0.4497288048992982,3,1.2558125255260997,-3.0281178719548145
-0.935,-0.5216752937757215,3,1.2558125255260997,-3.0281178719548145
-0.927,-0.5281241273530782,3,1.2558125255260997,-3.0281178719548145
-0.807,-0.6076848605684954,3,1.2558125255260997,-3.0281178719548145
-0.803,-0.6097676385187891,3,1.2558125255260997,-3.0281178719548145
-0.803,-0.6097676385187891,3,1.2558125255260997,-3.0281178719548145
-0.793,-0.6148101447322261,3,1.2558125255260997,-3.0281178719548145
-0.702,-0.6500289516930811,3,1.2558125255260997,-3.0281178719548145
-0.576,-0.6680556565180892,3,1.2558125255260997,-3.0281178719548145
-0.455,-0.6533982131870284,3,1.2558125255260997,-3.0281178719548145
-0.432,-0.6472136864726981,3,1.2558125255260997,-3.0281178719548145
-0.265,-0.5713251497821833,3,1.2558125255260997,-3.0281178719548145
-0.262,-0.5694793873150885,3,1.2558125255260997,-3.0281178719548145
-0.182,-0.5142346631703485,3,1.2558125255260997,-3.0281178719548145
-0.178,-0.5111719828802063,3,1.2558125255260997,-3.0281178719548145
-0.021,-0.36936447722944815,3,1.2558125255260997,-3.0281178719548145
-0.015,-0.363137498422542,3,1.2558125255260997,-3.0281178719548145
0.047,-0.2955294706725867,3,1.2558125255260997,-3.0281178719548145
0.055,-0.28638852629836087,3,1.2558125255260997,-3.0281178719548145
0.195,-0.11302079719710971,3,1.2558125255260997,-3.0281178719548145
0.222,-0.07706747840651759,3,1.2558125255260997,-3.0281178719548145
0.264,-0.01986422319613797,3,1.2558125255260997,-3.0281178719548145
0.297,0.025991405236436647,3,1.2558125255260997,-3.0281178719548145
0.34,0.0866630919482082,3,1.2558125255260997,-3.0281178719548145
0.487,0.2972311904741276,3,1.2558125255260997,-3.0281178719548145
0.665,0.5437342862768882,3,1.2558125255260997,-3.0281178719548145
0.764,0.6702347633050056,3,1.2558125255260997,-3.0281178719548145
1.023,0.9552540683284682,3,1.2558125255260997,-3.0281178719548145
1.132,1.0561598786905304,3,1.2558125255260997,-3.0281178719548145
1.133,1.0570360347360719,3,1.2558125255260997,-3.0281178719548145
1.342,1.2199851174524972,3,1.2558125255260997,-3.0281178719548145
1.465,1.2961410617390263,3,1.2558125255260997,-3.0281178719548145
1.472,1.300019250441586,3,1.2558125255260997,-3.0281178719548145
2.086,1.4391983364977872,3,1.2558125255260997,-3.0281178719548145
2.367,1.378144158504544,3,1.2558125255260997,-3.0281178719548145
-1.917,0.20552949594632056,4,-5.009484542044119,0.2621685140266121
-1.724,0.0592951921471734,4,-5.009484542044119,0.2621685140266121
-1.426,-0.15111117243904987,4,-5.009484542044119,0.2621685140266121
-1.119,-0.3191643574739711,4,-5.009484542044119,0.2621685140266121
-1.015,-0.3588487552463251,4,-5.009484542044119,0.2621685140266121
-0.935,-0.3821056646355166,4,-5.009484542044119,0.2621685140266121
-0.927,-0.38406278458423676,4,-5.009484542044119,0.2621685140266121
-0.807,-0.40498615326383797,4,-5.009484542044119,0.2621685140266121
-0.803,-0.40540405292494686,4,-5.009484542044119,0.2621685140266121
-0.803,-0.40540405292494686,4,-5.009484542044119,0.2621685140266121
-0.793,-0.40636787793611956,4,-5.009484542044119,0.2621685140266121
-0.702,-0.4097651959041542,4,-5.009484542044119,0.2621685140266121
-0.576,-0.39820342356009486,4,-5.009484542044119,0.2621685140266121
-0.455,-0.3692644360131724,4,-5.009484542044119,0.2621685140266121
-0.432,-0.3618156359899714,4,-5.009484542044119,0.2621685140266121
-0.265,-0.2899636102897296,4,-5.009484542044119,0.2621685140266121
-0.262,-0.28839955101127457,4,-5.009484542044119,0.2621685140266121
-0.182,-0.24335222190065017,4,-5.009484542044119,0.2621685140266121
-0.178,-0.24093513306779663,4,-5.009484542044119,0.2621685140266121
-0.021,-0.134617461259149,4,-5.009484542044119,0.2621685140266121
-0.015,-0.1301375634612186,4,-5.009484542044119,0.2621685140266121
0.047,-0.08220864499672292,4,-5.009484542044119,0.2621685140266121
0.055,-0.07581501265452345,4,-5.009484542044119,0.2621685140266121
0.195,0.042877471237474464,4,-5.009484542044119,0.2621685140266121
0.222,0.06706965563981185,4,-5.009484542044119,0.2621685140266121
0.264,0.10539973638069461,4,-5.009484542044119,0.2621685140266121
0.297,0.13605131854830851,4,-5.009484542044119,0.2621685140266121
0.34,0.17660368576621394,4,-5.009484542044119,0.2621685140266121
0.487,0.31891983520226524,4,-5.009484542044119,0.2621685140266121
0.665,0.49375420455106855,4,-5.009484542044119,0.2621685140266121
0.764,0.5896658110155527,4,-5.009484542044119,0.2621685140266121
1.023,0.8278424281788451,4,-5.009484542044119,0.2621685140266121
1.132,0.9197848930684327,4,-5.009484542044119,0.2621685140266121
1.133,0.9206006384186844,4,-5.009484542044119,0.2621685140266121
1.342,1.0791524763115574,4,-5.009484542044119,0.2621685140266121
1.465,1.1607552462242459,4,-5.009484542044119,0.2621685140266121
1.472,1.165124811201361,4,-5.009484542044119,0.2621685140266121
2.086,1.4451160974240569,4,-5.009484542044119,0.2621685140266121
2.367,1.5226975330841597,4,-5.009484542044119,0.2621685140266121
-1.917,0.6642203009249845,5,-1.5022436418734015,5.126424384497029
-1.724,0.35024783143024574,5,-1.5022436418734015,5.126424384497029
-1.426,-0.07821766700564564,5,-1.5022436418734015,5.126424384497029
-1.119,-0.3782687946289658,5,-1.5022436418734015,5.126424384497029
-1.015,-0.4381585074448158,5,-1.5022436418734015,5.126424384497029
-0.935,-0.46807518174463014,5,-1.5022436418734015,5.126424384497029
-0.927,-0.4702616951433862,5,-1.5022436418734015,5.126424384497029
-0.807,-0.4851607862025752,5,-1.5022436418734015,5.126424384497029
-0.803,-0.4850788289632834,5,-1.5022436418734015,5.126424384497029
-0.803,-0.4850788289632834,5,-1.5022436418734015,5.126424384497029
-0.793,-0.4847112600159725,5,-1.5022436418734015,5.126424384497029
-0.702,-0.4713011026961676,5,-1.5022436418734015,5.126424384497029
-0.576,-0.42707351485178285,5,-1.5022436418734015,5.126424384497029
-0.455,-0.36376112328313387,5,-1.5022436418734015,5.126424384497029
-0.432,-0.35012201531659126,5,-1.5022436418734015,5.126424384497029
-0.265,-0.24365523320791185,5,-1.5022436418734015,5.126424384497029
-0.262,-0.241701616388517,5,-1.5022436418734015,5.126424384497029
-0.182,-0.19039411732758696,5,-1.5022436418734015,5.126424384497029
-0.178,-0.18789196747380765,5,-1.5022436418734015,5.126424384497029
-0.021,-0.09853267782802802,5,-1.5022436418734015,5.126424384497029
-0.015,-0.09555810668459282,5,-1.5022436418734015,5.126424384497029
0.047,-0.06721575682962388,5,-1.5022436418734015,5.126424384497029
0.055,-0.06389100277936037,5,-1.5022436418734015,5.126424384497029
0.195,-0.019092857468555102,5,-1.5022436418734015,5.126424384497029
0.222,-0.013539987827531996,5,-1.5022436418734015,5.126424384497029
0.264,-0.007005746660133736,5,-1.5022436418734015,5.126424384497029
0.297,-0.003681425663897313,5,-1.5022436418734015,5.126424384497029
0.34,-0.0017301292996414102,5,-1.5022436418734015,5.126424384497029
0.487,-0.014005890599784628,5,-1.5022436418734015,5.126424384497029
0.665,-0.06052428623054954,5,-1.5022436418734015,5.126424384497029
0.764,-0.09424285559395001,5,-1.5022436418734015,5.126424384497029
1.023,-0.17105083157714285,5,-1.5022436418734015,5.126424384497029
1.132,-0.18368974890233136,5,-1.5022436418734015,5.126424384497029
1.133,-0.18371975316097572,5,-1.5022436418734015,5.126424384497029
1.342,-0.15628488806419846,5,-1.5022436418734015,5.126424384497029
1.465,-0.11536849630954871,5,-1.5022436418734015,5.126424384497029
1.472,-0.11263731375359216,5,-1.5022436418734015,5.126424384497029
2.086,0.2399724176029187,5,-1.5022436418734015,5.126424384497029
2.367,0.4435433932577909,5,-1.5022436418734015,5.126424384497029
-1.917,1.0139570190352112,6,6.985190517274482,-6.9549301701197175
-1.724,0.5898649506397701,6,6.985190517274482,-6.9549301701197175
-1.426,-0.029367392909151902,6,6.985190517274482,-6.9549301701197175
-1.119,-0.5529772686541298,6,6.985190517274482,-6.9549301701197175
-1.015,-0.6868106541561187,6,6.985190517274482,-6.9549301701197175
-0.935,-0.7702675088422111,6,6.985190517274482,-6.9549301701197175
-0.927,-0.7775941374281288,6,6.985190517274482,-6.9549301701197175
-0.807,-0.8637604331838157,6,6.985190517274482,-6.9549301701197175
-0.803,-0.8658416987968993,6,6.985190517274482,-6.9549301701197175
-0.803,-0.8658416987968993,6,6.985190517274482,-6.9549301701197175
-0.793,-0.870816122035816,6,6.985190517274482,-6.9549301701197175
-0.702,-0.9015579433502569,6,6.985190517274482,-6.9549301701197175
-0.576,-0.9041028697789796,6,6.985190517274482,-6.9549301701197175
-0.455,-0.8679938768951327,6,6.985190517274482,-6.9549301701197175
-0.432,-0.8573175359260943,6,6.985190517274482,-6.9549301701197175
-0.265,-0.7487013272553367,6,6.985190517274482,-6.9549301701197175
-0.262,-0.7463083509045934,6,6.985190517274482,-6.9549301701197175
-0.182,-0.6776126495020586,6,6.985190517274482,-6.9549301701197175
-0.178,-0.6739416552834576,6,6.985190517274482,-6.9549301701197175
-0.021,-0.513220805393858,6,6.985190517274482,-6.9549301701197175
-0.015,-0.506451358302976,6,6.985190517274482,-6.9549301701197175
0.047,-0.4338486957261837,6,6.985190517274482,-6.9549301701197175
0.055,-0.4241267894407561,6,6.985190517274482,-6.9549301701197175
0.195,-0.24077827629058987,6,6.985190517274482,-6.9549301701197175
0.222,-0.20253077961218047,6,6.985190517274482,-6.9549301701197175
0.264,-0.14125185752669678,6,6.985190517274482,-6.9549301701197175
0.297,-0.09167358714594194,6,6.985190517274482,-6.9549301701197175
0.34,-0.02543135943614058,6,6.985190517274482,-6.9549301701197175
0.487,0.21049831299236216,6,6.985190517274482,-6.9549301701197175
0.665,0.5002705379153993,6,6.985190517274482,-6.9549301701197175
0.764,0.6548244020991372,6,6.985190517274482,-6.9549301701197175
1.023,0.999979041629608,6,6.985190517274482,-6.9549301701197175
1.132,1.1073305100107795,6,6.985190517274482,-6.9549301701197175
1.133,1.1081921726236705,6,6.985190517274482,-6.9549301701197175
1.342,1.2417469548706463,6,6.985190517274482,-6.9549301701197175
1.465,1.282949223609353,6,6.985190517274482,-6.9549301701197175
1.472,1.284597990951866,6,6.985190517274482,-6.9549301701197175
2.086,1.2207098551143722,6,6.985190517274482,-6.9549301701197175
2.367,1.113639700994022,6,6.985190517274482,-6.9549301701197175
-1.917,0.45594558425680176,7,-2.315294790043146,1.2879179358842228
-1.724,0.25714648935417334,7,-2.315294790043146,1.2879179358842228
-1.426,-0.028115830665322167,7,-2.315294790043146,1.2879179358842228
-1.119,-0.26470586488376857,7,-2.315294790043146,1.2879179358842228
-1.015,-0.32565840025318354,7,-2.315294790043146,1.2879179358842228
-0.935,-0.3645251213838897,7,-2.315294790043146,1.2879179358842228
-0.927,-0.36800586996125556,7,-2.315294790043146,1.2879179358842228
-0.807,-0.41100764309356264,7,-2.315294790043146,1.2879179358842228
-0.803,-0.41213820914204485,7,-2.315294790043146,1.2879179358842228
-0.803,-0.41213820914204485,7,-2.315294790043146,1.2879179358842228
-0.793,-0.4148776271878321,7,-2.315294790043146,1.2879179358842228
-0.702,-0.43407327294341574,7,-2.315294790043146,1.2879179358842228
-0.576,-0.44350557963962356,7,-2.315294790043146,1.2879179358842228
-0.455,-0.4337702760946698,7,-2.315294790043146,1.2879179358842228
-0.432,-0.42986099862363203,7,-2.315294790043146,1.2879179358842228
-0.265,-0.38234789550915754,7,-2.315294790043146,1.2879179358842228
-0.262,-0.38119507568147243,7,-2.315294790043146,1.2879179358842228
-0.182,-0.3466998260245077,7,-2.315294790043146,1.2879179358842228
-0.178,-0.34478783621956816,7,-2.315294790043146,1.2879179358842228
-0.021,-0.25620544767104286,7,-2.315294790043146,1.2879179358842228
-0.015,-0.2523108413978187,7,-2.315294790043146,1.2879179358842228
0.047,-0.2099575979020689,7,-2.315294790043146,1.2879179358842228
0.055,-0.20421670672935308,7,-2.315294790043146,1.2879179358842228
0.195,-0.09411178300099339,7,-2.315294790043146,1.2879179358842228
0.222,-0.07089687754964819,7,-2.315294790043146,1.2879179358842228
0.264,-0.03362642540304315,7,-2.315294790043146,1.2879179358842228
0.297,-0.0034269114628512074,7,-2.315294790043146,1.2879179358842228
0.34,0.03701714432312364,7,-2.315294790043146,1.2879179358842228
0.487,0.18250778118759875,7,-2.315294790043146,1.2879179358842228
0.665,0.36562360266117366,7,-2.315294790043146,1.2879179358842228
0.764,0.46642517365213015,7,-2.315294790043146,1.2879179358842228
1.023,0.715655344679074,7,-2.315294790043146,1.2879179358842228
1.132,0.8127057193508125,7,-2.315294790043146,1.2879179358842228
1.133,0.8135716282494443,7,-2.315294790043146,1.2879179358842228
1.342,0.9852096665701605,7,-2.315294790043146,1.2879179358842228
1.465,1.0786646769405701,7,-2.315294790043146,1.2879179358842228
1.472,1.0838404910546273,7,-2.315294790043146,1.2879179358842228
2.086,1.4895879302616615,7,-2.315294790043146,1.2879179358842228
2.367,1.6523128913028733,7,-2.315294790043146,1.2879179358842228
-1.917,0.21214589426352673,8,-0.9142375162649985,-1.5702724392878733
-1.724,0.036894777930450706,8,-0.9142375162649985,-1.5702724392878733
-1.426,-0.2134731419332545,8,-0.9142375162649985,-1.5702724392878733
-1.119,-0.414790388787927,8,-0.9142375162649985,-1.5702724392878733
-1.015,-0.4636054950589573,8,-0.9142375162649985,-1.5702724392878733
-0.935,-0.4929979080082795,8,-0.9142375162649985,-1.5702724392878733
-0.927,-0.4955247670116373,8,-0.9142375162649985,-1.5702724392878733
-0.807,-0.5240911995830098,8,-0.9142375162649985,-1.5702724392878733
-0.803,-0.52473634061132,8,-0.9142375162649985,-1.5702724392878733
-0.803,-0.52473634061132,8,-0.9142375162649985,-1.5702724392878733
-0.793,-0.5262609769969144,8,-0.9142375162649985,-1.5702724392878733
-0.702,-0.5343165506512965,8,-0.9142375162649985,-1.5702724392878733
-0.576,-0.5281014590073596,8,-0.9142375162649985,-1.5702724392878733
-0.455,-0.503451530277404,8,-0.9142375162649985,-1.5702724392878733
-0.432,-0.49675256800213646,8,-0.9142375162649985,-1.5702724392878733
-0.265,-0.42955808941684825,8,-0.9142375162649985,-1.5702724392878733
-0.262,-0.4280601128841001,8,-0.9142375162649985,-1.5702724392878733
-0.182,-0.3844628003960574,8,-0.9142375162649985,-1.5702724392878733
-0.178,-0.38210101577210953,8,-0.9142375162649985,-1.5702724392878733
-0.021,-0.27636925906046156,8,-0.9142375162649985,-1.5702724392878733
-0.015,-0.2718426406312065,8,-0.9142375162649985,-1.5702724392878733
0.047,-0.22309018706614842,8,-0.9142375162649985,-1.5702724392878733
0.055,-0.21654317582530022,8,-0.9142375162649985,-1.5702724392878733
0.195,-0.0932471379471837,8,-0.9142375162649985,-1.5702724392878733
0.222,-0.0677220072820154,8,-0.9142375162649985,-1.5702724392878733
0.264,-0.027022439392994216,8,-0.9142375162649985,-1.5702724392878733
0.297,0.0057380356665387,8,-0.9142375162649985,-1.5702724392878733
0.34,0.04934962967619068,8,-0.9142375162649985,-1.5702724392878733
0.487,0.20452991519166372,8,-0.9142375162649985,-1.5702724392878733
0.665,0.39941795874585245,8,-0.9142375162649985,-1.5702724392878733
0.764,0.5087330314320874,8,-0.9142375162649985,-1.5702724392878733
1.023,0.7953217514503651,8,-0.9142375162649985,-1.5702724392878733
1.132,0.9172441131058136,8,-0.9142375162649985,-1.5702724392878733
1.133,0.9183688528556008,8,-0.9142375162649985,-1.5702724392878733
1.342,1.1565003784157388,8,-0.9142375162649985,-1.5702724392878733
1.465,1.2998406978679053,8,-0.9142375162649985,-1.5702724392878733
1.472,1.3080714690772524,8,-0.9142375162649985,-1.5702724392878733
2.086,2.0502631878256135,8,-0.9142375162649985,-1.5702724392878733
2.367,2.3944832532680786,8,-0.9142375162649985,-1.5702724392878733
-1.917,1.5244856339564772,9,4.084969875100504,-5.5048728298580585
-1.724,1.0074769547465803,9,4.084969875100504,-5.5048728298580585
-1.426,0.23120463873433175,9,4.084969875100504,-5.5048728298580585
-1.119,-0.4689417193283476,9,4.084969875100504,-5.5048728298580585
-1.015,-0.6441259637010287,9,4.084969875100504,-5.5048728298580585
-0.935,-0.7461924090034943,9,4.084969875100504,-5.5048728298580585
-0.927,-0.7546240554102656,9,4.084969875100504,-5.5048728298580585
-0.807,-0.8395615578595824,9,4.084969875100504,-5.5048728298580585
-0.803,-0.8410182719118496,9,4.084969875100504,-5.5048728298580585
-0.803,-0.8410182719118496,9,4.084969875100504,-5.5048728298580585
-0.793,-0.8442671652916252,9,4.084969875100504,-5.5048728298580585
-0.702,-0.8500848053684068,9,4.084969875100504,-5.5048728298580585
-0.576,-0.8007432256664422,9,4.084969875100504,-5.5048728298580585
-0.455,-0.7121829763898557,9,4.084969875100504,-5.5048728298580585
-0.432,-0.6926939566112937,9,4.084969875100504,-5.5048728298580585
-0.265,-0.5462969329030325,9,4.084969875100504,-5.5048728298580585
-0.262,-0.5437908887036704,9,4.084969875100504,-5.5048728298580585
-0.182,-0.48080097898464225,9,4.084969875100504,-5.5048728298580585
-0.178,-0.4778415659458497,9,4.084969875100504,-5.5048728298580585
-0.021,-0.3701132350008676,9,4.084969875100504,-5.5048728298580585
-0.015,-0.36610259310976395,9,4.084969875100504,-5.5048728298580585
0.047,-0.32365095823730644,9,4.084969875100504,-5.5048728298580585
0.055,-0.3179559310478401,9,4.084969875100504,-5.5048728298580585
0.195,-0.20123484452424031,9,4.084969875100504,-5.5048728298580585
0.222,-0.17334091190762968,9,4.084969875100504,-5.5048728298580585
0.264,-0.1252922253493131,9,4.084969875100504,-5.5048728298580585
0.297,-0.08333117703948367,9,4.084969875100504,-5.5048728298580585
0.34,-0.023212232488752014,9,4.084969875100504,-5.5048728298580585
0.487,0.2159982394699897,9,4.084969875100504,-5.5048728298580585
0.665,0.5184753840357365,9,4.084969875100504,-5.5048728298580585
0.764,0.6628591422284666,9,4.084969875100504,-5.5048728298580585
1.023,0.9211267757900966,9,4.084969875100504,-5.5048728298580585
1.132,0.9923793487776634,9,4.084969875100504,-5.5048728298580585
1.133,0.9929796748367608,9,4.084969875100504,-5.5048728298580585
1.342,1.1202059871431846,9,4.084969875100504,-5.5048728298580585
1.465,1.2180940504011026,9,4.084969875100504,-5.5048728298580585
1.472,1.2245566610708867,9,4.084969875100504,-5.5048728298580585
2.086,2.071075434333038,9,4.084969875100504,-5.5048728298580585
2.367,2.5214068301605996,9,4.084969875100504,-5.5048728298580585
-1.917,0.9568936058020222,10,3.161094049325649,0.5304951115775957
-1.724,0.5199951745567883,10,3.161094049325649,0.5304951115775957
-1.426,-0.08565557360592502,10,3.161094049325649,0.5304951115775957
-1.119,-0.519992617818167,10,3.161094049325649,0.5304951115775957
-1.015,-0.6034464850484118,10,3.161094049325649,0.5304951115775957
-0.935,-0.6435632978629828,10,3.161094049325649,0.5304951115775957
-0.927,-0.6464298895782333,10,3.161094049325649,0.5304951115775957
-0.807,-0.665636084530611,10,3.161094049325649,0.5304951115775957
-0.803,-0.6655439098318997,10,3.161094049325649,0.5304951115775957
-0.803,-0.6655439098318997,10,3.161094049325649,0.5304951115775957
-0.793,-0.6651178692187698,10,3.161094049325649,0.5304951115775957
-0.702,-0.6495328492035106,10,3.161094049325649,0.5304951115775957
-0.576,-0.6006276121170119,10,3.161094049325649,0.5304951115775957
-0.455,-0.5358058224220836,10,3.161094049325649,0.5304951115775957
-0.432,-0.5225650741493533,10,3.161094049325649,0.5304951115775957
-0.265,-0.42642450101140167,10,3.161094049325649,0.5304951115775957
-0.262,-0.4247538773726402,10,3.161094049325649,0.5304951115775957
-0.182,-0.381569399791396,10,3.161094049325649,0.5304951115775957
-0.178,-0.3794800466739613,10,3.161094049325649,0.5304951115775957
-0.021,-0.3015871239313518,10,3.161094049325649,0.5304951115775957
-0.015,-0.2987188725678129,10,3.161094049325649,0.5304951115775957
0.047,-0.2693012189062301,10,3.161094049325649,0.5304951115775957
0.055,-0.26552899770426597,10,3.161094049325649,0.5304951115775957
0.195,-0.20081229635801526,10,3.161094049325649,0.5304951115775957
0.222,-0.1887752334950188,10,3.161094049325649,0.5304951115775957
0.264,-0.17046025542075888,10,3.161094049325649,0.5304951115775957
0.297,-0.1564700344473214,10,3.161094049325649,0.5304951115775957
0.34,-0.13884561669203718,10,3.161094049325649,0.5304951115775957
0.487,-0.0841128199608704,10,3.161094049325649,0.5304951115775957
0.665,-0.024960109395241258,10,3.161094049325649,0.5304951115775957
0.764,0.010378320794073527,10,3.161094049325649,0.5304951115775957
1.023,0.14537323662704957,10,3.161094049325649,0.5304951115775957
1.132,0.23252730911992914,10,3.161094049325649,0.5304951115775957
1.133,0.23341345000970865,10,3.161094049325649,0.5304951115775957
1.342,0.4455332361318102,10,3.161094049325649,0.5304951115775957
1.465,0.5871373708797322,10,3.161094049325649,0.5304951115775957
1.472,0.5953135298440966,10,3.161094049325649,0.5304951115775957
2.086,1.312495635592022,10,3.161094049325649,0.5304951115775957
2.367,1.6407174136297453,10,3.161094049325649,0.5304951115775957
-1.917,0.4674148837013982,11,-0.8418474946646414,0.4993180276660213
-1.724,0.23805159291294267,11,-0.8418474946646414,0.4993180276660213
-1.426,-0.08620401098105279,11,-0.8418474946646414,0.4993180276660213
-1.119,-0.3473448315838781,11,-0.8418474946646414,0.4993180276660213
-1.015,-0.41216409136985305,11,-0.8418474946646414,0.4993180276660213
-0.935,-0.452276780239747,11,-0.8418474946646414,0.4993180276660213
-0.927,-0.4557971371469346,11,-0.8418474946646414,0.4993180276660213
-0.807,-0.49747235661121064,11,-0.8418474946646414,0.4993180276660213
-0.803,-0.49849466752724303,11,-0.8418474946646414,0.4993180276660213
-0.803,-0.49849466752724303,11,-0.8418474946646414,0.4993180276660213
-0.793,-0.5009449048723897,11,-0.8418474946646414,0.4993180276660213
-0.702,-0.5163054833868819,11,-0.8418474946646414,0.4993180276660213
-0.576,-0.5171043089461883,11,-0.8418474946646414,0.4993180276660213
-0.455,-0.4962533911804598,11,-0.8418474946646414,0.4993180276660213
-0.432,-0.48999702569578235,11,-0.8418474946646414,0.4993180276660213
-0.265,-0.42396874056199935,11,-0.8418474946646414,0.4993180276660213
-0.262,-0.42246560931217864,11,-0.8418474946646414,0.4993180276660213
-0.182,-0.37846954848661885,11,-0.8418474946646414,0.4993180276660213
-0.178,-0.37607467214336354,11,-0.8418474946646414,0.4993180276660213
-0.021,-0.26801071686691597,11,-0.8418474946646414,0.4993180276660213
-0.015,-0.263353110435601,11,-0.8418474946646414,0.4993180276660213
0.047,-0.21307234691695995,11,-0.8418474946646414,0.4993180276660213
0.055,-0.20630676618849905,11,-0.8418474946646414,0.4993180276660213
0.195,-0.07915050413853958,11,-0.8418474946646414,0.4993180276660213
0.222,-0.05305636766750523,11,-0.8418474946646414,0.4993180276660213
0.264,-0.011741608874928476,11,-0.8418474946646414,0.4993180276660213
0.297,0.021190018942678465,11,-0.8418474946646414,0.4993180276660213
0.34,0.06448245554677146,11,-0.8418474946646414,0.4993180276660213
0.487,0.21182196897445568,11,-0.8418474946646414,0.4993180276660213
0.665,0.376707465685943,11,-0.8418474946646414,0.4993180276660213
0.764,0.45713454846718105,11,-0.8418474946646414,0.4993180276660213
1.023,0.6248415934515105,11,-0.8418474946646414,0.4993180276660213
1.132,0.6790656528686222,11,-0.8418474946646414,0.4993180276660213
1.133,0.6795230663906547,11,-0.8418474946646414,0.4993180276660213
1.342,0.7606506919513758,11,-0.8418474946646414,0.4993180276660213
1.465,0.7963219868868872,11,-0.8418474946646414,0.4993180276660213
1.472,0.7981086210096277,11,-0.8418474946646414,0.4993180276660213
2.086,0.8786786008593815,11,-0.8418474946646414,0.4993180276660213
2.367,0.8871290968141937,11,-0.8418474946646414,0.4993180276660213
-1.917,0.21890762315409315,12,-3.509834510809478,-4.526236139921613
-1.724,0.021919074757145857,12,-3.509834510809478,-4.526236139921613
-1.426,-0.2512377649574896,12,-3.509834510809478,-4.526236139921613
-1.119,-0.4579929805026787,12,-3.509834510809478,-4.526236139921613
-1.015,-0.5040588342239606,12,-3.509834510809478,-4.526236139921613
-0.935,-0.5299646044075134,12,-3.509834510809478,-4.526236139921613
-0.927,-0.5320859612493842,12,-3.509834510809478,-4.526236139921613
-0.807,-0.5534055897397736,12,-3.509834510809478,-4.526236139921613
-0.803,-0.5537717682839289,12,-3.509834510809478,-4.526236139921613
-0.803,-0.5537717682839289,12,-3.509834510809478,-4.526236139921613
-0.793,-0.5545885829281126,12,-3.509834510809478,-4.526236139921613
-0.702,-0.5555227685201218,12,-3.509834510809478,-4.526236139921613
-0.576,-0.5373309726417593,12,-3.509834510809478,-4.526236139921613
-0.455,-0.4983144786382233,12,-3.509834510809478,-4.526236139921613
-0.432,-0.48848885785703705,12,-3.509834510809478,-4.526236139921613
-0.265,-0.3941619065097402,12,-3.509834510809478,-4.526236139921613
-0.262,-0.3921013308412863,12,-3.509834510809478,-4.526236139921613
-0.182,-0.33243972262310095,12,-3.509834510809478,-4.526236139921613
-0.178,-0.3292189562166131,12,-3.509834510809478,-4.526236139921613
-0.021,-0.18516629634198803,12,-3.509834510809478,-4.526236139921613
-0.015,-0.17898618484293838,12,-3.509834510809478,-4.526236139921613
0.047,-0.11232976270398082,12,-3.509834510809478,-4.526236139921613
0.055,-0.10337054093084429,12,-3.509834510809478,-4.526236139921613
0.195,0.06535404916703964,12,-3.509834510809478,-4.526236139921613
0.222,0.10024795356826517,12,-3.509834510809478,-4.526236139921613
0.264,0.15580264712060368,12,-3.509834510809478,-4.526236139921613
0.297,0.2004141365768799,12,-3.509834510809478,-4.526236139921613
0.34,0.2596092164359949,12,-3.509834510809478,-4.526236139921613
0.487,0.4670782384042335,12,-3.509834510809478,-4.526236139921613
0.665,0.7159017211678975,12,-3.509834510809478,-4.526236139921613
0.764,0.8476835897909965,12,-3.509834510809478,-4.526236139921613
1.023,1.1590125084071814,12,-3.509834510809478,-4.526236139921613
1.132,1.2780373556074827,12,-3.509834510809478,-4.526236139921613
1.133,1.2791031946342324,12,-3.509834510809478,-4.526236139921613
1.342,1.4955531025588376,12,-3.509834510809478,-4.526236139921613
1.465,1.6216610659537776,12,-3.509834510809478,-4.526236139921613
1.472,1.6288894754208296,12,-3.509834510809478,-4.526236139921613
2.086,2.2829926340344193,12,-3.509834510809478,-4.526236139921613
2.367,2.5868607305378974,12,-3.509834510809478,-4.526236139921613
-1.917,-0.05371099522120319,13,-3.1077052080991825,3.742856151872416
-1.724,-0.11762959524182653,13,-3.1077052080991825,3.742856151872416
-1.426,-0.2160151185825961,13,-3.1077052080991825,3.742856151872416
-1.119,-0.309926071111153,13,-3.1077052080991825,3.742856151872416
-1.015,-0.33504085494492303,13,-3.1077052080991825,3.742856151872416
-0.935,-0.3503707922729475,13,-3.1077052080991825,3.742856151872416
-0.927,-0.35167858074085684,13,-3.1077052080991825,3.742856151872416
-0.807,-0.36567423118232545,13,-3.1077052080991825,3.742856151872416
-0.803,-0.36594640094476283,13,-3.1077052080991825,3.742856151872416
-0.803,-0.36594640094476283,13,-3.1077052080991825,3.742856151872416
-0.793,-0.36656837932194325,13,-3.1077052080991825,3.742856151872416
-0.702,-0.368347800207562,13,-3.1077052080991825,3.742856151872416
-0.576,-0.3592558747875435,13,-3.1077052080991825,3.742856151872416
-0.455,-0.3383745903565439,13,-3.1077052080991825,3.742856151872416
-0.432,-0.3331299241370381,13,-3.1077052080991825,3.742856151872416
-0.265,-0.28378267889805964,13,-3.1077052080991825,3.742856151872416
-0.262,-0.2827250084288689,13,-3.1077052080991825,3.742856151872416
-0.182,-0.25247993285957365,13,-3.1077052080991825,3.742856151872416
-0.178,-0.25086852236195517,13,-3.1077052080991825,3.742856151872416
-0.021,-0.1810155412004515,13,-3.1077052080991825,3.742856151872416
-0.015,-0.17811335911163828,13,-3.1077052080991825,3.742856151872416
0.047,-0.14728739359894774,13,-3.1077052080991825,3.742856151872416
0.055,-0.14320980565148203,13,-3.1077052080991825,3.742856151872416
0.195,-0.06943587461521789,13,-3.1077052080991825,3.742856151872416
0.222,-0.05492509302422913,13,-3.1077052080991825,3.742856151872416
0.264,-0.032353891206158863,13,-3.1077052080991825,3.742856151872416
0.297,-0.014687591527802244,13,-3.1077052080991825,3.742856151872416
0.34,0.008148697322273224,13,-3.1077052080991825,3.742856151872416
0.487,0.08395198361756824,13,-3.1077052080991825,3.742856151872416
0.665,0.17092012618761865,13,-3.1077052080991825,3.742856151872416
0.764,0.21820148266438003,13,-3.1077052080991825,3.742856151872416
1.023,0.3489962682526866,13,-3.1077052080991825,3.742856151872416
1.132,0.4116793021545766,13,-3.1077052080991825,3.742856151872416
1.133,0.4122817569455537,13,-3.1077052080991825,3.742856151872416
1.342,0.5479283664484996,13,-3.1077052080991825,3.742856151872416
1.465,0.6346033900973307,13,-3.1077052080991825,3.742856151872416
1.472,0.6396384795463957,13,-3.1077052080991825,3.742856151872416
2.086,1.088726574039866,13,-3.1077052080991825,3.742856151872416
2.367,1.2784828326248308,13,-3.1077052080991825,3.742856151872416
-1.917,1.1392862207214105,14,4.002221535154957,-3.3091787824989662
-1.724,0.6227167889118619,14,4.002221535154957,-3.3091787824989662
-1.426,-0.06394054857997925,14,4.002221535154957,-3.3091787824989662
-1.119,-0.5552772274498586,14,4.002221535154957,-3.3091787824989662
-1.015,-0.6593238954090878,14,4.002221535154957,-3.3091787824989662
-0.935,-0.7148740078976622,14,4.002221535154957,-3.3091787824989662
-0.927,-0.7192063040966317,14,4.002221535154957,-3.3091787824989662
-0.807,-0.7566149483633272,14,4.002221535154957,-3.3091787824989662
-0.803,-0.756956890351846,14,4.002221535154957,-3.3091787824989662
-0.803,-0.756956890351846,14,4.002221535154957,-3.3091787824989662
-0.793,-0.757553440148287,14,4.002221535154957,-3.3091787824989662
-0.702,-0.7468421358170754,14,4.002221535154957,-3.3091787824989662
-0.576,-0.691048107103129,14,4.002221535154957,-3.3091787824989662
-0.455,-0.6086295867457252,14,4.002221535154957,-3.3091787824989662
-0.432,-0.5915265552281421,14,4.002221535154957,-3.3091787824989662
-0.265,-0.4744507319436826,14,4.002221535154957,-3.3091787824989662
-0.262,-0.47267083165009216,14,4.002221535154957,-3.3091787824989662
-0.182,-0.431843872518457,14,4.002221535154957,-3.3091787824989662
-0.178,-0.4301411586096852,14,4.002221535154957,-3.3091787824989662
-0.021,-0.38038053558369933,14,4.002221535154957,-3.3091787824989662
-0.015,-0.3787896303023214,14,4.002221535154957,-3.3091787824989662
0.047,-0.3615251699021834,14,4.002221535154957,-3.3091787824989662
0.055,-0.35907853513149757,14,4.002221535154957,-3.3091787824989662
0.195,-0.29760830163279023,14,4.002221535154957,-3.3091787824989662
0.222,-0.279856681422279,14,4.002221535154957,-3.3091787824989662
0.264,-0.2473787791078659,14,4.002221535154957,-3.3091787824989662
0.297,-0.21765637841080657,14,4.002221535154957,-3.3091787824989662
0.34,-0.17362877375842442,14,4.002221535154957,-3.3091787824989662
0.487,0.013810193817022733,14,4.002221535154957,-3.3091787824989662
0.665,0.2797395268834404,14,4.002221535154957,-3.3091787824989662
0.764,0.42534191751942113,14,4.002221535154957,-3.3091787824989662
1.023,0.746481264698093,14,4.002221535154957,-3.3091787824989662
1.132,0.8596467558212038,14,4.002221535154957,-3.3091787824989662
1.133,0.86063811497109,14,4.002221535154957,-3.3091787824989662
1.342,1.054245990553491,14,4.002221535154957,-3.3091787824989662
1.465,1.1607498511206051,14,4.002221535154957,-3.3091787824989662
1.472,1.166763343448663,14,4.002221535154957,-3.3091787824989662
2.086,1.6942210157235602,14,4.002221535154957,-3.3091787824989662
2.367,1.9356145106897755,14,4.002221535154957,-3.3091787824989662
-1.917,0.47180017574582533,15,-3.991268280949582,1.3703434982763545
-1.724,0.3490528349279866,15,-3.991268280949582,1.3703434982763545
-1.426,0.1487224275982973,15,-3.991268280949582,1.3703434982763545
-1.119,-0.09996522060717931,15,-3.991268280949582,1.3703434982763545
-1.015,-0.18459055222492193,15,-3.991268280949582,1.3703434982763545
-0.935,-0.2461769303604019,15,-3.991268280949582,1.3703434982763545
-0.927,-0.25209036453254546,15,-3.991268280949582,1.3703434982763545
-0.807,-0.33362150928242196,15,-3.991268280949582,1.3703434982763545
-0.803,-0.33607234473539865,15,-3.991268280949582,1.3703434982763545
-0.803,-0.33607234473539865,15,-3.991268280949582,1.3703434982763545
-0.793,-0.34211398986073627,15,-3.991268280949582,1.3703434982763545
-0.702,-0.391064393463825,15,-3.991268280949582,1.3703434982763545
-0.576,-0.4385124671601401,15,-3.991268280949582,1.3703434982763545
-0.455,-0.4581640596247733,15,-3.991268280949582,1.3703434982763545
-0.432,-0.4586625696994512,15,-3.991268280949582,1.3703434982763545
-0.265,-0.4260688742272344,15,-3.991268280949582,1.3703434982763545
-0.262,-0.42484252665211525,15,-3.991268280949582,1.3703434982763545
-0.182,-0.3831193501923549,15,-3.991268280949582,1.3703434982763545
-0.178,-0.3805763004084027,15,-3.991268280949582,1.3703434982763545
-0.021,-0.24827870200592722,15,-3.991268280949582,1.3703434982763545
-0.015,-0.24204707235843345,15,-3.991268280949582,1.3703434982763545
0.047,-0.1732539924637371,15,-3.991268280949582,1.3703434982763545
0.055,-0.16384152071643748,15,-3.991268280949582,1.3703434982763545
0.195,0.012935768397139332,15,-3.991268280949582,1.3703434982763545
0.222,0.04801281971826663,15,-3.991268280949582,1.3703434982763545
0.264,0.10203439143845607,15,-3.991268280949582,1.3703434982763545
0.297,0.14365427532545016,15,-3.991268280949582,1.3703434982763545
0.34,0.1964760881371012,15,-3.991268280949582,1.3703434982763545
0.487,0.36416104646237146,15,-3.991268280949582,1.3703434982763545
0.665,0.5387083569730569,15,-3.991268280949582,1.3703434982763545
0.764,0.6212964394311449,15,-3.991268280949582,1.3703434982763545
1.023,0.8045414987741529,15,-3.991268280949582,1.3703434982763545
1.132,0.8863349984535555,15,-3.991268280949582,1.3703434982763545
1.133,0.8871387924370243,15,-3.991268280949582,1.3703434982763545
1.342,1.0800253228221213,15,-3.991268280949582,1.3703434982763545
1.465,1.2150557146633596,15,-3.991268280949582,1.3703434982763545
1.472,1.2231456740353501,15,-3.991268280949582,1.3703434982763545
2.086,2.0347958945524667,15,-3.991268280949582,1.3703434982763545
2.367,2.429207297529376,15,-3.991268280949582,1.3703434982763545
-1.917,0.5614891677051891,16,-1.505807855373869,-0.10454273292572569
-1.724,0.29948925205486615,16,-1.505807855373869,-0.10454273292572569
-1.426,-0.0753514577087722,16,-1.505807855373869,-0.10454273292572569
-1.119,-0.37084419674142494,16,-1.505807855373869,-0.10454273292572569
-1.015,-0.4391455088009727,16,-1.505807855373869,-0.10454273292572569
-0.935,-0.47866432022814065,16,-1.505807855373869,-0.10454273292572569
-0.927,-0.4819643227472197,16,-1.505807855373869,-0.10454273292572569
-0.807,-0.5170312740044273,16,-1.505807855373869,-0.10454273292572569
-0.803,-0.5177364427761214,16,-1.505807855373869,-0.10454273292572569
-0.803,-0.5177364427761214,16,-1.505807855373869,-0.10454273292572569
-0.793,-0.5193694936785512,16,-1.505807855373869,-0.10454273292572569
-0.702,-0.5259267713474552,16,-1.505807855373869,-0.10454273292572569
-0.576,-0.5118885251156177,16,-1.505807855373869,-0.10454273292572569
-0.455,-0.47613385992725743,16,-1.505807855373869,-0.10454273292572569
-0.432,-0.4671419898716875,16,-1.505807855373869,-0.10454273292572569
-0.265,-0.3839646873896812,16,-1.505807855373869,-0.10454273292572569
-0.262,-0.38221525097311726,16,-1.505807855373869,-0.10454273292572569
-0.182,-0.33275997680431235,16,-1.505807855373869,-0.10454273292572569
-0.178,-0.3301535628725045,16,-1.505807855373869,-0.10454273292572569
-0.021,-0.21926805233812854,16,-1.505807855373869,-0.10454273292572569
-0.015,-0.21473434520770535,16,-1.505807855373869,-0.10454273292572569
0.047,-0.16681933258232323,16,-1.505807855373869,-0.10454273292572569
0.055,-0.16050445406433736,16,-1.505807855373869,-0.10454273292572569
0.195,-0.04597241204862492,16,-1.505807855373869,-0.10454273292572569
0.222,-0.023160011891378965,16,-1.505807855373869,-0.10454273292572569
0.264,0.012675814092024987,16,-1.505807855373869,-0.10454273292572569
0.297,0.041083601956133614,16,-1.505807855373869,-0.10454273292572569
0.34,0.07835844381214015,16,-1.505807855373869,-0.10454273292572569
0.487,0.206819734557829,16,-1.505807855373869,-0.10454273292572569
0.665,0.3604885547570824,16,-1.505807855373869,-0.10454273292572569
0.764,0.44293974885298754,16,-1.505807855373869,-0.10454273292572569
1.023,0.6437263805377664,16,-1.505807855373869,-0.10454273292572569
1.132,0.7213844866617498,16,-1.505807855373869,-0.10454273292572569
1.133,0.7220775720156586,16,-1.505807855373869,-0.10454273292572569
1.342,0.8602267552201225,16,-1.505807855373869,-0.10454273292572569
1.465,0.9369128655038328,16,-1.505807855373869,-0.10454273292572569
1.472,0.9412109991361697,16,-1.505807855373869,-0.10454273292572569
2.086,1.2858588942515092,16,-1.505807855373869,-0.10454273292572569
2.367,1.4168626864162093,16,-1.505807855373869,-0.10454273292572569
-1.917,0.5989001879102817,17,-5.622386339892895,6.959742068113123
-1.724,0.42739605233958744,17,-5.622386339892895,6.959742068113123
-1.426,0.17877075006400958,17,-5.622386339892895,6.959742068113123
-1.119,-0.03576417370681608,17,-5.622386339892895,6.959742068113123
-1.015,-0.09465041135363335,17,-5.622386339892895,6.959742068113123
-0.935,-0.13419291230266214,17,-5.622386339892895,6.959742068113123
-0.927,-0.13785313498255716,17,-5.622386339892895,6.959742068113123
-0.807,-0.18598728474676085,17,-5.622386339892895,6.959742068113123
-0.803,-0.18736747368315979,17,-5.622386339892895,6.959742068113123
-0.803,-0.18736747368315979,17,-5.622386339892895,6.959742068113123
-0.793,-0.19075304420920186,17,-5.622386339892895,6.959742068113123
-0.702,-0.21727057708280284,17,-5.622386339892895,6.959742068113123
-0.576,-0.24106939910784222,17,-5.622386339892895,6.959742068113123
-0.455,-0.24960899752764396,17,-5.622386339892895,6.959742068113123
-0.432,-0.2496443130617145,17,-5.622386339892895,6.959742068113123
-0.265,-0.23508356526524596,17,-5.622386339892895,6.959742068113123
-0.262,-0.23459032922508366,17,-5.622386339892895,6.959742068113123
-0.182,-0.21854170342502752,17,-5.622386339892895,6.959742068113123
-0.178,-0.21759527413474208,17,-5.622386339892895,6.959742068113123
-0.021,-0.17025257942525548,17,-5.622386339892895,6.959742068113123
-0.015,-0.16806745189578354,17,-5.622386339892895,6.959742068113123
0.047,-0.14398055364250137,17,-5.622386339892895,6.959742068113123
0.055,-0.14067796553281903,17,-5.622386339892895,6.959742068113123
0.195,-0.07628792022236494,17,-5.622386339892895,6.959742068113123
0.222,-0.06254794543322971,17,-5.622386339892895,6.959742068113123
0.264,-0.04041198026447912,17,-5.622386339892895,6.959742068113123
0.297,-0.022405039352870984,17,-5.622386339892895,6.959742068113123
0.34,0.0018068274550665656,17,-5.622386339892895,6.959742068113123
0.487,0.08980552272302303,17,-5.622386339892895,6.959742068113123
0.665,0.20313933551391708,17,-5.622386339892895,6.959742068113123
0.764,0.26734200022163634,17,-5.622386339892895,6.959742068113123
1.023,0.4338732474580676,17,-5.622386339892895,6.959742068113123
1.132,0.5023203670677754,17,-5.622386339892895,6.959742068113123
1.133,0.5029422264126593,17,-5.622386339892895,6.959742068113123
1.342,0.6299849318990671,17,-5.622386339892895,6.959742068113123
1.465,0.7014934988951639,17,-5.622386339892895,6.959742068113123
1.472,0.7054783280095096,17,-5.622386339892895,6.959742068113123
2.086,1.0081437602785204,17,-5.622386339892895,6.959742068113123
2.367,1.112090160802662,17,-5.622386339892895,6.959742068113123
-1.917,1.056817483464075,18,-3.0732464551871748,0.21446609033234437
-1.724,0.7132730596581711,18,-3.0732464551871748,0.21446609033234437
-1.426,0.217251133639849,18,-3.0732464551871748,0.21446609033234437
-1.119,-0.19649361302092952,18,-3.0732464551871748,0.21446609033234437
-1.015,-0.3018167386266103,18,-3.0732464551871748,0.21446609033234437
-0.935,-0.3680804894444109,18,-3.0732464551871748,0.21446609033234437
-0.927,-0.37395586747747933,18,-3.0732464551871748,0.21446609033234437
-0.807,-0.44515832471033456,18,-3.0732464551871748,0.21446609033234437
-0.803,-0.4469813406840796,18,-3.0732464551871748,0.21446609033234437
-0.803,-0.4469813406840796,18,-3.0732464551871748,0.21446609033234437
-0.793,-0.45138288518728525,18,-3.0732464551871748,0.21446609033234437
-0.702,-0.48137534831797985,18,-3.0732464551871748,0.21446609033234437
-0.576,-0.4941341818896696,18,-3.0732464551871748,0.21446609033234437
-0.455,-0.47690422999388604,18,-3.0732464551871748,0.21446609033234437
-0.432,-0.4705573533417803,18,-3.0732464551871748,0.21446609033234437
-0.265,-0.3974115096086207,18,-3.0732464551871748,0.21446609033234437
-0.262,-0.39568695407786436,18,-3.0732464551871748,0.21446609033234437
-0.182,-0.3447865435447623,18,-3.0732464551871748,0.21446609033234437
-0.178,-0.3420013456544679,18,-3.0732464551871748,0.21446609033234437
-0.021,-0.21650468728769168,18,-3.0732464551871748,0.21446609033234437
-0.015,-0.21113557341784864,18,-3.0732464551871748,0.21446609033234437
0.047,-0.1535188084741961,18,-3.0732464551871748,0.21446609033234437
0.055,-0.14581870390198728,18,-3.0732464551871748,0.21446609033234437
0.195,-0.0032865108059088087,18,-3.0732464551871748,0.21446609033234437
0.222,0.025506124568260104,18,-3.0732464551871748,0.21446609033234437
0.264,0.07083442824346191,18,-3.0732464551871748,0.21446609033234437
0.297,0.10678938677575153,18,-3.0732464551871748,0.21446609033234437
0.34,0.15393623190700775,18,-3.0732464551871748,0.21446609033234437
0.487,0.3158314301468157,18,-3.0732464551871748,0.21446609033234437
0.665,0.5073133381386571,18,-3.0732464551871748,0.21446609033234437
0.764,0.6083520894224689,18,-3.0732464551871748,0.21446609033234437
1.023,0.8448707319260397,18,-3.0732464551871748,0.21446609033234437
1.132,0.9319563904020591,18,-3.0732464551871748,0.21446609033234437
1.133,0.932721936215912,18,-3.0732464551871748,0.21446609033234437
1.342,1.079727853447417,18,-3.0732464551871748,0.21446609033234437
1.465,1.1543242957108455,18,-3.0732464551871748,0.21446609033234437
1.472,1.1583078659332642,18,-3.0732464551871748,0.21446609033234437
2.086,1.3964256413281642,18,-3.0732464551871748,0.21446609033234437
2.367,1.4381081326374021,18,-3.0732464551871748,0.21446609033234437
-1.917,1.0634916600062816,19,-5.412090475996334,-2.3524240998484833
-1.724,0.6848602107950834,19,-5.412090475996334,-2.3524240998484833
-1.426,0.14163959725861316,19,-5.412090475996334,-2.3524240998484833
-1.119,-0.29971670741971035,19,-5.412090475996334,-2.3524240998484833
-1.015,-0.405823283282291,19,-5.412090475996334,-2.3524240998484833
-0.935,-0.4684675872015477,19,-5.412090475996334,-2.3524240998484833
-0.927,-0.47375866776425574,19,-5.412090475996334,-2.3524240998484833
-0.807,-0.530442829695652,19,-5.412090475996334,-2.3524240998484833
-0.803,-0.5315702633600652,19,-5.412090475996334,-2.3524240998484833
-0.803,-0.5315702633600652,19,-5.412090475996334,-2.3524240998484833
-0.793,-0.5341664415484575,19,-5.412090475996334,-2.3524240998484833
-0.702,-0.5436549860807968,19,-5.412090475996334,-2.3524240998484833
-0.576,-0.5182021109149898,19,-5.412090475996334,-2.3524240998484833
-0.455,-0.4576785459834511,19,-5.412090475996334,-2.3524240998484833
-0.432,-0.442848939006441,19,-5.412090475996334,-2.3524240998484833
-0.265,-0.3114201288532154,19,-5.412090475996334,-2.3524240998484833
-0.262,-0.3087590055144103,19,-5.412090475996334,-2.3524240998484833
-0.182,-0.2349947597727345,19,-5.412090475996334,-2.3524240998484833
-0.178,-0.23117443923208103,19,-5.412090475996334,-2.3524240998484833
-0.021,-0.07217428971984324,19,-5.412090475996334,-2.3524240998484833
-0.015,-0.06575415663631548,19,-5.412090475996334,-2.3524240998484833
0.047,0.0020598463613897043,19,-5.412090475996334,-2.3524240998484833
0.055,0.011009075405075126,19,-5.412090475996334,-2.3524240998484833
0.195,0.17524621173811544,19,-5.412090475996334,-2.3524240998484833
0.222,0.20861191588369898,19,-5.412090475996334,-2.3524240998484833
0.264,0.2615143169286593,19,-5.412090475996334,-2.3524240998484833
0.297,0.30377769073772515,19,-5.412090475996334,-2.3524240998484833
0.34,0.3595138834293015,19,-5.412090475996334,-2.3524240998484833
0.487,0.5516273817063947,19,-5.412090475996334,-2.3524240998484833
0.665,0.7719957827593353,19,-5.412090475996334,-2.3524240998484833
0.764,0.878546684599997,19,-5.412090475996334,-2.3524240998484833
1.023,1.0698777642830664,19,-5.412090475996334,-2.3524240998484833
1.132,1.107904522649259,19,-5.412090475996334,-2.3524240998484833
1.133,1.1081284173870765,19,-5.412090475996334,-2.3524240998484833
1.342,1.1121049464202961,19,-5.412090475996334,-2.3524240998484833
1.465,1.086403497405773,19,-5.412090475996334,-2.3524240998484833
1.472,1.084583409417268,19,-5.412090475996334,-2.3524240998484833
2.086,0.8418638088176219,19,-5.412090475996334,-2.3524240998484833
2.367,0.6997776654402077,19,-5.412090475996334,-2.3524240998484833
-1.917,0.07523878092987904,20,5.780926810839538,1.3925355301992417
-1.724,-0.08262227650141908,20,5.780926810839538,1.3925355301992417
-1.426,-0.30986414675897594,20,5.780926810839538,1.3925355301992417
-1.119,-0.49466788515250926,20,5.780926810839538,1.3925355301992417
-1.015,-0.5401145500130704,20,5.780926810839538,1.3925355301992417
-0.935,-0.5681106022894594,20,5.780926810839538,1.3925355301992417
-0.927,-0.5705633629139968,20,5.780926810839538,1.3925355301992417
-0.807,-0.5996989495412709,20,5.780926810839538,1.3925355301992417
-0.803,-0.6004244155811819,20,5.780926810839538,1.3925355301992417
-0.803,-0.6004244155811819,20,5.780926810839538,1.3925355301992417
-0.793,-0.602169277782276,20,5.780926810839538,1.3925355301992417
-0.702,-0.6136184629301739,20,5.780926810839538,1.3925355301992417
-0.576,-0.6168843915820595,20,5.780926810839538,1.3925355301992417
-0.455,-0.6072611350203181,20,5.780926810839538,1.3925355301992417
-0.432,-0.6041005734672276,20,5.780926810839538,1.3925355301992417
-0.265,-0.5691139952093968,20,5.780926810839538,1.3925355301992417
-0.262,-0.568298330329996,20,5.780926810839538,1.3925355301992417
-0.182,-0.5442071646292626,20,5.780926810839538,1.3925355301992417
-0.178,-0.5428854995947411,20,5.780926810839538,1.3925355301992417
-0.021,-0.4824473265957866,20,5.780926810839538,1.3925355301992417
-0.015,-0.4798125183722788,20,5.780926810839538,1.3925355301992417
0.047,-0.45122862994588925,20,5.780926810839538,1.3925355301992417
0.055,-0.447362730710987,20,5.780926810839538,1.3925355301992417
0.195,-0.37350540879360045,20,5.780926810839538,1.3925355301992417
0.222,-0.3579892541347266,20,5.780926810839538,1.3925355301992417
0.264,-0.3331038659978324,20,5.780926810839538,1.3925355301992417
0.297,-0.31294553066298036,20,5.780926810839538,1.3925355301992417
0.34,-0.28593773410034357,20,5.780926810839538,1.3925355301992417
0.487,-0.1882909218968857,20,5.780926810839538,1.3925355301992417
0.665,-0.062480639462191144,20,5.780926810839538,1.3925355301992417
0.764,0.00931571974062931,20,5.780926810839538,1.3925355301992417
1.023,0.20170866949777327,20,5.780926810839538,1.3925355301992417
1.132,0.285669818944617,20,5.780926810839538,1.3925355301992417
1.133,0.28645038887450397,20,5.780926810839538,1.3925355301992417
1.342,0.453593909626833,20,5.780926810839538,1.3925355301992417
1.465,0.5552455085200535,20,5.780926810839538,1.3925355301992417
1.472,0.5610937371115623,20,5.780926810839538,1.3925355301992417
2.086,1.0782262293664007,20,5.780926810839538,1.3925355301992417
2.367,1.302334388085763,20,5.780926810839538,1.3925355301992417
-1.917,0.3428227604017226,21,-1.3565299350616469,-1.1271301722206675
-1.724,0.1277438402710935,21,-1.3565299350616469,-1.1271301722206675
-1.426,-0.1777805763587487,21,-1.3565299350616469,-1.1271301722206675
-1.119,-0.4159314134897625,21,-1.3565299350616469,-1.1271301722206675
-1.015,-0.47026748658784645,21,-1.3565299350616469,-1.1271301722206675
-0.935,-0.5014331570439684,21,-1.3565299350616469,-1.1271301722206675
-0.927,-0.5040212461650095,21,-1.3565299350616469,-1.1271301722206675
-0.807,-0.5311468412658913,21,-1.3565299350616469,-1.1271301722206675
-0.803,-0.5316742297731776,21,-1.3565299350616469,-1.1271301722206675
-0.803,-0.5316742297731776,21,-1.3565299350616469,-1.1271301722206675
-0.793,-0.5328867493973174,21,-1.3565299350616469,-1.1271301722206675
-0.702,-0.5370871882669919,21,-1.3565299350616469,-1.1271301722206675
-0.576,-0.5234150030591953,21,-1.3565299350616469,-1.1271301722206675
-0.455,-0.49037549697761357,21,-1.3565299350616469,-1.1271301722206675
-0.432,-0.4820189347940075,21,-1.3565299350616469,-1.1271301722206675
-0.265,-0.4030250657554701,21,-1.3565299350616469,-1.1271301722206675
-0.262,-0.40132808971725653,21,-1.3565299350616469,-1.1271301722206675
-0.182,-0.3527354633693618,21,-1.3565299350616469,-1.1271301722206675
-0.178,-0.35014172897730905,21,-1.3565299350616469,-1.1271301722206675
-0.021,-0.23705445552923934,21,-1.3565299350616469,-1.1271301722206675
-0.015,-0.23232505987954263,21,-1.3565299350616469,-1.1271301722206675
0.047,-0.1818701585161823,21,-1.3565299350616469,-1.1271301722206675
0.055,-0.17515769832013633,21,-1.3565299350616469,-1.1271301722206675
0.195,-0.05112257193647404,21,-1.3565299350616469,-1.1271301722206675
0.222,-0.025944954860095463,21,-1.3565299350616469,-1.1271301722206675
0.264,0.01388712940532403,21,-1.3565299350616469,-1.1271301722206675
0.297,0.04568631534492526,21,-1.3565299350616469,-1.1271301722206675
0.34,0.08768185964540118,21,-1.3565299350616469,-1.1271301722206675
0.487,0.23434955193706228,21,-1.3565299350616469,-1.1271301722206675
0.665,0.4127887291423366,21,-1.3565299350616469,-1.1271301722206675
0.764,0.5096641976462453,21,-1.3565299350616469,-1.1271301722206675
1.023,0.7460122033001066,21,-1.3565299350616469,-1.1271301722206675
1.132,0.8363593747150277,21,-1.3565299350616469,-1.1271301722206675
1.133,0.8371619781022509,21,-1.3565299350616469,-1.1271301722206675
1.342,0.9955280512664878,21,-1.3565299350616469,-1.1271301722206675
1.465,1.081424265229969,21,-1.3565299350616469,-1.1271301722206675
1.472,1.0861820955384456,21,-1.3565299350616469,-1.1271301722206675
2.086,1.4563633612109408,21,-1.3565299350616469,-1.1271301722206675
2.367,1.5997768152715175,21,-1.3565299350616469,-1.1271301722206675
-1.917,0.8926472341390166,22,4.5753889070653955,-0.09567758588714151
-1.724,0.5719897733581575,22,4.5753889070653955,-0.09567758588714151
-1.426,0.10383829194660925,22,4.5753889070653955,-0.09567758588714151
-1.119,-0.30042964059529326,22,4.5753889070653955,-0.09567758588714151
-1.015,-0.40813483919941845,22,4.5753889070653955,-0.09567758588714151
-0.935,-0.47839887810910003,22,4.5753889070653955,-0.09567758588714151
-0.927,-0.48479340805118454,22,4.5753889070653955,-0.09567758588714151
-0.807,-0.5666307802573106,22,4.5753889070653955,-0.09567758588714151
-0.803,-0.5689027650311205,22,4.5753889070653955,-0.09567758588714151
-0.803,-0.5689027650311205,22,4.5753889070653955,-0.09567758588714151
-0.793,-0.574453843462848,22,4.5753889070653955,-0.09567758588714151
-0.702,-0.6166332086609594,22,4.5753889070653955,-0.09567758588714151
-0.576,-0.6510574803277717,22,4.5753889070653955,-0.09567758588714151
-0.455,-0.6593147497385338,22,4.5753889070653955,-0.09567758588714151
-0.432,-0.6582829086481443,22,4.5753889070653955,-0.09567758588714151
-0.265,-0.6273315783268506,22,4.5753889070653955,-0.09567758588714151
-0.262,-0.6264110222695173,22,4.5753889070653955,-0.09567758588714151
-0.182,-0.5972952402062839,22,4.5753889070653955,-0.09567758588714151
-0.178,-0.5956103896116244,22,4.5753889070653955,-0.09567758588714151
-0.021,-0.5125125464504365,22,4.5753889070653955,-0.09567758588714151
-0.015,-0.5086853649960791,22,4.5753889070653955,-0.09567758588714151
0.047,-0.46636701970660155,22,4.5753889070653955,-0.09567758588714151
0.055,-0.46054103802698443,22,4.5753889070653955,-0.09567758588714151
0.195,-0.34565801919555567,22,4.5753889070653955,-0.09567758588714151
0.222,-0.3208258146472947,22,4.5753889070653955,-0.09567758588714151
0.264,-0.2805833275908526,22,4.5753889070653955,-0.09567758588714151
0.297,-0.24763244866957332,22,4.5753889070653955,-0.09567758588714151
0.34,-0.20303275028447124,22,4.5753889070653955,-0.09567758588714151
0.487,-0.03820662679374772,22,4.5753889070653955,-0.09567758588714151
0.665,0.17999637842790864,22,4.5753889070653955,-0.09567758588714151
0.764,0.30642875279060977,22,4.5753889070653955,-0.09567758588714151
1.023,0.6383959723151539,22,4.5753889070653955,-0.09567758588714151
1.132,0.772611168388403,22,4.5753889070653955,-0.09567758588714151
1.133,0.7738144099441467,22,4.5753889070653955,-0.09567758588714151
1.342,1.0131037206781437,22,4.5753889070653955,-0.09567758588714151
1.465,1.1434206323968548,22,4.5753889070653955,-0.09567758588714151
1.472,1.1506216846516903,22,4.5753889070653955,-0.09567758588714151
2.086,1.697220566072546,22,4.5753889070653955,-0.09567758588714151
2.367,1.89865754845261,22,4.5753889070653955,-0.09567758588714151
-1.917,1.2302755071576648,23,-2.7304884230047506,5.921580285429434
-1.724,0.8578872305473617,23,-2.7304884230047506,5.921580285429434
-1.426,0.34130482546550805,23,-2.7304884230047506,5.921580285429434
-1.119,-0.07073001944784113,23,-2.7304884230047506,5.921580285429434
-1.015,-0.17798995977491927,23,-2.7304884230047506,5.921580285429434
-0.935,-0.24838636848504853,23,-2.7304884230047506,5.921580285429434
-0.927,-0.25480033828156445,23,-2.7304884230047506,5.921580285429434
-0.807,-0.3359348179689747,23,-2.7304884230047506,5.921580285429434
-0.803,-0.33812331857698075,23,-2.7304884230047506,5.921580285429434
-0.803,-0.33812331857698075,23,-2.7304884230047506,5.921580285429434
-0.793,-0.34344083208424203,23,-2.7304884230047506,5.921580285429434
-0.702,-0.38177545256814754,23,-2.7304884230047506,5.921580285429434
-0.576,-0.4055883886861962,23,-2.7304884230047506,5.921580285429434
-0.455,-0.39813997691294695,23,-2.7304884230047506,5.921580285429434
-0.432,-0.3936942846662331,23,-2.7304884230047506,5.921580285429434
-0.265,-0.33752840280351665,23,-2.7304884230047506,5.921580285429434
-0.262,-0.33619105947725386,23,-2.7304884230047506,5.921580285429434
-0.182,-0.29719085187136024,23,-2.7304884230047506,5.921580285429434
-0.178,-0.2950884417587664,23,-2.7304884230047506,5.921580285429434
-0.021,-0.20281592634902887,23,-2.7304884230047506,5.921580285429434
-0.015,-0.19893428193603116,23,-2.7304884230047506,5.921580285429434
0.047,-0.1574803428790258,23,-2.7304884230047506,5.921580285429434
0.055,-0.15196818253513614,23,-2.7304884230047506,5.921580285429434
0.195,-0.0522285843739872,23,-2.7304884230047506,5.921580285429434
0.222,-0.03288286430439257,23,-2.7304884230047506,5.921580285429434
0.264,-0.0031856550927435376,23,-2.7304884230047506,5.921580285429434
0.297,0.01960624945854715,23,-2.7304884230047506,5.921580285429434
0.34,0.04829951529510697,23,-2.7304884230047506,5.921580285429434
0.487,0.1337800828664923,23,-2.7304884230047506,5.921580285429434
0.665,0.2009034790527951,23,-2.7304884230047506,5.921580285429434
0.764,0.21986072954367425,23,-2.7304884230047506,5.921580285429434
1.023,0.2335413609498914,23,-2.7304884230047506,5.921580285429434
1.132,0.23960477030231142,23,-2.7304884230047506,5.921580285429434
1.133,0.2396905671255907,23,-2.7304884230047506,5.921580285429434
1.342,0.2692533664160099,23,-2.7304884230047506,5.921580285429434
1.465,0.29290031917809767,23,-2.7304884230047506,5.921580285429434
1.472,0.2942816968567927,23,-2.7304884230047506,5.921580285429434
2.086,0.41544825324508555,23,-2.7304884230047506,5.921580285429434
2.367,0.47090070006121054,23,-2.7304884230047506,5.921580285429434
-1.917,0.06973918439809045,24,8.433593167118664,0.30316907635434326
-1.724,-0.07564278506236415,24,8.433593167118664,0.30316907635434326
-1.426,-0.30001982017749557,24,8.433593167118664,0.30316907635434326
-1.119,-0.5178834371058028,24,8.433593167118664,0.30316907635434326
-1.015,-0.5780611586198288,24,8.433593167118664,0.30316907635434326
-0.935,-0.616685896732514,24,8.433593167118664,0.30316907635434326
-0.927,-0.6201298221914183,24,8.433593167118664,0.30316907635434326
-0.807,-0.6623617420406507,24,8.433593167118664,0.30316907635434326
-0.803,-0.6634719632740588,24,8.433593167118664,0.30316907635434326
-0.803,-0.6634719632740588,24,8.433593167118664,0.30316907635434326
-0.793,-0.6661658903203639,24,8.433593167118664,0.30316907635434326
-0.702,-0.6856724108447309,24,8.433593167118664,0.30316907635434326
-0.576,-0.699854232093539,24,8.433593167118664,0.30316907635434326
-0.455,-0.7020014191628233,24,8.433593167118664,0.30316907635434326
-0.432,-0.7013493409046583,24,8.433593167118664,0.30316907635434326
-0.265,-0.6859771807416852,24,8.433593167118664,0.30316907635434326
-0.262,-0.6854947725819551,24,8.433593167118664,0.30316907635434326
-0.182,-0.6693356137258208,24,8.433593167118664,0.30316907635434326
-0.178,-0.6683501908022472,24,8.433593167118664,0.30316907635434326
-0.021,-0.6136599186479541,24,8.433593167118664,0.30316907635434326
-0.015,-0.6108724794580009,24,8.433593167118664,0.30316907635434326
0.047,-0.5787230414141169,24,8.433593167118664,0.30316907635434326
0.055,-0.5741254374976157,24,8.433593167118664,0.30316907635434326
0.195,-0.47654654540517594,24,8.433593167118664,0.30316907635434326
0.222,-0.45392252120733106,24,8.433593167118664,0.30316907635434326
0.264,-0.416358739263596,24,8.433593167118664,0.30316907635434326
0.297,-0.3849423315761745,24,8.433593167118664,0.30316907635434326
0.34,-0.34181076684658157,24,8.433593167118664,0.30316907635434326
0.487,-0.18263992964249387,24,8.433593167118664,0.30316907635434326
0.665,0.009888403814824873,24,8.433593167118664,0.30316907635434326
0.764,0.10438579866949561,24,8.433593167118664,0.30316907635434326
1.023,0.3020076086007569,24,8.433593167118664,0.30316907635434326
1.132,0.3735647314403567,24,8.433593167118664,0.30316907635434326
1.133,0.37420912498264597,24,8.433593167118664,0.30316907635434326
1.342,0.5014664659083246,24,8.433593167118664,0.30316907635434326
1.465,0.5627446794298111,24,8.433593167118664,0.30316907635434326
1.472,0.5657676435349537,24,8.433593167118664,0.30316907635434326
2.086,0.6605118776374376,24,8.433593167118664,0.30316907635434326
2.367,0.6402564173449301,24,8.433593167118664,0.30316907635434326
-1.917,1.2360372618197255,25,9.965073304519796,1.2293537025521564
-1.724,0.8017420197342701,25,9.965073304519796,1.2293537025521564
-1.426,0.15603714953406425,25,9.965073304519796,1.2293537025521564
-1.119,-0.40221167171253,25,9.965073304519796,1.2293537025521564
-1.015,-0.5451199727019742,25,9.965073304519796,1.2293537025521564
-0.935,-0.6335538442009703,25,9.965073304519796,1.2293537025521564
-0.927,-0.641264980664395,25,9.965073304519796,1.2293537025521564
-0.807,-0.7306650492059628,25,9.965073304519796,1.2293537025521564
-0.803,-0.7327748117157369,25,9.965073304519796,1.2293537025521564
-0.803,-0.7327748117157369,25,9.965073304519796,1.2293537025521564
-0.793,-0.7377990216108113,25,9.965073304519796,1.2293537025521564
-0.702,-0.7681081510330813,25,9.965073304519796,1.2293537025521564
-0.576,-0.7714496792337103,25,9.965073304519796,1.2293537025521564
-0.455,-0.7444726052815422,25,9.965073304519796,1.2293537025521564
-0.432,-0.7371415930745695,25,9.965073304519796,1.2293537025521564
-0.265,-0.6746132261874951,25,9.965073304519796,1.2293537025521564
-0.262,-0.6734459198102617,25,9.965073304519796,1.2293537025521564
-0.182,-0.6430146066464006,25,9.965073304519796,1.2293537025521564
-0.178,-0.6415324013427952,25,9.965073304519796,1.2293537025521564
-0.021,-0.58563753131432,25,9.965073304519796,1.2293537025521564
-0.015,-0.5835524690202734,25,9.965073304519796,1.2293537025521564
0.047,-0.5620184772435078,25,9.965073304519796,1.2293537025521564
0.055,-0.5592330707086935,25,9.965073304519796,1.2293537025521564
0.195,-0.5099916637757416,25,9.965073304519796,1.2293537025521564
0.222,-0.500394025885895,25,9.965073304519796,1.2293537025521564
0.264,-0.4854011364063797,25,9.965073304519796,1.2293537025521564
0.297,-0.47356556966804203,25,9.965073304519796,1.2293537025521564
0.34,-0.4580680686283677,25,9.965073304519796,1.2293537025521564
0.487,-0.40321142789455827,25,9.965073304519796,1.2293537025521564
0.665,-0.32496813894947674,25,9.965073304519796,1.2293537025521564
0.764,-0.2709871955113756,25,9.965073304519796,1.2293537025521564
1.023,-0.058701548473789215,25,9.965073304519796,1.2293537025521564
1.132,0.0765354429305097,25,9.965073304519796,1.2293537025521564
1.133,0.07793485042566956,25,9.965073304519796,1.2293537025521564
1.342,0.43088698859447266,25,9.965073304519796,1.2293537025521564
1.465,0.6838834039526315,25,9.965073304519796,1.2293537025521564
1.472,0.6989720386645509,25,9.965073304519796,1.2293537025521564
2.086,2.1760665362802993,25,9.965073304519796,1.2293537025521564
2.367,2.8866186442484834,25,9.965073304519796,1.2293537025521564
-1.917,-0.11803550621576366,26,-9.487072636950892e-4,-6.061611982117323
-1.724,-0.28759496692738085,26,-9.487072636950892e-4,-6.061611982117323
-1.426,-0.5252290163889956,26,-9.487072636950892e-4,-6.061611982117323
-1.119,-0.6958558442056134,26,-9.487072636950892e-4,-6.061611982117323
-1.015,-0.7274751012543218,26,-9.487072636950892e-4,-6.061611982117323
-0.935,-0.7406897327281682,26,-9.487072636950892e-4,-6.061611982117323
-0.927,-0.741446085684125,26,-9.487072636950892e-4,-6.061611982117323
-0.807,-0.7398891814030393,26,-9.487072636950892e-4,-6.061611982117323
-0.803,-0.7394109106187275,26,-9.487072636950892e-4,-6.061611982117323
-0.803,-0.7394109106187275,26,-9.487072636950892e-4,-6.061611982117323
-0.793,-0.7380925978841945,26,-9.487072636950892e-4,-6.061611982117323
-0.702,-0.7181787779024967,26,-9.487072636950892e-4,-6.061611982117323
-0.576,-0.6679240075353485,26,-9.487072636950892e-4,-6.061611982117323
-0.455,-0.5965545906512015,26,-9.487072636950892e-4,-6.061611982117323
-0.432,-0.5806568049445834,26,-9.487072636950892e-4,-6.061611982117323
-0.265,-0.4463331338080101,26,-9.487072636950892e-4,-6.061611982117323
-0.262,-0.44365364506736665,26,-9.487072636950892e-4,-6.061611982117323
-0.182,-0.3693154719357985,26,-9.487072636950892e-4,-6.061611982117323
-0.178,-0.36546131880195387,26,-9.487072636950892e-4,-6.061611982117323
-0.021,-0.20544000723003109,26,-9.487072636950892e-4,-6.061611982117323
-0.015,-0.19902473045517974,26,-9.487072636950892e-4,-6.061611982117323
0.047,-0.1316495069873834,26,-9.487072636950892e-4,-6.061611982117323
0.055,-0.12281959976294743,26,-9.487072636950892e-4,-6.061611982117323
0.195,0.035942734819142896,26,-9.487072636950892e-4,-6.061611982117323
0.222,0.06733448991986109,26,-9.487072636950892e-4,-6.061611982117323
0.264,0.1165213474907332,26,-9.487072636950892e-4,-6.061611982117323
0.297,0.15538333455247674,26,-9.487072636950892e-4,-6.061611982117323
0.34,0.20616747984691502,26,-9.487072636950892e-4,-6.061611982117323
0.487,0.37879050160299704,26,-9.487072636950892e-4,-6.061611982117323
0.665,0.5781243416184917,26,-9.487072636950892e-4,-6.061611982117323
0.764,0.6803338372923913,26,-9.487072636950892e-4,-6.061611982117323
1.023,0.9088337911964749,26,-9.487072636950892e-4,-6.061611982117323
1.132,0.9870716841316944,26,-9.487072636950892e-4,-6.061611982117323
1.133,0.9877383516795617,26,-9.487072636950892e-4,-6.061611982117323
1.342,1.1076992705851527,26,-9.487072636950892e-4,-6.061611982117323
1.465,1.1621251108331585,26,-9.487072636950892e-4,-6.061611982117323
1.472,1.1649040922149978,26,-9.487072636950892e-4,-6.061611982117323
2.086,1.3009717780898897,26,-9.487072636950892e-4,-6.061611982117323
2.367,1.3138131105501403,26,-9.487072636950892e-4,-6.061611982117323
-1.917,0.8437215227629511,27,1.268980866452945,2.7052149067064093
-1.724,0.5162116926132035,27,1.268980866452945,2.7052149067064093
-1.426,0.05501823173165702,27,1.268980866452945,2.7052149067064093
-1.119,-0.31034997801117903,27,1.268980866452945,2.7052149067064093
-1.015,-0.39835549522295616,27,1.268980866452945,2.7052149067064093
-0.935,-0.45131243330094406,27,1.268980866452945,2.7052149067064093
-0.927,-0.45587179659805727,27,1.268980866452945,2.7052149067064093
-0.807,-0.5080790886879252,27,1.268980866452945,2.7052149067064093
-0.803,-0.5093007648388508,27,1.268980866452945,2.7052149067064093
-0.803,-0.5093007648388508,27,1.268980866452945,2.7052149067064093
-0.793,-0.5122100848594393,27,1.268980866452945,2.7052149067064093
-0.702,-0.5294944536511219,27,1.268980866452945,2.7052149067064093
-0.576,-0.528282345450325,27,1.268980866452945,2.7052149067064093
-0.455,-0.5033768229114901,27,1.268980866452945,2.7052149067064093
-0.432,-0.49639187883087604,27,1.268980866452945,2.7052149067064093
-0.265,-0.42878530978200274,27,1.268980866452945,2.7052149067064093
-0.262,-0.4273487983948326,27,1.268980866452945,2.7052149067064093
-0.182,-0.38698648409847786,27,1.268980866452945,2.7052149067064093
-0.178,-0.38487906997279925,27,1.268980866452945,2.7052149067064093
-0.021,-0.2982149830972154,27,1.268980866452945,2.7052149067064093
-0.015,-0.29482038393723553,27,1.268980866452945,2.7052149067064093
0.047,-0.25977254116480664,27,1.268980866452945,2.7052149067064093
0.055,-0.2552690864116069,27,1.268980866452945,2.7052149067064093
0.195,-0.17856690589457513,27,1.268980866452945,2.7052149067064093
0.222,-0.16448061030506467,27,1.268980866452945,2.7052149067064093
0.264,-0.1431934649688467,27,1.268980866452945,2.7052149067064093
0.297,-0.1270482423713292,27,1.268980866452945,2.7052149067064093
0.34,-0.10681273222691563,27,1.268980866452945,2.7052149067064093
0.487,-0.043945845994428016,27,1.268980866452945,2.7052149067064093
0.665,0.024036625332809137,27,1.268980866452945,2.7052149067064093
0.764,0.06260519910250538,27,1.268980866452945,2.7052149067064093
1.023,0.19480486656752136,27,1.268980866452945,2.7052149067064093
1.132,0.2752351152000866,27,1.268980866452945,2.7052149067064093
1.133,0.2760601553257004,27,1.268980866452945,2.7052149067064093
1.342,0.48180782257381344,27,1.268980866452945,2.7052149067064093
1.465,0.629415857319778,27,1.268980866452945,2.7052149067064093
1.472,0.638305860944232,27,1.268980866452945,2.7052149067064093
2.086,1.5444106595582319,27,1.268980866452945,2.7052149067064093
2.367,1.9875124641327537,27,1.268980866452945,2.7052149067064093
-1.917,-0.0653169754800819,28,-0.46460396844904156,-1.1129477345601706
-1.724,-0.19179100263958307,28,-0.46460396844904156,-1.1129477345601706
-1.426,-0.3870721430205839,28,-0.46460396844904156,-1.1129477345601706
-1.119,-0.5676462662712984,28,-0.46460396844904156,-1.1129477345601706
-1.015,-0.6069628841314694,28,-0.46460396844904156,-1.1129477345601706
-0.935,-0.6245332228976903,28,-0.46460396844904156,-1.1129477345601706
-0.927,-0.6255880191428507,28,-0.46460396844904156,-1.1129477345601706
-0.807,-0.624333910110604,28,-0.46460396844904156,-1.1129477345601706
-0.803,-0.6237105025367488,28,-0.46460396844904156,-1.1129477345601706
-0.803,-0.6237105025367488,28,-0.46460396844904156,-1.1129477345601706
-0.793,-0.6219807444246858,28,-0.46460396844904156,-1.1129477345601706
-0.702,-0.5957713436889464,28,-0.46460396844904156,-1.1129477345601706
-0.576,-0.5339613936920652,28,-0.46460396844904156,-1.1129477345601706
-0.455,-0.45588063734793305,28,-0.46460396844904156,-1.1129477345601706
-0.432,-0.4397773486631988,28,-0.46460396844904156,-1.1129477345601706
-0.265,-0.32078119783518033,28,-0.46460396844904156,-1.1129477345601706
-0.262,-0.31871664731224775,28,-0.46460396844904156,-1.1129477345601706
-0.182,-0.2661384431603304,28,-0.46460396844904156,-1.1129477345601706
-0.178,-0.2636525380021728,28,-0.46460396844904156,-1.1129477345601706
-0.021,-0.17585575665867306,28,-0.46460396844904156,-1.1129477345601706
-0.015,-0.17278764069457997,28,-0.46460396844904156,-1.1129477345601706
0.047,-0.14172929499873477,28,-0.46460396844904156,-1.1129477345601706
0.055,-0.13777251008256539,28,-0.46460396844904156,-1.1129477345601706
0.195,-0.06667502035892617,28,-0.46460396844904156,-1.1129477345601706
0.222,-0.05188097054834387,28,-0.46460396844904156,-1.1129477345601706
0.264,-0.02778582197769922,28,-0.46460396844904156,-1.1129477345601706
0.297,-0.007926989028148482,28,-0.46460396844904156,-1.1129477345601706
0.34,0.019022374337171404,28,-0.46460396844904156,-1.1129477345601706
0.487,0.11564449812998848,28,-0.46460396844904156,-1.1129477345601706
0.665,0.22744570408675294,28,-0.46460396844904156,-1.1129477345601706
0.764,0.2824053228120569,28,-0.46460396844904156,-1.1129477345601706
1.023,0.424182867163054,28,-0.46460396844904156,-1.1129477345601706
1.132,0.501250499586344,28,-0.46460396844904156,-1.1129477345601706
1.133,0.502035759786441,28,-0.46460396844904156,-1.1129477345601706
1.342,0.6955936816636246,28,-0.46460396844904156,-1.1129477345601706
1.465,0.8301194865530704,28,-0.46460396844904156,-1.1129477345601706
1.472,0.8380148006468506,28,-0.46460396844904156,-1.1129477345601706
2.086,1.474431587983267,28,-0.46460396844904156,-1.1129477345601706
2.367,1.6496592017375755,28,-0.46460396844904156,-1.1129477345601706
-1.917,1.0627915312381397,29,9.299724306303228,6.555582723344899
-1.724,0.7392808275715458,29,9.299724306303228,6.555582723344899
-1.426,0.23976689134023524,29,9.299724306303228,6.555582723344899
-1.119,-0.24978175514298365,29,9.299724306303228,6.555582723344899
-1.015,-0.3890509400598481,29,9.299724306303228,6.555582723344899
-0.935,-0.4807608576397684,29,9.299724306303228,6.555582723344899
-0.927,-0.4890751106982575,29,9.299724306303228,6.555582723344899
-0.807,-0.5925749434971971,29,9.299724306303228,6.555582723344899
-0.803,-0.5952937578630609,29,9.299724306303228,6.555582723344899
-0.803,-0.5952937578630609,29,9.299724306303228,6.555582723344899
-0.793,-0.6018716633614623,29,9.299724306303228,6.555582723344899
-0.702,-0.6474658874060903,29,9.299724306303228,6.555582723344899
-0.576,-0.6708353238937484,29,9.299724306303228,6.555582723344899
-0.455,-0.6587102284157801,29,9.299724306303228,6.555582723344899
-0.432,-0.6537309958425989,29,9.299724306303228,6.555582723344899
-0.265,-0.607597156498058,29,9.299724306303228,6.555582723344899
-0.262,-0.606771520298069,29,9.299724306303228,6.555582723344899
-0.182,-0.5869403696017627,29,9.299724306303228,6.555582723344899
-0.178,-0.5860748541251923,29,9.299724306303228,6.555582723344899
-0.021,-0.5618067266928775,29,9.299724306303228,6.555582723344899
-0.015,-0.5612233789677569,29,9.299724306303228,6.555582723344899
0.047,-0.5562912404834702,29,9.299724306303228,6.555582723344899
0.055,-0.5557605709675877,29,9.299724306303228,6.555582723344899
0.195,-0.5462812686675188,29,9.299724306303228,6.555582723344899
0.222,-0.5436810260626416,29,9.299724306303228,6.555582723344899
0.264,-0.5387502612665026,29,9.299724306303228,6.555582723344899
0.297,-0.5340790020140412,29,9.299724306303228,6.555582723344899
0.34,-0.5270568593566797,29,9.299724306303228,6.555582723344899
0.487,-0.4991497343677408,29,9.299724306303228,6.555582723344899
0.665,-0.4718863379067315,29,9.299724306303228,6.555582723344899
0.764,-0.4626355306516021,29,9.299724306303228,6.555582723344899
1.023,-0.4253756224334612,29,9.299724306303228,6.555582723344899
1.132,-0.38698377537319234,29,9.299724306303228,6.555582723344899
1.133,-0.38653230502823865,29,9.299724306303228,6.555582723344899
1.342,-0.2572845356844209,29,9.299724306303228,6.555582723344899
1.465,-0.16238333871084498,29,9.299724306303228,6.555582723344899
1.472,-0.15687147617513936,29,9.299724306303228,6.555582723344899
2.086,0.32816184286421474,29,9.299724306303228,6.555582723344899
2.367,0.55072352459089,29,9.299724306303228,6.555582723344899
-1.917,-0.22116792995925125,30,0.6368294957792912,-5.485144099959527
-1.724,-0.34114718962409235,30,0.6368294957792912,-5.485144099959527
-1.426,-0.5182126045426113,30,0.6368294957792912,-5.485144099959527
-1.119,-0.6487353674575973,30,0.6368294957792912,-5.485144099959527
-1.015,-0.6716413643123899,30,0.6368294957792912,-5.485144099959527
-0.935,-0.6797545550240208,30,0.6368294957792912,-5.485144099959527
-0.927,-0.6800779846489058,30,0.6368294957792912,-5.485144099959527
-0.807,-0.6738271356715645,30,0.6368294957792912,-5.485144099959527
-0.803,-0.6732536500269857,30,0.6368294957792912,-5.485144099959527
-0.803,-0.6732536500269857,30,0.6368294957792912,-5.485144099959527
-0.793,-0.6717155418308822,30,0.6368294957792912,-5.485144099959527
-0.702,-0.651199297629709,30,0.6368294957792912,-5.485144099959527
-0.576,-0.606096011276871,30,0.6368294957792912,-5.485144099959527
-0.455,-0.5499555940013975,30,0.6368294957792912,-5.485144099959527
-0.432,-0.538388486631397,30,0.6368294957792912,-5.485144099959527
-0.265,-0.4506594534107928,30,0.6368294957792912,-5.485144099959527
-0.262,-0.44906617486407324,30,0.6368294957792912,-5.485144099959527
-0.182,-0.4068029089566987,30,0.6368294957792912,-5.485144099959527
-0.178,-0.4046982158328297,30,0.6368294957792912,-5.485144099959527
-0.021,-0.3179521658350948,30,0.6368294957792912,-5.485144099959527
-0.015,-0.3142912146263752,30,0.6368294957792912,-5.485144099959527
0.047,-0.2738597492562333,30,0.6368294957792912,-5.485144099959527
0.055,-0.2682441488575988,30,0.6368294957792912,-5.485144099959527
0.195,-0.15126052577794444,30,0.6368294957792912,-5.485144099959527
0.222,-0.12405044601850918,30,0.6368294957792912,-5.485144099959527
0.264,-0.07849488057164077,30,0.6368294957792912,-5.485144099959527
0.297,-0.03995760391730772,30,0.6368294957792912,-5.485144099959527
0.34,0.013859124059195975,30,0.6368294957792912,-5.485144099959527
0.487,0.22536993131009492,30,0.6368294957792912,-5.485144099959527
0.665,0.5183869082569138,30,0.6368294957792912,-5.485144099959527
0.764,0.6876746703738019,30,0.6368294957792912,-5.485144099959527
1.023,1.1119284312237794,30,0.6368294957792912,-5.485144099959527
1.132,1.2705650711537209,30,0.6368294957792912,-5.485144099959527
1.133,1.271942233802381,30,0.6368294957792912,-5.485144099959527
1.342,1.5228495694354338,30,0.6368294957792912,-5.485144099959527
1.465,1.6315411924224124,30,0.6368294957792912,-5.485144099959527
1.472,1.6367536144905488,30,0.6368294957792912,-5.485144099959527
2.086,1.5897506000492623,30,0.6368294957792912,-5.485144099959527
2.367,1.2119781301454837,30,0.6368294957792912,-5.485144099959527
-1.917,0.5472046053710954,31,-2.0119670789058905,-1.5905647568462655
-1.724,0.25006642017016756,31,-2.0119670789058905,-1.5905647568462655
-1.426,-0.13649336387941746,31,-2.0119670789058905,-1.5905647568462655
-1.119,-0.4018382637553975,31,-2.0119670789058905,-1.5905647568462655
-1.015,-0.4550702922000267,31,-2.0119670789058905,-1.5905647568462655
-0.935,-0.4831251073569132,31,-2.0119670789058905,-1.5905647568462655
-0.927,-0.48533792087471617,31,-2.0119670789058905,-1.5905647568462655
-0.807,-0.5063336595042086,31,-2.0119670789058905,-1.5905647568462655
-0.803,-0.5066554102340883,31,-2.0119670789058905,-1.5905647568462655
-0.803,-0.5066554102340883,31,-2.0119670789058905,-1.5905647568462655
-0.793,-0.5073575775524084,31,-2.0119670789058905,-1.5905647568462655
-0.702,-0.5072781169259875,31,-2.0119670789058905,-1.5905647568462655
-0.576,-0.4894856100719092,31,-2.0119670789058905,-1.5905647568462655
-0.455,-0.45563089184271816,31,-2.0119670789058905,-1.5905647568462655
-0.432,-0.4475644077914078,31,-2.0119670789058905,-1.5905647568462655
-0.265,-0.3756103506455609,31,-2.0119670789058905,-1.5905647568462655
-0.262,-0.3741221901799918,31,-2.0119670789058905,-1.5905647568462655
-0.182,-0.33216780761826287,31,-2.0119670789058905,-1.5905647568462655
-0.178,-0.32995817646546555,31,-2.0119670789058905,-1.5905647568462655
-0.021,-0.23521288869953366,31,-2.0119670789058905,-1.5905647568462655
-0.015,-0.2312896540863976,31,-2.0119670789058905,-1.5905647568462655
0.047,-0.18948722281227565,31,-2.0119670789058905,-1.5905647568462655
0.055,-0.18392697756876786,31,-2.0119670789058905,-1.5905647568462655
0.195,-0.0803380257315651,31,-2.0119670789058905,-1.5905647568462655
0.222,-0.05894713135747363,31,-2.0119670789058905,-1.5905647568462655
0.264,-0.024729329798479315,31,-2.0119670789058905,-1.5905647568462655
0.297,0.0029804572524378724,31,-2.0119670789058905,-1.5905647568462655
0.34,0.04024369296425133,31,-2.0119670789058905,-1.5905647568462655
0.487,0.17938519274606868,31,-2.0119670789058905,-1.5905647568462655
0.665,0.37786635167565563,31,-2.0119670789058905,-1.5905647568462655
0.764,0.5034434299135979,31,-2.0119670789058905,-1.5905647568462655
1.023,0.8673992321667096,31,-2.0119670789058905,-1.5905647568462655
1.132,1.0278058019230647,31,-2.0119670789058905,-1.5905647568462655
1.133,1.0292795761683735,31,-2.0119670789058905,-1.5905647568462655
1.342,1.3361338723625267,31,-2.0119670789058905,-1.5905647568462655
1.465,1.5157753362186512,31,-2.0119670789058905,-1.5905647568462655
1.472,1.5259808090962557,31,-2.0119670789058905,-1.5905647568462655
2.086,2.4164333650834573,31,-2.0119670789058905,-1.5905647568462655
2.367,2.822892873373514,31,-2.0119670789058905,-1.5905647568462655
-1.917,0.6407453769824607,32,-6.077943230974075,-0.7668768476226351
-1.724,0.346701447645092,32,-6.077943230974075,-0.7668768476226351
-1.426,-0.05405506035816719,32,-6.077943230974075,-0.7668768476226351
-1.119,-0.34523573852887535,32,-6.077943230974075,-0.7668768476226351
-1.015,-0.4059851633317851,32,-6.077943230974075,-0.7668768476226351
-0.935,-0.4386278332808664,32,-6.077943230974075,-0.7668768476226351
-0.927,-0.4412222125636865,32,-6.077943230974075,-0.7668768476226351
-0.807,-0.46580858286412846,32,-6.077943230974075,-0.7668768476226351
-0.803,-0.46617344076738526,32,-6.077943230974075,-0.7668768476226351
-0.803,-0.46617344076738526,32,-6.077943230974075,-0.7668768476226351
-0.793,-0.4669595355913264,32,-6.077943230974075,-0.7668768476226351
-0.702,-0.46593409721303247,32,-6.077943230974075,-0.7668768476226351
-0.576,-0.44075044676468556,32,-6.077943230974075,-0.7668768476226351
-0.455,-0.39149304658952944,32,-6.077943230974075,-0.7668768476226351
-0.432,-0.3794516128303776,32,-6.077943230974075,-0.7668768476226351
-0.265,-0.26868922728995825,32,-6.077943230974075,-0.7668768476226351
-0.262,-0.2663562350004358,32,-6.077943230974075,-0.7668768476226351
-0.182,-0.2002122181048044,32,-6.077943230974075,-0.7668768476226351
-0.178,-0.1967155801208751,32,-6.077943230974075,-0.7668768476226351
-0.021,-0.04719593672495085,32,-6.077943230974075,-0.7668768476226351
-0.015,-0.04105975336045965,32,-6.077943230974075,-0.7668768476226351
0.047,0.023838868481759742,32,-6.077943230974075,-0.7668768476226351
0.055,0.032393502369710475,32,-6.077943230974075,-0.7668768476226351
0.195,0.18673930201869546,32,-6.077943230974075,-0.7668768476226351
0.222,0.21712748589875477,32,-6.077943230974075,-0.7668768476226351
0.264,0.2644819313371721,32,-6.077943230974075,-0.7668768476226351
0.297,0.30161139117123337,32,-6.077943230974075,-0.7668768476226351
0.34,0.34965415008140693,32,-6.077943230974075,-0.7668768476226351
0.487,0.5073027644784114,32,-6.077943230974075,-0.7668768476226351
0.665,0.6722903053937217,32,-6.077943230974075,-0.7668768476226351
0.764,0.7454610704801227,32,-6.077943230974075,-0.7668768476226351
1.023,0.8673106234136281,32,-6.077943230974075,-0.7668768476226351
1.132,0.8919047097611696,32,-6.077943230974075,-0.7668768476226351
1.133,0.8920655054825101,32,-6.077943230974075,-0.7668768476226351
1.342,0.9036311480692572,32,-6.077943230974075,-0.7668768476226351
1.465,0.8941333134594397,32,-6.077943230974075,-0.7668768476226351
1.472,0.8933247208152213,32,-6.077943230974075,-0.7668768476226351
2.086,0.7466666053208015,32,-6.077943230974075,-0.7668768476226351
2.367,0.6512784475114757,32,-6.077943230974075,-0.7668768476226351
-1.917,-0.3621152201486126,33,-0.11898397616156088,-6.075581381471393
-1.724,-0.4488034686578083,33,-0.11898397616156088,-6.075581381471393
-1.426,-0.5764859259394656,33,-0.11898397616156088,-6.075581381471393
-1.119,-0.6689348585283458,33,-0.11898397616156088,-6.075581381471393
-1.015,-0.6842919489601511,33,-0.11898397616156088,-6.075581381471393
-0.935,-0.6892595050165903,33,-0.11898397616156088,-6.075581381471393
-0.927,-0.6894091673356803,33,-0.11898397616156088,-6.075581381471393
-0.807,-0.683862778572424,33,-0.11898397616156088,-6.075581381471393
-0.803,-0.6834252515105997,33,-0.11898397616156088,-6.075581381471393
-0.803,-0.6834252515105997,33,-0.11898397616156088,-6.075581381471393
-0.793,-0.6822598945234525,33,-0.11898397616156088,-6.075581381471393
-0.702,-0.6669702902273301,33,-0.11898397616156088,-6.075581381471393
-0.576,-0.6319292925036344,33,-0.11898397616156088,-6.075581381471393
-0.455,-0.5831981589017315,33,-0.11898397616156088,-6.075581381471393
-0.432,-0.5722695103054516,33,-0.11898397616156088,-6.075581381471393
-0.265,-0.4763617297138641,33,-0.11898397616156088,-6.075581381471393
-0.262,-0.47436349356859203,33,-0.11898397616156088,-6.075581381471393
-0.182,-0.417238958775905,33,-0.11898397616156088,-6.075581381471393
-0.178,-0.4141807585215878,33,-0.11898397616156088,-6.075581381471393
-0.021,-0.2773371660391911,33,-0.11898397616156088,-6.075581381471393
-0.015,-0.2714138073707348,33,-0.11898397616156088,-6.075581381471393
0.047,-0.20697101495757708,33,-0.11898397616156088,-6.075581381471393
0.055,-0.19821608130342847,33,-0.11898397616156088,-6.075581381471393
0.195,-0.02815228126377171,33,-0.11898397616156088,-6.075581381471393
0.222,0.008381578379656108,33,-0.11898397616156088,-6.075581381471393
0.264,0.0675645010316392,33,-0.11898397616156088,-6.075581381471393
0.297,0.1159820326948161,33,-0.11898397616156088,-6.075581381471393
0.34,0.18132560548458268,33,-0.11898397616156088,-6.075581381471393
0.487,0.41634086632959133,33,-0.11898397616156088,-6.075581381471393
0.665,0.6970505466748373,33,-0.11898397616156088,-6.075581381471393
0.764,0.8377985160546758,33,-0.11898397616156088,-6.075581381471393
1.023,1.119239711262324,33,-0.11898397616156088,-6.075581381471393
1.132,1.2004328386397973,33,-0.11898397616156088,-6.075581381471393
1.133,1.2010790786676016,33,-0.11898397616156088,-6.075581381471393
1.342,1.300729709243522,33,-0.11898397616156088,-6.075581381471393
1.465,1.3308665604627048,33,-0.11898397616156088,-6.075581381471393
1.472,1.331985267616879,33,-0.11898397616156088,-6.075581381471393
2.086,1.1695527739530514,33,-0.11898397616156088,-6.075581381471393
2.367,0.9348680735085964,33,-0.11898397616156088,-6.075581381471393
-1.917,1.2987064331041727,34,5.170488583602051,1.4193267400569782
-1.724,0.8362622133513037,34,5.170488583602051,1.4193267400569782
-1.426,0.17441990617540282,34,5.170488583602051,1.4193267400569782
-1.119,-0.36356554772991606,34,5.170488583602051,1.4193267400569782
-1.015,-0.4960371176667558,34,5.170488583602051,1.4193267400569782
-0.935,-0.5747556152476531,34,5.170488583602051,1.4193267400569782
-0.927,-0.5813585437838217,34,5.170488583602051,1.4193267400569782
-0.807,-0.6502331061523798,34,5.170488583602051,1.4193267400569782
-0.803,-0.6515243196556834,34,5.170488583602051,1.4193267400569782
-0.803,-0.6515243196556834,34,5.170488583602051,1.4193267400569782
-0.793,-0.6544637561427872,34,5.170488583602051,1.4193267400569782
-0.702,-0.6638279325976525,34,5.170488583602051,1.4193267400569782
-0.576,-0.6351916134465854,34,5.170488583602051,1.4193267400569782
-0.455,-0.5794695153968424,34,5.170488583602051,1.4193267400569782
-0.432,-0.5675111064329564,34,5.170488583602051,1.4193267400569782
-0.265,-0.48566413118152335,34,5.170488583602051,1.4193267400569782
-0.262,-0.48442805449398596,34,5.170488583602051,1.4193267400569782
-0.182,-0.45613226710066296,34,5.170488583602051,1.4193267400569782
-0.178,-0.45494673588435297,34,5.170488583602051,1.4193267400569782
-0.021,-0.4199069086688367,34,5.170488583602051,1.4193267400569782
-0.015,-0.41879852577924304,34,5.170488583602051,1.4193267400569782
0.047,-0.40724445942413295,34,5.170488583602051,1.4193267400569782
0.055,-0.40571061372018935,34,5.170488583602051,1.4193267400569782
0.195,-0.3742686298029894,34,5.170488583602051,1.4193267400569782
0.222,-0.3666582296204639,34,5.170488583602051,1.4193267400569782
0.264,-0.35340700063644315,34,5.170488583602051,1.4193267400569782
0.297,-0.34163791384040804,34,5.170488583602051,1.4193267400569782
0.34,-0.32448381710825513,34,5.170488583602051,1.4193267400569782
0.487,-0.2531951174181699,34,5.170488583602051,1.4193267400569782
0.665,-0.14729959768797546,34,5.170488583602051,1.4193267400569782
0.764,-0.07651985428794607,34,5.170488583602051,1.4193267400569782
1.023,0.1672190584815623,34,5.170488583602051,1.4193267400569782
1.132,0.302064509626833,34,5.170488583602051,1.4193267400569782
1.133,0.30340513256627266,34,5.170488583602051,1.4193267400569782
1.342,0.6245755806332836,34,5.170488583602051,1.4193267400569782
1.465,0.8480714730044742,34,5.170488583602051,1.4193267400569782
1.472,0.8614381979591398,34,5.170488583602051,1.4193267400569782
2.086,2.1992414768223143,34,5.170488583602051,1.4193267400569782
2.367,2.8486916526841135,34,5.170488583602051,1.4193267400569782
-1.917,0.955639114007816,35,-0.8614237965696382,-2.0768020213992617
-1.724,0.6039247691211198,35,-0.8614237965696382,-2.0768020213992617
-1.426,0.09443054869063162,35,-0.8614237965696382,-2.0768020213992617
-1.119,-0.3250007230707093,35,-0.8614237965696382,-2.0768020213992617
-1.015,-0.4298367737201191,35,-0.8614237965696382,-2.0768020213992617
-0.935,-0.49457782251673404,35,-0.8614237965696382,-2.0768020213992617
-0.927,-0.5002339121150888,35,-0.8614237965696382,-2.0768020213992617
-0.807,-0.5662785710917028,35,-0.8614237965696382,-2.0768020213992617
-0.803,-0.5678607128668589,35,-0.8614237965696382,-2.0768020213992617
-0.803,-0.5678607128668589,35,-0.8614237965696382,-2.0768020213992617
-0.793,-0.5716383978086957,35,-0.8614237965696382,-2.0768020213992617
-0.702,-0.5946801952340264,35,-0.8614237965696382,-2.0768020213992617
-0.576,-0.5952395609338494,35,-0.8614237965696382,-2.0768020213992617
-0.455,-0.5653895912041206,35,-0.8614237965696382,-2.0768020213992617
-0.432,-0.5566912398958065,35,-0.8614237965696382,-2.0768020213992617
-0.265,-0.4680056042988588,35,-0.8614237965696382,-2.0768020213992617
-0.262,-0.4660328319998023,35,-0.8614237965696382,-2.0768020213992617
-0.182,-0.40890968644347697,35,-0.8614237965696382,-2.0768020213992617
-0.178,-0.40582927386206114,35,-0.8614237965696382,-2.0768020213992617
-0.021,-0.2685947718608627,35,-0.8614237965696382,-2.0768020213992617
-0.015,-0.26272817528372644,35,-0.8614237965696382,-2.0768020213992617
0.047,-0.1995333996580394,35,-0.8614237965696382,-2.0768020213992617
0.055,-0.19104798764812836,35,-0.8614237965696382,-2.0768020213992617
0.195,-0.031863869244220716,35,-0.8614237965696382,-2.0768020213992617
0.222,8.423572409685229e-4,35,-0.8614237965696382,-2.0768020213992617
0.264,0.05269847301992196,35,-0.8614237965696382,-2.0768020213992617
0.297,0.09408539673938647,35,-0.8614237965696382,-2.0768020213992617
0.34,0.1485531181610473,35,-0.8614237965696382,-2.0768020213992617
0.487,0.3341401248165861,35,-0.8614237965696382,-2.0768020213992617
0.665,0.5435110242486617,35,-0.8614237965696382,-2.0768020213992617
0.764,0.6492309441702377,35,-0.8614237965696382,-2.0768020213992617
1.023,0.8796929724734781,35,-0.8614237965696382,-2.0768020213992617
1.132,0.9530209001372794,35,-0.8614237965696382,-2.0768020213992617
1.133,0.953620706093521,35,-0.8614237965696382,-2.0768020213992617
1.342,1.0656062476326256,35,-0.8614237965696382,-2.0768020213992617
1.465,1.1435075452074837,35,-0.8614237965696382,-2.0768020213992617
1.472,1.1487599504356654,35,-0.8614237965696382,-2.0768020213992617
2.086,1.8958050261073618,35,-0.8614237965696382,-2.0768020213992617
2.367,2.302117325141481,35,-0.8614237965696382,-2.0768020213992617
-1.917,-1.0135722023039948,36,3.2483391139784223,-2.0197507595383866
-1.724,-0.961867747445406,36,3.2483391139784223,-2.0197507595383866
-1.426,-0.8820339259539054,36,3.2483391139784223,-2.0197507595383866
-1.119,-0.7997890158938685,36,3.2483391139784223,-2.0197507595383866
-1.015,-0.7717666704248216,36,3.2483391139784223,-2.0197507595383866
-0.935,-0.7496047086182938,36,3.2483391139784223,-2.0197507595383866
-0.927,-0.7473401430433776,36,3.2483391139784223,-2.0197507595383866
-0.807,-0.7115702432095408,36,3.2483391139784223,-2.0197507595383866
-0.803,-0.7103004842330317,36,3.2483391139784223,-2.0197507595383866
-0.803,-0.7103004842330317,36,3.2483391139784223,-2.0197507595383866
-0.793,-0.7070988229194659,36,3.2483391139784223,-2.0197507595383866
-0.702,-0.675986691035354,36,3.2483391139784223,-2.0197507595383866
-0.576,-0.6260674171734729,36,3.2483391139784223,-2.0197507595383866
-0.455,-0.5697288660489465,36,3.2483391139784223,-2.0197507595383866
-0.432,-0.5580497905089273,36,3.2483391139784223,-2.0197507595383866
-0.265,-0.46339174709309644,36,3.2483391139784223,-2.0197507595383866
-0.262,-0.46152496956930383,36,3.2483391139784223,-2.0197507595383866
-0.182,-0.4094824603963542,36,3.2483391139784223,-2.0197507595383866
-0.178,-0.4067655645169328,36,3.2483391139784223,-2.0197507595383866
-0.021,-0.2914270907396043,36,3.2483391139784223,-2.0197507595383866
-0.015,-0.28668093194856514,36,3.2483391139784223,-2.0197507595383866
0.047,-0.2363791944487236,36,3.2483391139784223,-2.0197507595383866
0.055,-0.22975375801434994,36,3.2483391139784223,-2.0197507595383866
0.195,-0.11313306837289937,36,3.2483391139784223,-2.0197507595383866
0.222,-0.09134162231163111,36,3.2483391139784223,-2.0197507595383866
0.264,-0.05850780478657026,36,3.2483391139784223,-2.0197507595383866
0.297,-0.03382769183821299,36,3.2483391139784223,-2.0197507595383866
0.34,-0.0034285536008731485,36,3.2483391139784223,-2.0197507595383866
0.487,0.08388190653252649,36,3.2483391139784223,-2.0197507595383866
0.665,0.1566956866934243,36,3.2483391139784223,-2.0197507595383866
0.764,0.1851281399862304,36,3.2483391139784223,-2.0197507595383866
1.023,0.2375438992526781,36,3.2483391139784223,-2.0197507595383866
1.132,0.25702488474466684,36,3.2483391139784223,-2.0197507595383866
1.133,0.2572080452361891,36,3.2483391139784223,-2.0197507595383866
1.342,0.29800150880650367,36,3.2483391139784223,-2.0197507595383866
1.465,0.324124395026361,36,3.2483391139784223,-2.0197507595383866
1.472,0.3256531449596569,36,3.2483391139784223,-2.0197507595383866
2.086,0.4727300834932942,36,3.2483391139784223,-2.0197507595383866
2.367,0.5448870661302289,36,3.2483391139784223,-2.0197507595383866
-1.917,0.889430098550771,37,-2.9443047809227347,1.3301909065543671
-1.724,0.5738701826608354,37,-2.9443047809227347,1.3301909065543671
-1.426,0.12200104287212106,37,-2.9443047809227347,1.3301909065543671
-1.119,-0.24623950400779804,37,-2.9443047809227347,1.3301909065543671
-1.015,-0.3378891666970508,37,-2.9443047809227347,1.3301909065543671
-0.935,-0.39443715483997854,37,-2.9443047809227347,1.3301909065543671
-0.927,-0.39937697036468867,37,-2.9443047809227347,1.3301909065543671
-0.807,-0.45707469288034586,37,-2.9443047809227347,1.3301909065543671
-0.803,-0.45845659948127654,37,-2.9443047809227347,1.3301909065543671
-0.803,-0.45845659948127654,37,-2.9443047809227347,1.3301909065543671
-0.793,-0.4617553883336019,37,-2.9443047809227347,1.3301909065543671
-0.702,-0.48169379742454,37,-2.9443047809227347,1.3301909065543671
-0.576,-0.4806133829444251,37,-2.9443047809227347,1.3301909065543671
-0.455,-0.4505941172978924,37,-2.9443047809227347,1.3301909065543671
-0.432,-0.44196108296993236,37,-2.9443047809227347,1.3301909065543671
-0.265,-0.3550529593642804,37,-2.9443047809227347,1.3301909065543671
-0.262,-0.3531426796844243,37,-2.9443047809227347,1.3301909065543671
-0.182,-0.2983190055786938,37,-2.9443047809227347,1.3301909065543671
-0.178,-0.2953923169682485,37,-2.9443047809227347,1.3301909065543671
-0.021,-0.16902550596881974,37,-2.9443047809227347,1.3301909065543671
-0.015,-0.1638196130400175,37,-2.9443047809227347,1.3301909065543671
0.047,-0.10883984302530703,37,-2.9443047809227347,1.3301909065543671
0.055,-0.10161351267568573,37,-2.9443047809227347,1.3301909065543671
0.195,0.026202934081964203,37,-2.9443047809227347,1.3301909065543671
0.222,0.05043029828542356,37,-2.9443047809227347,1.3301909065543671
0.264,0.08732786760821186,37,-2.9443047809227347,1.3301909065543671
0.297,0.11548169945925835,37,-2.9443047809227347,1.3301909065543671
0.34,0.15091590859675247,37,-2.9443047809227347,1.3301909065543671
0.487,0.26096624784452743,37,-2.9443047809227347,1.3301909065543671
0.665,0.3704115276190349,37,-2.9443047809227347,1.3301909065543671
0.764,0.4201212129954376,37,-2.9443047809227347,1.3301909065543671
1.023,0.5383249844541453,37,-2.9443047809227347,1.3301909065543671
1.132,0.5977115053645842,37,-2.9443047809227347,1.3301909065543671
1.133,0.5983153163831418,37,-2.9443047809227347,1.3301909065543671
1.342,0.7466148759991488,37,-2.9443047809227347,1.3301909065543671
1.465,0.8465088842798096,37,-2.9443047809227347,1.3301909065543671
1.472,0.8522947661550692,37,-2.9443047809227347,1.3301909065543671
2.086,1.2540645519038807,37,-2.9443047809227347,1.3301909065543671
2.367,1.288119988326099,37,-2.9443047809227347,1.3301909065543671
-1.917,-0.14105759897912848,38,6.998207628151725,-1.5650134013573314
-1.724,-0.2654075342435267,38,6.998207628151725,-1.5650134013573314
-1.426,-0.45600466289994984,38,6.998207628151725,-1.5650134013573314
-1.119,-0.6335121298810686,38,6.998207628151725,-1.5650134013573314
-1.015,-0.6793339885540295,38,6.998207628151725,-1.5650134013573314
-0.935,-0.7064458213276742,38,6.998207628151725,-1.5650134013573314
-0.927,-0.7087055255583526,38,6.998207628151725,-1.5650134013573314
-0.807,-0.7318071692666916,38,6.998207628151725,-1.5650134013573314
-0.803,-0.7322162073525489,38,6.998207628151725,-1.5650134013573314
-0.803,-0.7322162073525489,38,6.998207628151725,-1.5650134013573314
-0.793,-0.7331339998734968,38,6.998207628151725,-1.5650134013573314
-0.702,-0.7347853394911736,38,6.998207628151725,-1.5650134013573314
-0.576,-0.7186284384899485,38,6.998207628151725,-1.5650134013573314
-0.455,-0.6862939441111612,38,6.998207628151725,-1.5650134013573314
-0.432,-0.6785952993731899,38,6.998207628151725,-1.5650134013573314
-0.265,-0.6106180796203622,38,6.998207628151725,-1.5650134013573314
-0.262,-0.6092256265278804,38,6.998207628151725,-1.5650134013573314
-0.182,-0.5701751887710783,38,6.998207628151725,-1.5650134013573314
-0.178,-0.5681282711551051,38,6.998207628151725,-1.5650134013573314
-0.021,-0.48124239250712164,38,6.998207628151725,-1.5650134013573314
-0.015,-0.47768363555448484,38,6.998207628151725,-1.5650134013573314
0.047,-0.4399693652890909,38,6.998207628151725,-1.5650134013573314
0.055,-0.4349819544528878,38,6.998207628151725,-1.5650134013573314
0.195,-0.34345002599753593,38,6.998207628151725,-1.5650134013573314
0.222,-0.32490221761278815,38,6.998207628151725,-1.5650134013573314
0.264,-0.29549823765877425,38,6.998207628151725,-1.5650134013573314
0.297,-0.27193514592959606,38,6.998207628151725,-1.5650134013573314
0.34,-0.2406460896848664,38,6.998207628151725,-1.5650134013573314
0.487,-0.12915442142990285,38,6.998207628151725,-1.5650134013573314
0.665,0.01338894650147356,38,6.998207628151725,-1.5650134013573314
0.764,0.09517278870097585,38,6.998207628151725,-1.5650134013573314
1.023,0.31221785556687004,38,6.998207628151725,-1.5650134013573314
1.132,0.4027806118655293,38,6.998207628151725,-1.5650134013573314
1.133,0.40360473892735566,38,6.998207628151725,-1.5650134013573314
1.342,0.5702829670551033,38,6.998207628151725,-1.5650134013573314
1.465,0.6596916339797914,38,6.998207628151725,-1.5650134013573314
1.472,0.6645041754433226,38,6.998207628151725,-1.5650134013573314
2.086,0.9551433855244162,38,6.998207628151725,-1.5650134013573314
2.367,1.0085398690731864,38,6.998207628151725,-1.5650134013573314
-1.917,1.3604297642641603,39,-4.251612391063808,-5.1616226469213
-1.724,0.8615130315754461,39,-4.251612391063808,-5.1616226469213
-1.426,0.153980933653571,39,-4.251612391063808,-5.1616226469213
-1.119,-0.40215349628778935,39,-4.251612391063808,-5.1616226469213
-1.015,-0.5317702185012229,39,-4.251612391063808,-5.1616226469213
-0.935,-0.6066964264551139,39,-4.251612391063808,-5.1616226469213
-0.927,-0.6129191284105139,39,-4.251612391063808,-5.1616226469213
-0.807,-0.6769291016740882,39,-4.251612391063808,-5.1616226469213
-0.803,-0.6780889922362195,39,-4.251612391063808,-5.1616226469213
-0.803,-0.6780889922362195,39,-4.251612391063808,-5.1616226469213
-0.793,-0.6807079390642575,39,-4.251612391063808,-5.1616226469213
-0.702,-0.6866510910494248,39,-4.251612391063808,-5.1616226469213
-0.576,-0.6451931733670238,39,-4.251612391063808,-5.1616226469213
-0.455,-0.5576020196229688,39,-4.251612391063808,-5.1616226469213
-0.432,-0.5364705123062212,39,-4.251612391063808,-5.1616226469213
-0.265,-0.3513339425350324,39,-4.251612391063808,-5.1616226469213
-0.262,-0.3476186296254995,39,-4.251612391063808,-5.1616226469213
-0.182,-0.24549899788469837,39,-4.251612391063808,-5.1616226469213
-0.178,-0.24027461656085322,39,-4.251612391063808,-5.1616226469213
-0.021,-0.030965038646734017,39,-4.251612391063808,-5.1616226469213
-0.015,-0.022887742043822986,39,-4.251612391063808,-5.1616226469213
0.047,0.0604203524075319,39,-4.251612391063808,-5.1616226469213
0.055,0.07112760829943077,39,-4.251612391063808,-5.1616226469213
0.195,0.25452122935803495,39,-4.251612391063808,-5.1616226469213
0.222,0.28855717504012607,39,-4.251612391063808,-5.1616226469213
0.264,0.3402819114171693,39,-4.251612391063808,-5.1616226469213
0.297,0.3797261236068139,39,-4.251612391063808,-5.1616226469213
0.34,0.42933077300235695,39,-4.251612391063808,-5.1616226469213
0.487,0.581532243326262,39,-4.251612391063808,-5.1616226469213
0.665,0.7287108047885862,39,-4.251612391063808,-5.1616226469213
0.764,0.7989108482423907,39,-4.251612391063808,-5.1616226469213
1.023,0.9761284904026125,39,-4.251612391063808,-5.1616226469213
1.132,1.0596630494741666,39,-4.251612391063808,-5.1616226469213
1.133,1.0604699120983612,39,-4.251612391063808,-5.1616226469213
1.342,1.239069709335294,39,-4.251612391063808,-5.1616226469213
1.465,1.342391208258411,39,-4.251612391063808,-5.1616226469213
1.472,1.3478957802708875,39,-4.251612391063808,-5.1616226469213
2.086,1.3934069251117407,39,-4.251612391063808,-5.1616226469213
2.367,0.998710504153654,39,-4.251612391063808,-5.1616226469213
-1.917,0.977877717961293,40,1.6637914413146697,2.154916185106222
-1.724,0.616674584269454,40,1.6637914413146697,2.154916185106222
-1.426,0.10104140333889332,40,1.6637914413146697,2.154916185106222
-1.119,-0.30654008448714465,40,1.6637914413146697,2.154916185106222
-1.015,-0.4041671928546398,40,1.6637914413146697,2.154916185106222
-0.935,-0.46334551985857836,40,1.6637914413146697,2.154916185106222
-0.927,-0.4684878113201147,40,1.6637914413146697,2.154916185106222
-0.807,-0.5287599608742115,40,1.6637914413146697,2.154916185106222
-0.803,-0.5302299626383814,40,1.6637914413146697,2.154916185106222
-0.803,-0.5302299626383814,40,1.6637914413146697,2.154916185106222
-0.793,-0.5337547798805824,40,1.6637914413146697,2.154916185106222
-0.702,-0.5562718505841556,40,1.6637914413146697,2.154916185106222
-0.576,-0.5610981126693435,40,1.6637914413146697,2.154916185106222
-0.455,-0.5407287801503635,40,1.6637914413146697,2.154916185106222
-0.432,-0.534430190884511,40,1.6637914413146697,2.154916185106222
-0.265,-0.4689469469413059,40,1.6637914413146697,2.154916185106222
-0.262,-0.46748655165622,40,1.6637914413146697,2.154916185106222
-0.182,-0.4254076559247162,40,1.6637914413146697,2.154916185106222
-0.178,-0.42315498858910533,40,1.6637914413146697,2.154916185106222
-0.021,-0.3255574396378929,40,1.6637914413146697,2.154916185106222
-0.015,-0.32152544407813943,40,1.6637914413146697,2.154916185106222
0.047,-0.27890462289183043,40,1.6637914413146697,2.154916185106222
0.055,-0.27329770517858204,40,1.6637914413146697,2.154916185106222
0.195,-0.17340584606390874,40,1.6637914413146697,2.154916185106222
0.222,-0.15417579059011746,40,1.6637914413146697,2.154916185106222
0.264,-0.12460025708906428,40,1.6637914413146697,2.154916185106222
0.297,-0.10176820917635201,40,1.6637914413146697,2.154916185106222
0.34,-0.0726957605015596,40,1.6637914413146697,2.154916185106222
0.487,0.01993810250424565,40,1.6637914413146697,2.154916185106222
0.665,0.11869944858477707,40,1.6637914413146697,2.154916185106222
0.764,0.16976390035548472,40,1.6637914413146697,2.154916185106222
1.023,0.30338933654392586,40,1.6637914413146697,2.154916185106222
1.132,0.36457702144974913,40,1.6637914413146697,2.154916185106222
1.133,0.3651626533177083,40,1.6637914413146697,2.154916185106222
1.342,0.4967536970033698,40,1.6637914413146697,2.154916185106222
1.465,0.580004923319011,40,1.6637914413146697,2.154916185106222
1.472,0.5847985108655661,40,1.6637914413146697,2.154916185106222
2.086,0.9522646158680425,40,1.6637914413146697,2.154916185106222
2.367,1.0428080030392672,40,1.6637914413146697,2.154916185106222
-1.917,0.9330020552191218,41,-0.27673816916844124,2.601869465740055
-1.724,0.6273797579496232,41,-0.27673816916844124,2.601869465740055
-1.426,0.18452607138970453,41,-0.27673816916844124,2.601869465740055
-1.119,-0.18925171754161424,41,-0.27673816916844124,2.601869465740055
-1.015,-0.28604445271666956,41,-0.27673816916844124,2.601869465740055
-0.935,-0.3478211425766751,41,-0.27673816916844124,2.601869465740055
-0.927,-0.3533605577579691,41,-0.27673816916844124,2.601869465740055
-0.807,-0.42226794592570355,41,-0.27673816916844124,2.601869465740055
-0.803,-0.4241070552370995,41,-0.27673816916844124,2.601869465740055
-0.803,-0.4241070552370995,41,-0.27673816916844124,2.601869465740055
-0.793,-0.4285759562312809,41,-0.27673816916844124,2.601869465740055
-0.702,-0.4609947463724215,41,-0.27673816916844124,2.601869465740055
-0.576,-0.48288826114181255,41,-0.27673816916844124,2.601869465740055
-0.455,-0.4815012770280399,41,-0.27673816916844124,2.601869465740055
-0.432,-0.4789978388401794,41,-0.27673816916844124,2.601869465740055
-0.265,-0.4415852223147408,41,-0.27673816916844124,2.601869465740055
-0.262,-0.44062381736464573,41,-0.27673816916844124,2.601869465740055
-0.182,-0.41150940773949785,41,-0.27673816916844124,2.601869465740055
-0.178,-0.40988133753978084,41,-0.27673816916844124,2.601869465740055
-0.021,-0.33335335752943185,41,-0.27673816916844124,2.601869465740055
-0.015,-0.3299436496165878,41,-0.27673816916844124,2.601869465740055
0.047,-0.2926478729934695,41,-0.27673816916844124,2.601869465740055
0.055,-0.28756375817631946,41,-0.27673816916844124,2.601869465740055
0.195,-0.18893883549954166,41,-0.27673816916844124,2.601869465740055
0.222,-0.16790403186426892,41,-0.27673816916844124,2.601869465740055
0.264,-0.13397986287861194,41,-0.27673816916844124,2.601869465740055
0.297,-0.1063631468051675,41,-0.27673816916844124,2.601869465740055
0.34,-0.0692265514037908,41,-0.27673816916844124,2.601869465740055
0.487,0.06556717898454426,41,-0.27673816916844124,2.601869465740055
0.665,0.23848770080350812,41,-0.27673816916844124,2.601869465740055
0.764,0.3360526115747088,41,-0.27673816916844124,2.601869465740055
1.023,0.582701288617135,41,-0.27673816916844124,2.601869465740055
1.132,0.6779104971224827,41,-0.27673816916844124,2.601869465740055
1.133,0.6787517421878341,41,-0.27673816916844124,2.601869465740055
1.342,0.8399963859725404,41,-0.27673816916844124,2.601869465740055
1.465,0.9199572226535202,41,-0.27673816916844124,2.601869465740055
1.472,0.92414578593562835,41,-0.27673816916844124,2.601869465740055
2.086,1.135860716680717,41,-0.27673816916844124,2.601869465740055
2.367,1.1413399773621804,41,-0.27673816916844124,2.601869465740055
-1.917,0.8653881667550487,42,3.125989104150173,5.303753364965439
-1.724,0.5677384431145095,42,3.125989104150173,5.303753364965439
-1.426,0.13869310606458,42,3.125989104150173,5.303753364965439
-1.119,-0.21395032570482247,42,3.125989104150173,5.303753364965439
-1.015,-0.3061454935752854,42,3.125989104150173,5.303753364965439
-0.935,-0.3671750913044437,42,3.125989104150173,5.303753364965439
-0.927,-0.37281632920562335,42,3.125989104150173,5.303753364965439
-0.807,-0.4476637233180133,42,3.125989104150173,5.303753364965439
-0.803,-0.44984843456261997,42,3.125989104150173,5.303753364965439
-0.803,-0.44984843456261997,42,3.125989104150173,5.303753364965439
-0.793,-0.45522403650094206,42,3.125989104150173,5.303753364965439
-0.702,-0.49831621769239315,42,3.125989104150173,5.303753364965439
-0.576,-0.5391258125127941,42,3.125989104150173,5.303753364965439
-0.455,-0.5546645203638714,42,3.125989104150173,5.303753364965439
-0.432,-0.5547544028706214,42,3.125989104150173,5.303753364965439
-0.265,-0.5274216013568773,42,3.125989104150173,5.303753364965439
-0.262,-0.5264965423335851,42,3.125989104150173,5.303753364965439
-0.182,-0.49645302681950065,42,3.125989104150173,5.303753364965439
-0.178,-0.494683707573089,42,3.125989104150173,5.303753364965439
-0.021,-0.4061534033481063,42,3.125989104150173,5.303753364965439
-0.015,-0.4020589659703051,42,3.125989104150173,5.303753364965439
0.047,-0.3572104520715057,42,3.125989104150173,5.303753364965439
0.055,-0.3511501359065862,42,3.125989104150173,5.303753364965439
0.195,-0.24266851703083503,42,3.125989104150173,5.303753364965439
0.222,-0.22272923812031376,42,3.125989104150173,5.303753364965439
0.264,-0.1934183335574423,42,3.125989104150173,5.303753364965439
0.297,-0.1721900219882658,42,3.125989104150173,5.303753364965439
0.34,-0.14736965509834934,42,3.125989104150173,5.303753364965439
0.487,-0.08896104557627026,42,3.125989104150173,5.303753364965439
0.665,-0.06742586027983997,42,3.125989104150173,5.303753364965439
0.764,-0.06955923649630744,42,3.125989104150173,5.303753364965439
1.023,-0.06408132004576884,42,3.125989104150173,5.303753364965439
1.132,-0.03449302126595088,42,3.125989104150173,5.303753364965439
1.133,-0.034113542397242305,42,3.125989104150173,5.303753364965439
1.342,0.08509500153098021,42,3.125989104150173,5.303753364965439
1.465,0.1848038952159586,42,3.125989104150173,5.303753364965439
1.472,0.19096524061399348,42,3.125989104150173,5.303753364965439
2.086,0.7775016147155306,42,3.125989104150173,5.303753364965439
2.367,0.9773358987183551,42,3.125989104150173,5.303753364965439
-1.917,0.446442235291706,43,-2.850431357316747,6.006040618324405
-1.724,0.29655156938296445,43,-2.850431357316747,6.006040618324405
-1.426,0.0745399064976128,43,-2.850431357316747,6.006040618324405
-1.119,-0.12201681198485605,43,-2.850431357316747,6.006040618324405
-1.015,-0.17681572604377374,43,-2.850431357316747,6.006040618324405
-0.935,-0.21388666711876553,43,-2.850431357316747,6.006040618324405
-0.927,-0.21733634107661254,43,-2.850431357316747,6.006040618324405
-0.807,-0.2631808336614899,43,-2.850431357316747,6.006040618324405
-0.803,-0.26451261908173485,43,-2.850431357316747,6.006040618324405
-0.803,-0.26451261908173485,43,-2.850431357316747,6.006040618324405
-0.793,-0.26778504279752996,43,-2.850431357316747,6.006040618324405
-0.702,-0.29378536894748863,43,-2.850431357316747,6.006040618324405
-0.576,-0.3183291858840375,43,-2.850431357316747,6.006040618324405
-0.455,-0.3290254111133612,43,-2.850431357316747,6.006040618324405
-0.432,-0.3296011448122899,43,-2.850431357316747,6.006040618324405
-0.265,-0.3196768769502553,43,-2.850431357316747,6.006040618324405
-0.262,-0.319271911044414,43,-2.850431357316747,6.006040618324405
-0.182,-0.3055323122306273,43,-2.850431357316747,6.006040618324405
-0.178,-0.3046970959216228,43,-2.850431357316747,6.006040618324405
-0.021,-0.2609841175857955,43,-2.850431357316747,6.006040618324405
-0.015,-0.25889800708307287,43,-2.850431357316747,6.006040618324405
0.047,-0.23560845116646645,43,-2.850431357316747,6.006040618324405
0.055,-0.23237747852016602,43,-2.850431357316747,6.006040618324405
0.195,-0.16811504539095645,43,-2.850431357316747,6.006040618324405
0.222,-0.154173696491046,43,-2.850431357316747,6.006040618324405
0.264,-0.13160195315299433,43,-2.850431357316747,6.006040618324405
0.297,-0.11316462453886283,43,-2.850431357316747,6.006040618324405
0.34,-0.08829553936787468,43,-2.850431357316747,6.006040618324405
0.487,0.002633788263837844,43,-2.850431357316747,6.006040618324405
0.665,0.12093941341168105,43,-2.850431357316747,6.006040618324405
0.764,0.18891138344775812,43,-2.850431357316747,6.006040618324405
1.023,0.37208606873900146,43,-2.850431357316747,6.006040618324405
1.132,0.4520778222134128,43,-2.850431357316747,6.006040618324405
1.133,0.4528209436165654,43,-2.850431357316747,6.006040618324405
1.342,0.611234625118724,43,-2.850431357316747,6.006040618324405
1.465,0.7062882442027515,43,-2.850431357316747,6.006040618324405
1.472,0.7117143844647882,43,-2.850431357316747,6.006040618324405
2.086,1.1686651982621024,43,-2.850431357316747,6.006040618324405
2.367,1.3503618618532236,43,-2.850431357316747,6.006040618324405
-1.917,-0.28837085670898355,44,-0.04937773033435447,-3.0989198435618728
-1.724,-0.36536572533946066,44,-0.04937773033435447,-3.0989198435618728
-1.426,-0.48123232363036533,44,-0.04937773033435447,-3.0989198435618728
-1.119,-0.5775744883017986,44,-0.04937773033435447,-3.0989198435618728
-1.015,-0.5981765595900748,44,-0.04937773033435447,-3.0989198435618728
-0.935,-0.6079483067049122,44,-0.04937773033435447,-3.0989198435618728
-0.927,-0.6085966271281522,44,-0.04937773033435447,-3.0989198435618728
-0.807,-0.610423219981683,44,-0.04937773033435447,-3.0989198435618728
-0.803,-0.6102167799164203,44,-0.04937773033435447,-3.0989198435618728
-0.803,-0.6102167799164203,44,-0.04937773033435447,-3.0989198435618728
-0.793,-0.6096219996543005,44,-0.04937773033435447,-3.0989198435618728
-0.702,-0.5990871613612118,44,-0.04937773033435447,-3.0989198435618728
-0.576,-0.5698177052893174,44,-0.04937773033435447,-3.0989198435618728
-0.455,-0.5270253865347181,44,-0.04937773033435447,-3.0989198435618728
-0.432,-0.5173926223302557,44,-0.04937773033435447,-3.0989198435618728
-0.265,-0.4341450449363813,44,-0.04937773033435447,-3.0989198435618728
-0.262,-0.43244330444030776,44,-0.04937773033435447,-3.0989198435618728
-0.182,-0.38444963448659225,44,-0.04937773033435447,-3.0989198435618728
-0.178,-0.3819170795156866,44,-0.04937773033435447,-3.0989198435618728
-0.021,-0.2717512264978758,44,-0.04937773033435447,-3.0989198435618728
-0.015,-0.2670951838831342,44,-0.04937773033435447,-3.0989198435618728
0.047,-0.21691100872696747,44,-0.04937773033435447,-3.0989198435618728
0.055,-0.21015616725201183,44,-0.04937773033435447,-3.0989198435618728
0.195,-0.08173218355737169,44,-0.04937773033435447,-3.0989198435618728
0.222,-0.054815026749759195,44,-0.04937773033435447,-3.0989198435618728
0.264,-0.011662657559576337,44,-0.04937773033435447,-3.0989198435618728
0.297,0.02324693463625812,44,-0.04937773033435447,-3.0989198435618728
0.34,0.06988803300058638,44,-0.04937773033435447,-3.0989198435618728
0.487,0.23594341753721518,44,-0.04937773033435447,-3.0989198435618728
0.665,0.44071179816798106,44,-0.04937773033435447,-3.0989198435618728
0.764,0.5524179980920791,44,-0.04937773033435447,-3.0989198435618728
1.023,0.8222408216700411,44,-0.04937773033435447,-3.0989198435618728
1.132,0.9204278154721645,44,-0.04937773033435447,-3.0989198435618728
1.133,0.9212741858871312,44,-0.04937773033435447,-3.0989198435618728
1.342,1.0754684087060637,44,-0.04937773033435447,-3.0989198435618728
1.465,1.1457780755894258,44,-0.04937773033435447,-3.0989198435618728
1.472,1.1493406536647057,44,-0.04937773033435447,-3.0989198435618728
2.086,1.2814780847775245,44,-0.04937773033435447,-3.0989198435618728
2.367,1.2358380984763968,44,-0.04937773033435447,-3.0989198435618728
-1.917,0.2832472447107985,45,1.4624625802819538,-1.381019246588357
-1.724,0.06654432575401308,45,1.4624625802819538,-1.381019246588357
-1.426,-0.23895967217556302,45,1.4624625802819538,-1.381019246588357
-1.119,-0.4762370272407694,45,1.4624625802819538,-1.381019246588357
-1.015,-0.5307507278729356,45,1.4624625802819538,-1.381019246588357
-0.935,-0.5624349954234152,45,1.4624625802819538,-1.381019246588357
-0.927,-0.5651057418279917,45,1.4624625802819538,-1.381019246588357
-0.807,-0.5943597673575279,45,1.4624625802819538,-1.381019246588357
-0.803,-0.5949884373023369,45,1.4624625802819538,-1.381019246588357
-0.803,-0.5949884373023369,45,1.4624625802819538,-1.381019246588357
-0.793,-0.596463121998191,45,1.4624625802819538,-1.381019246588357
-0.702,-0.6035966210844194,45,1.4624625802819538,-1.381019246588357
-0.576,-0.5953098476665779,45,1.4624625802819538,-1.381019246588357
-0.455,-0.5684019643142243,45,1.4624625802819538,-1.381019246588357
-0.432,-0.5612668931014327,45,1.4624625802819538,-1.381019246588357
-0.265,-0.4909528038152056,45,1.4624625802819538,-1.381019246588357
-0.262,-0.4894005405753004,45,1.4624625802819538,-1.381019246588357
-0.182,-0.44438428812537534,45,1.4624625802819538,-1.381019246588357
-0.178,-0.44195271545465015,45,1.4624625802819538,-1.381019246588357
-0.021,-0.3334959182261966,45,1.4624625802819538,-1.381019246588357
-0.015,-0.32886374660420264,45,1.4624625802819538,-1.381019246588357
0.047,-0.27901632283957345,45,1.4624625802819538,-1.381019246588357
0.055,-0.2723292207378591,45,1.4624625802819538,-1.381019246588357
0.195,-0.1468716068240391,45,1.4624625802819538,-1.381019246588357
0.222,-0.12103587919961775,45,1.4624625802819538,-1.381019246588357
0.264,-0.07994230346308996,45,1.4624625802819538,-1.381019246588357
0.297,-0.04694684202914877,45,1.4624625802819538,-1.381019246588357
0.34,-0.0031413261082716333,45,1.4624625802819538,-1.381019246588357
0.487,0.15100249126225315,45,1.4624625802819538,-1.381019246588357
0.665,0.337542370444653,45,1.4624625802819538,-1.381019246588357
0.764,0.43643261777029596,45,1.4624625802819538,-1.381019246588357
1.023,0.6645466664782502,45,1.4624625802819538,-1.381019246588357
1.132,0.7440663285491113,45,1.4624625802819538,-1.381019246588357
1.133,0.7447458883097792,45,1.4624625802819538,-1.381019246588357
1.342,0.86739695127217,45,1.4624625802819538,-1.381019246588357
1.465,0.9228991756320876,45,1.4624625802819538,-1.381019246588357
1.472,0.9257213357962969,45,1.4624625802819538,-1.381019246588357
2.086,1.0692793210489941,45,1.4624625802819538,-1.381019246588357
2.367,1.096163818027174,45,1.4624625802819538,-1.381019246588357
-1.917,-0.9036468436272422,46,-5.380253798923722,-2.4359152889282076
-1.724,-0.8372241602055304,46,-5.380253798923722,-2.4359152889282076
-1.426,-0.7346647837305678,46,-5.380253798923722,-2.4359152889282076
-1.119,-0.6290079764224673,46,-5.380253798923722,-2.4359152889282076
-1.015,-0.5932154423506708,46,-5.380253798923722,-2.4359152889282076
-0.935,-0.5655823656660687,46,-5.380253798923722,-2.4359152889282076
-0.927,-0.5627958177049941,46,-5.380253798923722,-2.4359152889282076
-0.807,-0.5194522346525219,46,-5.380253798923722,-2.4359152889282076
-0.803,-0.5179306155443096,46,-5.380253798923722,-2.4359152889282076
-0.803,-0.5179306155443096,46,-5.380253798923722,-2.4359152889282076
-0.793,-0.5140972033305015,46,-5.380253798923722,-2.4359152889282076
-0.702,-0.47697591470002093,46,-5.380253798923722,-2.4359152889282076
-0.576,-0.4173190561534903,46,-5.380253798923722,-2.4359152889282076
-0.455,-0.34963696607236977,46,-5.380253798923722,-2.4359152889282076
-0.432,-0.33562415726237466,46,-5.380253798923722,-2.4359152889282076
-0.265,-0.22471110984080633,46,-5.380253798923722,-2.4359152889282076
-0.262,-0.22259869243746838,46,-5.380253798923722,-2.4359152889282076
-0.182,-0.16509696220788297,46,-5.380253798923722,-2.4359152889282076
-0.178,-0.16216706625006394,46,-5.380253798923722,-2.4359152889282076
-0.021,-0.04261430896978475,46,-5.380253798923722,-2.4359152889282076
-0.015,-0.03783890059491039,46,-5.380253798923722,-2.4359152889282076
0.047,0.012573489988842508,46,-5.380253798923722,-2.4359152889282076
0.055,0.0192277879627694,46,-5.380253798923722,-2.4359152889282076
0.195,0.14163782489543583,46,-5.380253798923722,-2.4359152889282076
0.222,0.16659055774630316,46,-5.380253798923722,-2.4359152889282076
0.264,0.20621511611194981,46,-5.380253798923722,-2.4359152889282076
0.297,0.2379215050330963,46,-5.380253798923722,-2.4359152889282076
0.34,0.27978539814509973,46,-5.380253798923722,-2.4359152889282076
0.487,0.42311722536831897,46,-5.380253798923722,-2.4359152889282076
0.665,0.5827347288402223,46,-5.380253798923722,-2.4359152889282076
0.764,0.659483410043658,46,-5.380253798923722,-2.4359152889282076
1.023,0.8121238527490333,46,-5.380253798923722,-2.4359152889282076
1.132,0.8609143048543455,46,-5.380253798923722,-2.4359152889282076
1.133,0.8613332157060762,46,-5.380253798923722,-2.4359152889282076
1.342,0.9397997540303468,46,-5.380253798923722,-2.4359152889282076
1.465,0.9786143154552295,46,-5.380253798923722,-2.4359152889282076
1.472,0.9806838324049116,46,-5.380253798923722,-2.4359152889282076
2.086,1.0678035836841437,46,-5.380253798923722,-2.4359152889282076
2.367,1.0228232566357487,46,-5.380253798923722,-2.4359152889282076
-1.917,-1.0501786482155675,47,-5.663119414414818,-2.428935241349627
-1.724,-0.9609903369565458,47,-5.663119414414818,-2.428935241349627
-1.426,-0.8232798874478084,47,-5.663119414414818,-2.428935241349627
-1.119,-0.6814103975176624,47,-5.663119414414818,-2.428935241349627
-1.015,-0.6333796228669127,47,-5.663119414414818,-2.428935241349627
-0.935,-0.5964648127154629,47,-5.663119414414818,-2.428935241349627
-0.927,-0.5927639426065577,47,-5.663119414414818,-2.428935241349627
-0.807,-0.5359750696644211,47,-5.663119414414818,-2.428935241349627
-0.803,-0.5340097719722122,47,-5.663119414414818,-2.428935241349627
-0.803,-0.5340097719722122,47,-5.663119414414818,-2.428935241349627
-0.793,-0.529067209577014,47,-5.663119414414818,-2.428935241349627
-0.702,-0.48173715248644616,47,-5.663119414414818,-2.428935241349627
-0.576,-0.40701824013250426,47,-5.663119414414818,-2.428935241349627
-0.455,-0.3241081793667765,47,-5.663119414414818,-2.428935241349627
-0.432,-0.3072879569797224,47,-5.663119414414818,-2.428935241349627
-0.265,-0.17956419119182576,47,-5.663119414414818,-2.428935241349627
-0.262,-0.17724189069910512,47,-5.663119414414818,-2.428935241349627
-0.182,-0.11586268264228246,47,-5.663119414414818,-2.428935241349627
-0.178,-0.11283232065237753,47,-5.663119414414818,-2.428935241349627
-0.021,0.0031904246241569348,47,-5.663119414414818,-2.428935241349627
-0.015,0.007542115755352681,47,-5.663119414414818,-2.428935241349627
0.047,0.0523329250126318,47,-5.663119414414818,-2.428935241349627
0.055,0.05809690944755256,47,-5.663119414414818,-2.428935241349627
0.195,0.15943956292886363,47,-5.663119414414818,-2.428935241349627
0.222,0.17930083847335723,47,-5.663119414414818,-2.428935241349627
0.264,0.2105499069804548,47,-5.663119414414818,-2.428935241349627
0.297,0.235423505526069,47,-5.663119414414818,-2.428935241349627
0.34,0.26821228892627624,47,-5.663119414414818,-2.428935241349627
0.487,0.3812146140276452,47,-5.663119414414818,-2.428935241349627
0.665,0.5114184411561066,47,-5.663119414414818,-2.428935241349627
0.764,0.577296665507174,47,-5.663119414414818,-2.428935241349627
1.023,0.7249218890715764,47,-5.663119414414818,-2.428935241349627
1.132,0.7819587398689594,47,-5.663119414414818,-2.428935241349627
1.133,0.7824810216742635,47,-5.663119414414818,-2.428935241349627
1.342,0.8904949867997758,47,-5.663119414414818,-2.428935241349627
1.465,0.949741774269795,47,-5.663119414414818,-2.428935241349627
1.472,0.9529433392850022,47,-5.663119414414818,-2.428935241349627
2.086,1.0944859165166385,47,-5.663119414414818,-2.428935241349627
2.367,1.035766255583429,47,-5.663119414414818,-2.428935241349627
-1.917,0.8292265691840388,48,-6.935308085441752,-4.291374735564979
-1.724,0.4834208462876448,48,-6.935308085441752,-4.291374735564979
-1.426,-0.00897463858101841,48,-6.935308085441752,-4.291374735564979
-1.119,-0.3952955596576341,48,-6.935308085441752,-4.291374735564979
-1.015,-0.48034073768070384,48,-6.935308085441752,-4.291374735564979
-0.935,-0.5257952240428159,48,-6.935308085441752,-4.291374735564979
-0.927,-0.5293157000923553,48,-6.935308085441752,-4.291374735564979
-0.807,-0.5590530660068906,48,-6.935308085441752,-4.291374735564979
-0.803,-0.5592980996087947,48,-6.935308085441752,-4.291374735564979
-0.803,-0.5592980996087947,48,-6.935308085441752,-4.291374735564979
-0.793,-0.5597004977810864,48,-6.935308085441752,-4.291374735564979
-0.702,-0.55013677626062,48,-6.935308085441752,-4.291374735564979
-0.576,-0.5015392602928314,48,-6.935308085441752,-4.291374735564979
-0.455,-0.42276383799913175,48,-6.935308085441752,-4.291374735564979
-0.432,-0.4048217073522232,48,-6.935308085441752,-4.291374735564979
-0.265,-0.25205455585091013,48,-6.935308085441752,-4.291374735564979
-0.262,-0.2490033944625855,48,-6.935308085441752,-4.291374735564979
-0.182,-0.16456473938655383,48,-6.935308085441752,-4.291374735564979
-0.178,-0.16020344754208257,48,-6.935308085441752,-4.291374735564979
-0.021,0.018201083449574593,48,-6.935308085441752,-4.291374735564979
-0.015,0.025212819082245888,48,-6.935308085441752,-4.291374735564979
0.047,0.098013579258476,48,-6.935308085441752,-4.291374735564979
0.055,0.10743231157100451,48,-6.935308085441752,-4.291374735564979
0.195,0.271210554403719,48,-6.935308085441752,-4.291374735564979
0.222,0.30222296914680163,48,-6.935308085441752,-4.291374735564979
0.264,0.34987407971627393,48,-6.935308085441752,-4.291374735564979
0.297,0.3867417943872651,48,-6.935308085441752,-4.291374735564979
0.34,0.43394106280526484,48,-6.935308085441752,-4.291374735564979
0.487,0.5878642302427851,48,-6.935308085441752,-4.291374735564979
0.665,0.759776909228888,48,-6.935308085441752,-4.291374735564979
0.764,0.8508355632978174,48,-6.935308085441752,-4.291374735564979
1.023,1.0877612030661334,48,-6.935308085441752,-4.291374735564979
1.132,1.1918238476958423,48,-6.935308085441752,-4.291374735564979
1.133,1.1927970826015402,48,-6.935308085441752,-4.291374735564979
1.342,1.4027724836169548,48,-6.935308085441752,-4.291374735564979
1.465,1.5310146583972406,48,-6.935308085441752,-4.291374735564979
1.472,1.538394596265634,48,-6.935308085441752,-4.291374735564979
2.086,2.207058115993211,48,-6.935308085441752,-4.291374735564979
2.367,2.5178753469000457,48,-6.935308085441752,-4.291374735564979
-1.917,1.5372220159163887,49,5.735627944032475,-4.311216297825435
-1.724,1.0194008120656548,49,5.735627944032475,-4.311216297825435
-1.426,0.24736783828751446,49,5.735627944032475,-4.311216297825435
-1.119,-0.43534382633844454,49,5.735627944032475,-4.311216297825435
-1.015,-0.6023054414288563,49,5.735627944032475,-4.311216297825435
-0.935,-0.6996149253545576,49,5.735627944032475,-4.311216297825435
-0.927,-0.7077268868450737,49,5.735627944032475,-4.311216297825435
-0.807,-0.79392163252815,49,5.735627944032475,-4.311216297825435
-0.803,-0.7956861910640215,49,5.735627944032475,-4.311216297825435
-0.803,-0.7956861910640215,49,5.735627944032475,-4.311216297825435
-0.793,-0.7997969677822673,49,5.735627944032475,-4.311216297825435
-0.702,-0.8188768168978808,49,5.735627944032475,-4.311216297825435
-0.576,-0.7998527160727771,49,5.735627944032475,-4.311216297825435
-0.455,-0.746667209409799,49,5.735627944032475,-4.311216297825435
-0.432,-0.7339840347757577,49,5.735627944032475,-4.311216297825435
-0.265,-0.6299415298837195,49,5.735627944032475,-4.311216297825435
-0.262,-0.6279993710956908,49,5.735627944032475,-4.311216297825435
-0.182,-0.5768095788140579,49,5.735627944032475,-4.311216297825435
-0.178,-0.5742926164004796,49,5.735627944032475,-4.311216297825435
-0.021,-0.4771831675812245,49,5.735627944032475,-4.311216297825435
-0.015,-0.4734342222020466,49,5.735627944032475,-4.311216297825435
0.047,-0.43369786544710137,49,5.735627944032475,-4.311216297825435
0.055,-0.4283689879879618,49,5.735627944032475,-4.311216297825435
0.195,-0.31848180187032027,49,5.735627944032475,-4.311216297825435
0.222,-0.29188353830239216,49,5.735627944032475,-4.311216297825435
0.264,-0.2458828822364331,49,5.735627944032475,-4.311216297825435
0.297,-0.20560501538111678,49,5.735627944032475,-4.311216297825435
0.34,-0.14770419134452514,49,5.735627944032475,-4.311216297825435
0.487,0.08997347714804124,49,5.735627944032475,-4.311216297825435
0.665,0.42373543183382995,49,5.735627944032475,-4.311216297825435
0.764,0.6108706885005206,49,5.735627944032475,-4.311216297825435
1.023,1.0188307024018184,49,5.735627944032475,-4.311216297825435
1.132,1.122534367912853,49,5.735627944032475,-4.311216297825435
1.133,1.1232285322126636,49,5.735627944032475,-4.311216297825435
1.342,1.1741150281753165,49,5.735627944032475,-4.311216297825435
1.465,1.1424782216810383,49,5.735627944032475,-4.311216297825435
1.472,1.1400147652789383,49,5.735627944032475,-4.311216297825435
2.086,0.8074239256576966,49,5.735627944032475,-4.311216297825435
2.367,0.6117358896837173,49,5.735627944032475,-4.311216297825435
-1.917,0.19058848418845384,50,0.6008918215620951,-1.5652678224236136
-1.724,0.052917977880806946,50,0.6008918215620951,-1.5652678224236136
-1.426,-0.17041786328944064,50,0.6008918215620951,-1.5652678224236136
-1.119,-0.4289342574816155,50,0.6008918215620951,-1.5652678224236136
-1.015,-0.5023265326990246,50,0.6008918215620951,-1.5652678224236136
-0.935,-0.5468962130142843,50,0.6008918215620951,-1.5652678224236136
-0.927,-0.5506538747541494,50,0.6008918215620951,-1.5652678224236136
-0.807,-0.5893989757590372,50,0.6008918215620951,-1.5652678224236136
-0.803,-0.5900834394766888,50,0.6008918215620951,-1.5652678224236136
-0.803,-0.5900834394766888,50,0.6008918215620951,-1.5652678224236136
-0.793,-0.591614019520913,50,0.6008918215620951,-1.5652678224236136
-0.702,-0.5944041999868326,50,0.6008918215620951,-1.5652678224236136
-0.576,-0.5704208949427165,50,0.6008918215620951,-1.5652678224236136
-0.455,-0.5255782179137681,50,0.6008918215620951,-1.5652678224236136
-0.432,-0.5153996845211477,50,0.6008918215620951,-1.5652678224236136
-0.265,-0.4325603815149842,50,0.6008918215620951,-1.5652678224236136
-0.262,-0.4309858632774099,50,0.6008918215620951,-1.5652678224236136
-0.182,-0.38851663464111674,50,0.6008918215620951,-1.5652678224236136
-0.178,-0.3863685002893281,50,0.6008918215620951,-1.5652678224236136
-0.021,-0.2982946374483957,50,0.6008918215620951,-1.5652678224236136
-0.015,-0.29470676512592414,50,0.6008918215620951,-1.5652678224236136
0.047,-0.2562418277844587,50,0.6008918215620951,-1.5652678224236136
0.055,-0.25107579938784635,50,0.6008918215620951,-1.5652678224236136
0.195,-0.15163922160757198,50,0.6008918215620951,-1.5652678224236136
0.222,-0.13025846523044354,50,0.6008918215620951,-1.5652678224236136
0.264,-0.09546610732772308,50,0.6008918215620951,-1.5652678224236136
0.297,-0.06684577682294622,50,0.6008918215620951,-1.5652678224236136
0.34,-0.027966869229963567,50,0.6008918215620951,-1.5652678224236136
0.487,0.1157407871633793,50,0.6008918215620951,-1.5652678224236136
0.665,0.3027630524077569,50,0.6008918215620951,-1.5652678224236136
0.764,0.40849732996897653,50,0.6008918215620951,-1.5652678224236136
1.023,0.6831305402318798,50,0.6008918215620951,-1.5652678224236136
1.132,0.796697279832146,50,0.6008918215620951,-1.5652678224236136
1.133,0.7977386018151618,50,0.6008918215620951,-1.5652678224236136
1.342,1.0242644718921494,50,0.6008918215620951,-1.5652678224236136
1.465,1.1765047082905904,50,0.6008918215620951,-1.5652678224236136
1.472,1.1857934185213275,50,0.6008918215620951,-1.5652678224236136
2.086,2.1929501899648076,50,0.6008918215620951,-1.5652678224236136
2.367,2.697167857197033,50,0.6008918215620951,-1.5652678224236136
-1.917,1.3409815433029315,51,-1.807191567049522,-0.6215518780715916
-1.724,0.9199204200716253,51,-1.807191567049522,-0.6215518780715916
-1.426,0.3170460658437409,51,-1.807191567049522,-0.6215518780715916
-1.119,-0.17575743126134635,51,-1.807191567049522,-0.6215518780715916
-1.015,-0.300400750838388,51,-1.807191567049522,-0.6215518780715916
-0.935,-0.37911925669420776,51,-1.807191567049522,-0.6215518780715916
-0.927,-0.386128290140945,51,-1.807191567049522,-0.6215518780715916
-0.807,-0.47176127388290795,51,-1.807191567049522,-0.6215518780715916
-0.803,-0.4739775262362907,51,-1.807191567049522,-0.6215518780715916
-0.803,-0.4739775262362907,51,-1.807191567049522,-0.6215518780715916
-0.793,-0.4793358496401087,51,-1.807191567049522,-0.6215518780715916
-0.702,-0.516382759023475,51,-1.807191567049522,-0.6215518780715916
-0.576,-0.5351588272879253,51,-1.807191567049522,-0.6215518780715916
-0.455,-0.5226173777230243,51,-1.807191567049522,-0.6215518780715916
-0.432,-0.5173309450111581,51,-1.807191567049522,-0.6215518780715916
-0.265,-0.4549585998971168,51,-1.807191567049522,-0.6215518780715916
-0.262,-0.4534778039868102,51,-1.807191567049522,-0.6215518780715916
-0.182,-0.40955257792578353,51,-1.807191567049522,-0.6215518780715916
-0.178,-0.4071306048544899,51,-1.807191567049522,-0.6215518780715916
-0.021,-0.29388857796410833,51,-1.807191567049522,-0.6215518780715916
-0.015,-0.28881344887033744,51,-1.807191567049522,-0.6215518780715916
0.047,-0.23294827976277926,51,-1.807191567049522,-0.6215518780715916
0.055,-0.2252824919193563,51,-1.807191567049522,-0.6215518780715916
0.195,-0.07463693279225761,51,-1.807191567049522,-0.6215518780715916
0.222,-0.04215508896081193,51,-1.807191567049522,-0.6215518780715916
0.264,0.010328941507515366,51,-1.807191567049522,-0.6215518780715916
0.297,0.05300884279855631,51,-1.807191567049522,-0.6215518780715916
0.34,0.1101628260066376,51,-1.807191567049522,-0.6215518780715916
0.487,0.31253719517424716,51,-1.807191567049522,-0.6215518780715916
0.665,0.5499905844221831,51,-1.807191567049522,-0.6215518780715916
0.764,0.6673108605176348,51,-1.807191567049522,-0.6215518780715916
1.023,0.9265793354252542,51,-1.807191567049522,-0.6215518780715916
1.132,1.0299507355910462,51,-1.807191567049522,-0.6215518780715916
1.133,1.0309174098532474,51,-1.807191567049522,-0.6215518780715916
1.342,1.2459177303449542,51,-1.807191567049522,-0.6215518780715916
1.465,1.386465437622187,51,-1.807191567049522,-0.6215518780715916
1.472,1.394779483409835,51,-1.807191567049522,-0.6215518780715916
2.086,2.2091607406211216,51,-1.807191567049522,-0.6215518780715916
2.367,2.601015943615076,51,-1.807191567049522,-0.6215518780715916
-1.917,0.5970281348501344,52,-0.3870440820943009,4.36661462689473
-1.724,0.3716844007054581,52,-0.3870440820943009,4.36661462689473
-1.426,0.047198091624061425,52,-0.3870440820943009,4.36661462689473
-1.119,-0.22260209926466495,52,-0.3870440820943009,4.36661462689473
-1.015,-0.2920624703760624,52,-0.3870440820943009,4.36661462689473
-0.935,-0.336309617750801,52,-0.3870440820943009,4.36661462689473
-0.927,-0.3402751356261078,52,-0.3870440820943009,4.36661462689473
-0.807,-0.3895873965246842,52,-0.3870440820943009,4.36661462689473
-0.803,-0.3909018118186607,52,-0.3870440820943009,4.36661462689473
-0.803,-0.3909018118186607,52,-0.3870440820943009,4.36661462689473
-0.793,-0.39409469061257485,52,-0.3870440820943009,4.36661462689473
-0.702,-0.41711232142032906,52,-0.3870440820943009,4.36661462689473
-0.576,-0.43167263221302327,52,-0.3870440820943009,4.36661462689473
-0.455,-0.42800426451881746,52,-0.3870440820943009,4.36661462689473
-0.432,-0.42546754808259124,52,-0.3870440820943009,4.36661462689473
-0.265,-0.3911029200254916,52,-0.3870440820943009,4.36661462689473
-0.262,-0.3902489091731447,52,-0.3870440820943009,4.36661462689473
-0.182,-0.364741419454458,52,-0.3870440820943009,4.36661462689473
-0.178,-0.36333445539429127,52,-0.3870440820943009,4.36661462689473
-0.021,-0.29961877667520675,52,-0.3870440820943009,4.36661462689473
-0.015,-0.29689292691463864,52,-0.3870440820943009,4.36661462689473
0.047,-0.2676893362940442,52,-0.3870440820943009,4.36661462689473
0.055,-0.2637929686768424,52,-0.3870440820943009,4.36661462689473
0.195,-0.1917098554597865,52,-0.3870440820943009,4.36661462689473
0.222,-0.17710268608534457,52,-0.3870440820943009,4.36661462689473
0.264,-0.15403231984362553,52,-0.3870440820943009,4.36661462689473
0.297,-0.13564137077271393,52,-0.3870440820943009,4.36661462689473
0.34,-0.1113768006964838,52,-0.3870440820943009,4.36661462689473
0.487,-0.02641953082948882,52,-0.3870440820943009,4.36661462689473
0.665,0.07973146563542076,52,-0.3870440820943009,4.36661462689473
0.764,0.14034331336721,52,-0.3870440820943009,4.36661462689473
1.023,0.30626258592666306,52,-0.3870440820943009,4.36661462689473
1.132,0.3802255945176396,52,-0.3870440820943009,4.36661462689473
1.133,0.3809166664435403,52,-0.3870440820943009,4.36661462689473
1.342,0.5298238374501903,52,-0.3870440820943009,4.36661462689473
1.465,0.6207668734227675,52,-0.3870440820943009,4.36661462689473
1.472,0.6259922862505554,52,-0.3870440820943009,4.36661462689473
2.086,1.0866129341516784,52,-0.3870440820943009,4.36661462689473
2.367,1.2883482839653502,52,-0.3870440820943009,4.36661462689473
-1.917,0.6715356738510354,53,-9.060685171750952,2.1951900021460213
-1.724,0.4496738073646134,53,-9.060685171750952,2.1951900021460213
-1.426,0.1367403411886079,53,-9.060685171750952,2.1951900021460213
-1.119,-0.11606041568716899,53,-9.060685171750952,2.1951900021460213
-1.015,-0.1795105664767048,53,-9.060685171750952,2.1951900021460213
-0.935,-0.2192176972735472,53,-9.060685171750952,2.1951900021460213
-0.927,-0.22272809888696246,53,-9.060685171750952,2.1951900021460213
-0.807,-0.2647935886046571,53,-9.060685171750952,2.1951900021460213
-0.803,-0.26584289785207205,53,-9.060685171750952,2.1951900021460213
-0.803,-0.26584289785207205,53,-9.060685171750952,2.1951900021460213
-0.793,-0.26836349037378504,53,-9.060685171750952,2.1951900021460213
-0.702,-0.2844706673615861,53,-9.060685171750952,2.1951900021460213
-0.576,-0.28612126827826767,53,-9.060685171750952,2.1951900021460213
-0.455,-0.2651056909632126,53,-9.060685171750952,2.1951900021460213
-0.432,-0.258615179967503,53,-9.060685171750952,2.1951900021460213
-0.265,-0.18876060814284457,53,-9.060685171750952,2.1951900021460213
-0.262,-0.18715759987256597,53,-9.060685171750952,2.1951900021460213
-0.182,-0.14021290846099618,53,-9.060685171750952,2.1951900021460213
-0.178,-0.13766093415239572,53,-9.060685171750952,2.1951900021460213
-0.021,-0.023849545634921056,53,-9.060685171750952,2.1951900021460213
-0.015,-0.019021076761110017,53,-9.060685171750952,2.1951900021460213
0.047,0.03266047931098506,53,-9.060685171750952,2.1951900021460213
0.055,0.03955499365329894,53,-9.060685171750952,2.1951900021460213
0.195,0.1675362645956869,53,-9.060685171750952,2.1951900021460213
0.222,0.19363660561234036,53,-9.060685171750952,2.1951900021460213
0.264,0.23499771581047088,53,-9.060685171750952,2.1951900021460213
0.297,0.2680644645367603,53,-9.060685171750952,2.1951900021460213
0.34,0.31176967662081573,53,-9.060685171750952,2.1951900021460213
0.487,0.46392651419130726,53,-9.060685171750952,2.1951900021460213
0.665,0.6448129449409032,53,-9.060685171750952,2.1951900021460213
0.764,0.7387077439593619,53,-9.060685171750952,2.1951900021460213
1.023,0.9477916724569135,53,-9.060685171750952,2.1951900021460213
1.132,1.0177549253123068,53,-9.060685171750952,2.1951900021460213
1.133,1.018343089256185,53,-9.060685171750952,2.1951900021460213
1.342,1.1208419563879963,53,-9.060685171750952,2.1951900021460213
1.465,1.1644334534304923,53,-9.060685171750952,2.1951900021460213
1.472,1.166599146590085,53,-9.060685171750952,2.1951900021460213
2.086,1.2541376240166566,53,-9.060685171750952,2.1951900021460213
2.367,1.2481828836610207,53,-9.060685171750952,2.1951900021460213
-1.917,0.9224813023789102,54,-1.8387788286666085,-0.08495412401697747
-1.724,0.568461696242988,54,-1.8387788286666085,-0.08495412401697747
-1.426,0.06685497775156576,54,-1.8387788286666085,-0.08495412401697747
-1.119,-0.32609601804483324,54,-1.8387788286666085,-0.08495412401697747
-1.015,-0.4172911080920379,54,-1.8387788286666085,-0.08495412401697747
-0.935,-0.47053242187083877,54,-1.8387788286666085,-0.08495412401697747
-0.927,-0.4750281182541838,54,-1.8387788286666085,-0.08495412401697747
-0.807,-0.5244241771597223,54,-1.8387788286666085,-0.08495412401697747
-0.803,-0.5254925458670051,54,-1.8387788286666085,-0.08495412401697747
-0.803,-0.5254925458670051,54,-1.8387788286666085,-0.08495412401697747
-0.793,-0.5280018536552257,54,-1.8387788286666085,-0.08495412401697747
-0.702,-0.5405377885252508,54,-1.8387788286666085,-0.08495412401697747
-0.576,-0.5294564494316116,54,-1.8387788286666085,-0.08495412401697747
-0.455,-0.4915230516885567,54,-1.8387788286666085,-0.08495412401697747
-0.432,-0.48162777416773583,54,-1.8387788286666085,-0.08495412401697747
-0.265,-0.38780587768672775,54,-1.8387788286666085,-0.08495412401697747
-0.262,-0.3858046516736128,54,-1.8387788286666085,-0.08495412401697747
-0.182,-0.3289574218192178,54,-1.8387788286666085,-0.08495412401697747
-0.178,-0.32595000321733325,54,-1.8387788286666085,-0.08495412401697747
-0.021,-0.19763532520932597,54,-1.8387788286666085,-0.08495412401697747
-0.015,-0.192389232067603,54,-1.8387788286666085,-0.08495412401697747
0.047,-0.13704289101966016,54,-1.8387788286666085,-0.08495412401697747
0.055,-0.1297674318557496,54,-1.8387788286666085,-0.08495412401697747
0.195,5.24611191365041e-4,54,-1.8387788286666085,-0.08495412401697747
0.222,0.025921968228395816,54,-1.8387788286666085,-0.08495412401697747
0.264,0.06530554256788852,54,-1.8387788286666085,-0.08495412401697747
0.297,0.09601769212174877,54,-1.8387788286666085,-0.08495412401697747
0.34,0.13555500425407374,54,-1.8387788286666085,-0.08495412401697747
0.487,0.2647232077101849,54,-1.8387788286666085,-0.08495412401697747
0.665,0.403929306988833,54,-1.8387788286666085,-0.08495412401697747
0.764,0.4710659409633121,54,-1.8387788286666085,-0.08495412401697747
1.023,0.6240708754643854,54,-1.8387788286666085,-0.08495412401697747
1.132,0.6882377593235688,54,-1.8387788286666085,-0.08495412401697747
1.133,0.6888419816117847,54,-1.8387788286666085,-0.08495412401697747
1.342,0.8207240368261453,54,-1.8387788286666085,-0.08495412401697747
1.465,0.900850182334918,54,-1.8387788286666085,-0.08495412401697747
1.472,0.9054049482981527,54,-1.8387788286666085,-0.08495412401697747
2.086,1.2432201146524162,54,-1.8387788286666085,-0.08495412401697747
2.367,1.324838431673236,54,-1.8387788286666085,-0.08495412401697747
-1.917,1.0435228568059451,55,-6.385808698217409,3.424060851800347
-1.724,0.7531505661061696,55,-6.385808698217409,3.424060851800347
-1.426,0.331758484128018,55,-6.385808698217409,3.424060851800347
-1.119,-0.02808468253281929,55,-6.385808698217409,3.424060851800347
-1.015,-0.12461383332966754,55,-6.385808698217409,3.424060851800347
-0.935,-0.18814782612255157,55,-6.385808698217409,3.424060851800347
-0.927,-0.19395150736178257,55,-6.385808698217409,3.424060851800347
-0.807,-0.2681368989774333,55,-6.385808698217409,3.424060851800347
-0.803,-0.27017621140426273,55,-6.385808698217409,3.424060851800347
-0.803,-0.27017621140426273,55,-6.385808698217409,3.424060851800347
-0.793,-0.2751471934569302,55,-6.385808698217409,3.424060851800347
-0.702,-0.3119100394250339,55,-6.385808698217409,3.424060851800347
-0.576,-0.33720137580100595,55,-6.385808698217409,3.424060851800347
-0.455,-0.33371294164478854,55,-6.385808698217409,3.424060851800347
-0.432,-0.3300741033760905,55,-6.385808698217409,3.424060851800347
-0.265,-0.2778465514741306,55,-6.385808698217409,3.424060851800347
-0.262,-0.27652967380078197,55,-6.385808698217409,3.424060851800347
-0.182,-0.23710360485618667,55,-6.385808698217409,3.424060851800347
-0.178,-0.2349254804955267,55,-6.385808698217409,3.424060851800347
-0.021,-0.1360642659829878,55,-6.385808698217409,3.424060851800347
-0.015,-0.13182561699006215,55,-6.385808698217409,3.424060851800347
0.047,-0.08637084075596939,55,-6.385808698217409,3.424060851800347
0.055,-0.08030058754413527,55,-6.385808698217409,3.424060851800347
0.195,0.03240354671329695,55,-6.385808698217409,3.424060851800347
0.222,0.05537947679869457,55,-6.385808698217409,3.424060851800347
0.264,0.09179129266590107,55,-6.385808698217409,3.424060851800347
0.297,0.1209246687808342,55,-6.385808698217409,3.424060851800347
0.34,0.1595020710281865,55,-6.385808698217409,3.424060851800347
0.487,0.29535333984891027,55,-6.385808698217409,3.424060851800347
0.665,0.4636431733022398,55,-6.385808698217409,3.424060851800347
0.764,0.5567123214473226,55,-6.385808698217409,3.424060851800347
1.023,0.791881135780198,55,-6.385808698217409,3.424060851800347
1.132,0.8851878362734104,55,-6.385808698217409,3.424060851800347
1.133,0.8860238503663687,55,-6.385808698217409,3.424060851800347
1.342,1.053835236292355,55,-6.385808698217409,3.424060851800347
1.465,1.148326686644612,55,-6.385808698217409,3.424060851800347
1.472,1.1536425830639248,55,-6.385808698217409,3.424060851800347
2.086,1.552723976373146,55,-6.385808698217409,3.424060851800347
2.367,1.663074854843827,55,-6.385808698217409,3.424060851800347
-1.917,0.5604202934957135,56,7.502864631256698,-1.2276714849970096
-1.724,0.29659095049848605,56,7.502864631256698,-1.2276714849970096
-1.426,-0.08781800872485188,56,7.502864631256698,-1.2276714849970096
-1.119,-0.4179169715479529,56,7.502864631256698,-1.2276714849970096
-1.015,-0.5083072453317391,56,7.502864631256698,-1.2276714849970096
-0.935,-0.5690889240777084,56,7.502864631256698,-1.2276714849970096
-0.927,-0.5747247080681948,56,7.502864631256698,-1.2276714849970096
-0.807,-0.6491181255096068,56,7.502864631256698,-1.2276714849970096
-0.803,-0.6512610653241495,56,7.502864631256698,-1.2276714849970096
-0.803,-0.6512610653241495,56,7.502864631256698,-1.2276714849970096
-0.793,-0.6565207549595171,56,7.502864631256698,-1.2276714849970096
-0.702,-0.6978968105175956,56,7.502864631256698,-1.2276714849970096
-0.576,-0.7354343271318743,56,7.502864631256698,-1.2276714849970096
-0.455,-0.7492065382540142,56,7.502864631256698,-1.2276714849970096
-0.432,-0.7493110142450906,56,7.502864631256698,-1.2276714849970096
-0.265,-0.7255663805603164,56,7.502864631256698,-1.2276714849970096
-0.262,-0.7247417557497159,56,7.502864631256698,-1.2276714849970096
-0.182,-0.6975006257626626,56,7.502864631256698,-1.2276714849970096
-0.178,-0.6958717462885623,56,7.502864631256698,-1.2276714849970096
-0.021,-0.6116355221647208,56,7.502864631256698,-1.2276714849970096
-0.015,-0.6076246172773069,56,7.502864631256698,-1.2276714849970096
0.047,-0.5627662767735412,56,7.502864631256698,-1.2276714849970096
0.055,-0.5565288675720326,56,7.502864631256698,-1.2276714849970096
0.195,-0.4314469928949602,56,7.502864631256698,-1.2276714849970096
0.222,-0.40401696284943706,56,7.502864631256698,-1.2276714849970096
0.264,-0.35938534211406087,56,7.502864631256698,-1.2276714849970096
0.297,-0.32273838730436677,56,7.502864631256698,-1.2276714849970096
0.34,-0.27309185586709883,56,7.502864631256698,-1.2276714849970096
0.487,-0.09046993755310596,56,7.502864631256698,-1.2276714849970096
0.665,0.14592728687336365,56,7.502864631256698,-1.2276714849970096
0.764,0.2781369695092599,56,7.502864631256698,-1.2276714849970096
1.023,0.6033142196657394,56,7.502864631256698,-1.2276714849970096
1.132,0.7256111755704047,56,7.502864631256698,-1.2276714849970096
1.133,0.7266818015484215,56,7.502864631256698,-1.2276714849970096
1.342,0.9310225641861251,56,7.502864631256698,-1.2276714849970096
1.465,1.036787759487749,56,7.502864631256698,-1.2276714849970096
1.472,1.0425635942855265,56,7.502864631256698,-1.2276714849970096
2.086,1.4646775081214873,56,7.502864631256698,-1.2276714849970096
2.367,1.6117189477871852,56,7.502864631256698,-1.2276714849970096
-1.917,1.0774485891649563,57,1.3586355101881515,6.328337811586366
-1.724,0.7372478327957301,57,1.3586355101881515,6.328337811586366
-1.426,0.26379322848786135,57,1.3586355101881515,6.328337811586366
-1.119,-0.11879767478720427,57,1.3586355101881515,6.328337811586366
-1.015,-0.21746343860297826,57,1.3586355101881515,6.328337811586366
-0.935,-0.2816809562506436,57,1.3586355101881515,6.328337811586366
-0.927,-0.287538946363686,57,1.3586355101881515,6.328337811586366
-0.807,-0.3631371466347788,57,1.3586355101881515,6.328337811586366
-0.803,-0.365262845011931,57,1.3586355101881515,6.328337811586366
-0.803,-0.365262845011931,57,1.3586355101881515,6.328337811586366
-0.793,-0.3704663968354204,57,1.3586355101881515,6.328337811586366
-0.702,-0.4106422806671425,57,1.3586355101881515,6.328337811586366
-0.576,-0.4458311048934657,57,1.3586355101881515,6.328337811586366
-0.455,-0.45952850732968137,57,1.3586355101881515,6.328337811586366
-0.432,-0.4601553486657273,57,1.3586355101881515,6.328337811586366
-0.265,-0.4483009362109619,57,1.3586355101881515,6.328337811586366
-0.262,-0.44784616011742506,57,1.3586355101881515,6.328337811586366
-0.182,-0.43293800466052584,57,1.3586355101881515,6.328337811586366
-0.178,-0.43205834436728136,57,1.3586355101881515,6.328337811586366
-0.021,-0.38801686536846036,57,1.3586355101881515,6.328337811586366
-0.015,-0.3859718199879211,57,1.3586355101881515,6.328337811586366
0.047,-0.3633066957278727,57,1.3586355101881515,6.328337811586366
0.055,-0.36017859431146937,57,1.3586355101881515,6.328337811586366
0.195,-0.29805594143422565,57,1.3586355101881515,6.328337811586366
0.222,-0.28451185686006886,57,1.3586355101881515,6.328337811586366
0.264,-0.26248440240348164,57,1.3586355101881515,6.328337811586366
0.297,-0.24441681625288722,57,1.3586355101881515,6.328337811586366
0.34,-0.22000630867430354,57,1.3586355101881515,6.328337811586366
0.487,-0.1317363616522541,57,1.3586355101881515,6.328337811586366
0.665,-0.023131950477522697,57,1.3586355101881515,6.328337811586366
0.764,0.03505329732369096,57,1.3586355101881515,6.328337811586366
1.023,0.17622370894544379,57,1.3586355101881515,6.328337811586366
1.132,0.23433655128595984,57,1.3586355101881515,6.328337811586366
1.133,0.23487367317753516,57,1.3586355101881515,6.328337811586366
1.342,0.347286152824426,57,1.3586355101881515,6.328337811586366
1.465,0.4103570183041249,57,1.3586355101881515,6.328337811586366
1.472,0.4138044499176033,57,1.3586355101881515,6.328337811586366
2.086,0.6614665522949246,57,1.3586355101881515,6.328337811586366
2.367,0.7543802221471545,57,1.3586355101881515,6.328337811586366
-1.917,-0.0315780541789448,58,-5.290943310588419,-0.5020386177842493
-1.724,-0.12933184982843549,58,-5.290943310588419,-0.5020386177842493
-1.426,-0.27799160586052707,58,-5.290943310588419,-0.5020386177842493
-1.119,-0.4109179404245904,58,-5.290943310588419,-0.5020386177842493
-1.015,-0.44365013530464587,58,-5.290943310588419,-0.5020386177842493
-0.935,-0.4617147279411327,58,-5.290943310588419,-0.5020386177842493
-0.927,-0.46310688630783353,58,-5.290943310588419,-0.5020386177842493
-0.807,-0.4732296981076053,58,-5.290943310588419,-0.5020386177842493
-0.803,-0.47318618874284424,58,-5.290943310588419,-0.5020386177842493
-0.803,-0.47318618874284424,58,-5.290943310588419,-0.5020386177842493
-0.793,-0.47296106312128294,58,-5.290943310588419,-0.5020386177842493
-0.702,-0.46337966613937814,58,-5.290943310588419,-0.5020386177842493
-0.576,-0.42871173020862136,58,-5.290943310588419,-0.5020386177842493
-0.455,-0.37367626873808163,58,-5.290943310588419,-0.5020386177842493
-0.432,-0.3609515332595061,58,-5.290943310588419,-0.5020386177842493
-0.265,-0.24954623557885058,58,-5.290943310588419,-0.5020386177842493
-0.262,-0.24727750785257896,58,-5.290943310588419,-0.5020386177842493
-0.182,-0.18402151387197413,58,-5.290943310588419,-0.5020386177842493
-0.178,-0.18073476935746793,58,-5.290943310588419,-0.5020386177842493
-0.021,-0.04569636480048074,58,-5.290943310588419,-0.5020386177842493
-0.015,-0.040391210960767025,58,-5.290943310588419,-0.5020386177842493
0.047,0.014534490838135211,58,-5.290943310588419,-0.5020386177842493
0.055,0.021612563088423905,58,-5.290943310588419,-0.5020386177842493
0.195,0.14309042843207842,58,-5.290943310588419,-0.5020386177842493
0.222,0.16565334961594771,58,-5.290943310588419,-0.5020386177842493
0.264,0.19993042156344465,58,-5.290943310588419,-0.5020386177842493
0.297,0.22605100228668717,58,-5.290943310588419,-0.5020386177842493
0.34,0.2588634174128461,58,-5.290943310588419,-0.5020386177842493
0.487,0.35989502554800556,58,-5.290943310588419,-0.5020386177842493
0.665,0.4596716557947955,58,-5.290943310588419,-0.5020386177842493
0.764,0.5053616341707954,58,-5.290943310588419,-0.5020386177842493
1.023,0.6217288676016167,58,-5.290943310588419,-0.5020386177842493
1.132,0.6869577475556294,58,-5.290943310588419,-0.5020386177842493
1.133,0.6876345983930223,58,-5.290943310588419,-0.5020386177842493
1.342,0.8615131549412006,58,-5.290943310588419,-0.5020386177842493
1.465,0.990798584365234,58,-5.290943310588419,-0.5020386177842493
1.472,0.9986842080727264,58,-5.290943310588419,-0.5020386177842493
2.086,1.8300938212446753,58,-5.290943310588419,-0.5020386177842493
2.367,2.2420262988170125,58,-5.290943310588419,-0.5020386177842493
-1.917,-0.1631132308896296,59,-3.7966352142362605,2.384629656642122
-1.724,-0.23192148680595384,59,-3.7966352142362605,2.384629656642122
-1.426,-0.33236327173229324,59,-3.7966352142362605,2.384629656642122
-1.119,-0.3990733574083714,59,-3.7966352142362605,2.384629656642122
-1.015,-0.406977218888716,59,-3.7966352142362605,2.384629656642122
-0.935,-0.4078949963678699,59,-3.7966352142362605,2.384629656642122
-0.927,-0.407774408069155,59,-3.7966352142362605,2.384629656642122
-0.807,-0.4023043138404615,59,-3.7966352142362605,2.384629656642122
-0.803,-0.4020236713640643,59,-3.7966352142362605,2.384629656642122
-0.803,-0.4020236713640643,59,-3.7966352142362605,2.384629656642122
-0.793,-0.4012997915998007,59,-3.7966352142362605,2.384629656642122
-0.702,-0.39314134198796635,59,-3.7966352142362605,2.384629656642122
-0.576,-0.37579776551830246,59,-3.7966352142362605,2.384629656642122
-0.455,-0.34931425160096646,59,-3.7966352142362605,2.384629656642122
-0.432,-0.34289226077601964,59,-3.7966352142362605,2.384629656642122
-0.265,-0.2814203703423968,59,-3.7966352142362605,2.384629656642122
-0.262,-0.2800707620949193,59,-3.7966352142362605,2.384629656642122
-0.182,-0.24088614514576084,59,-3.7966352142362605,2.384629656642122
-0.178,-0.2387693144352889,59,-3.7966352142362605,2.384629656642122
-0.021,-0.14451611307574108,59,-3.7966352142362605,2.384629656642122
-0.015,-0.1404979572578918,59,-3.7966352142362605,2.384629656642122
0.047,-0.09727344561893428,59,-3.7966352142362605,2.384629656642122
0.055,-0.09147377329901533,59,-3.7966352142362605,2.384629656642122
0.195,0.017187586924972624,59,-3.7966352142362605,2.384629656642122
0.222,0.03946876969026972,59,-3.7966352142362605,2.384629656642122
0.264,0.07479994177034333,59,-3.7966352142362605,2.384629656642122
0.297,0.10305862179823719,59,-3.7966352142362605,2.384629656642122
0.34,0.14036074294777218,59,-3.7966352142362605,2.384629656642122
0.487,0.26354561706564683,59,-3.7966352142362605,2.384629656642122
0.665,0.37145498633227897,59,-3.7966352142362605,2.384629656642122
0.764,0.40022516459852986,59,-3.7966352142362605,2.384629656642122
1.023,0.4081065191069609,59,-3.7966352142362605,2.384629656642122
1.132,0.41775840883286747,59,-3.7966352142362605,2.384629656642122
1.133,0.41794424761431526,59,-3.7966352142362605,2.384629656642122
1.342,0.4941045528725465,59,-3.7966352142362605,2.384629656642122
1.465,0.5550943431320015,59,-3.7966352142362605,2.384629656642122
1.472,0.5583446643343422,59,-3.7966352142362605,2.384629656642122
2.086,0.6858407566097736,59,-3.7966352142362605,2.384629656642122
2.367,0.6853454303340976,59,-3.7966352142362605,2.384629656642122
-1.917,1.2314149483882548,60,-3.525237954419342,4.5091382555068575
-1.724,0.8911254720832383,60,-3.525237954419342,4.5091382555068575
-1.426,0.39625988185419825,60,-3.525237954419342,4.5091382555068575
-1.119,-0.0275626705983717,60,-3.525237954419342,4.5091382555068575
-1.015,-0.1404764659862557,60,-3.525237954419342,4.5091382555068575
-0.935,-0.214019243454447,60,-3.525237954419342,4.5091382555068575
-0.927,-0.22067517667059802,60,-3.525237954419342,4.5091382555068575
-0.807,-0.30370492414096417,60,-3.525237954419342,4.5091382555068575
-0.803,-0.3058975732390415,60,-3.525237954419342,4.5091382555068575
-0.803,-0.3058975732390415,60,-3.525237954419342,4.5091382555068575
-0.793,-0.31120862120024323,60,-3.525237954419342,4.5091382555068575
-0.702,-0.3483956892638388,60,-3.525237954419342,4.5091382555068575
-0.576,-0.3679888939248124,60,-3.525237954419342,4.5091382555068575
-0.455,-0.35727521486881414,60,-3.525237954419342,4.5091382555068575
-0.432,-0.3527157730903306,60,-3.525237954419342,4.5091382555068575
-0.265,-0.3063134644000354,60,-3.525237954419342,4.5091382555068575
-0.262,-0.30538508244687823,60,-3.525237954419342,4.5091382555068575
-0.182,-0.2809355004005655,60,-3.525237954419342,4.5091382555068575
-0.178,-0.2797387208790175,60,-3.525237954419342,4.5091382555068575
-0.021,-0.23273912084772969,60,-3.525237954419342,4.5091382555068575
-0.015,-0.2308330366434113,60,-3.525237954419342,4.5091382555068575
0.047,-0.2099875696397679,60,-3.525237954419342,4.5091382555068575
0.055,-0.20710924921677612,60,-3.525237954419342,4.5091382555068575
0.195,-0.14626335854994796,60,-3.525237954419342,4.5091382555068575
0.222,-0.13163850997342005,60,-3.525237954419342,4.5091382555068575
0.264,-0.10667761050533968,60,-3.525237954419342,4.5091382555068575
0.297,-0.08516327198617982,60,-3.525237954419342,4.5091382555068575
0.34,-0.05472200795837655,60,-3.525237954419342,4.5091382555068575
0.487,0.06586104500019745,60,-3.525237954419342,4.5091382555068575
0.665,0.2317532263162258,60,-3.525237954419342,4.5091382555068575
0.764,0.32774914615912687,60,-3.525237954419342,4.5091382555068575
1.023,0.5836808621908884,60,-3.525237954419342,4.5091382555068575
1.132,0.6995191974124289,60,-3.525237954419342,4.5091382555068575
1.133,0.7006204646883347,60,-3.525237954419342,4.5091382555068575
1.342,0.9480583396879402,60,-3.525237954419342,4.5091382555068575
1.465,1.1094794445095044,60,-3.525237954419342,4.5091382555068575
1.472,1.1190119412359867,60,-3.525237954419342,4.5091382555068575
2.086,2.0516251310681097,60,-3.525237954419342,4.5091382555068575
2.367,2.5001452319670308,60,-3.525237954419342,4.5091382555068575
-1.917,1.0459039695066321,61,-6.822296995421458,-2.974739333981763
-1.724,0.6348052595458923,61,-6.822296995421458,-2.974739333981763
-1.426,0.05616948140660148,61,-6.822296995421458,-2.974739333981763
-1.119,-0.38559859233341237,61,-6.822296995421458,-2.974739333981763
-1.015,-0.4827072286255722,61,-6.822296995421458,-2.974739333981763
-0.935,-0.5352024310055433,61,-6.822296995421458,-2.974739333981763
-0.927,-0.5393208392780069,61,-6.822296995421458,-2.974739333981763
-0.807,-0.5752813452503601,61,-6.822296995421458,-2.974739333981763
-0.803,-0.5756298226548856,61,-6.822296995421458,-2.974739333981763
-0.803,-0.5756298226548856,61,-6.822296995421458,-2.974739333981763
-0.793,-0.5762573708262889,61,-6.822296995421458,-2.974739333981763
-0.702,-0.5665482427433062,61,-6.822296995421458,-2.974739333981763
-0.576,-0.5113646266199138,61,-6.822296995421458,-2.974739333981763
-0.455,-0.4197956726774357,61,-6.822296995421458,-2.974739333981763
-0.432,-0.39883273943263997,61,-6.822296995421458,-2.974739333981763
-0.265,-0.22143343748541008,61,-6.822296995421458,-2.974739333981763
-0.262,-0.21793316654706657,61,-6.822296995421458,-2.974739333981763
-0.182,-0.12206191489590519,61,-6.822296995421458,-2.974739333981763
-0.178,-0.11716792967569696,61,-6.822296995421458,-2.974739333981763
-0.021,0.07674390426599047,61,-6.822296995421458,-2.974739333981763
-0.015,0.08407182758943707,61,-6.822296995421458,-2.974739333981763
0.047,0.1585676800735953,61,-6.822296995421458,-2.974739333981763
0.055,0.16798099358741697,61,-6.822296995421458,-2.974739333981763
0.195,0.3220640162851884,61,-6.822296995421458,-2.974739333981763
0.222,0.3488985308144868,61,-6.822296995421458,-2.974739333981763
0.264,0.3884366197227703,61,-6.822296995421458,-2.974739333981763
0.297,0.41755807537120965,61,-6.822296995421458,-2.974739333981763
0.34,0.45287703979079846,61,-6.822296995421458,-2.974739333981763
0.487,0.5525013351115005,61,-6.822296995421458,-2.974739333981763
0.665,0.6389761039043851,61,-6.822296995421458,-2.974739333981763
0.764,0.6781206757212471,61,-6.822296995421458,-2.974739333981763
1.023,0.7834371740054005,61,-6.822296995421458,-2.974739333981763
1.132,0.8415208576523713,61,-6.822296995421458,-2.974739333981763
1.133,0.8421185660815036,61,-6.822296995421458,-2.974739333981763
1.342,1.0022522550989066,61,-6.822296995421458,-2.974739333981763
1.465,1.1375447009496809,61,-6.822296995421458,-2.974739333981763
1.472,1.1462849007231561,61,-6.822296995421458,-2.974739333981763
2.086,2.2114846171388676,61,-6.822296995421458,-2.974739333981763
2.367,2.76614684864763,61,-6.822296995421458,-2.974739333981763
-1.917,0.6692241129453907,62,-3.4015077990254516,1.6836798254948964
-1.724,0.4275546669414737,62,-3.4015077990254516,1.6836798254948964
-1.426,0.08411082284231375,62,-3.4015077990254516,1.6836798254948964
-1.119,-0.19975954071476965,62,-3.4015077990254516,1.6836798254948964
-1.015,-0.27367342285954477,62,-3.4015077990254516,1.6836798254948964
-0.935,-0.32166061739036445,62,-3.4015077990254516,1.6836798254948964
-0.927,-0.326017152418158,62,-3.4015077990254516,1.6836798254948964
-0.807,-0.38126712368405113,62,-3.4015077990254516,1.6836798254948964
-0.803,-0.3827730399158177,62,-3.4015077990254516,1.6836798254948964
-0.803,-0.3827730399158177,62,-3.4015077990254516,1.6836798254948964
-0.793,-0.3864402916753515,62,-3.4015077990254516,1.6836798254948964
-0.702,-0.4132663220648115,62,-3.4015077990254516,1.6836798254948964
-0.576,-0.43009169825779603,62,-3.4015077990254516,1.6836798254948964
-0.455,-0.4230282199452285,62,-3.4015077990254516,1.6836798254948964
-0.432,-0.4190748302498568,62,-3.4015077990254516,1.6836798254948964
-0.265,-0.366401124426018,62,-3.4015077990254516,1.6836798254948964
-0.262,-0.3650892473929065,62,-3.4015077990254516,1.6836798254948964
-0.182,-0.3256786739678572,62,-3.4015077990254516,1.6836798254948964
-0.178,-0.323489990519179,62,-3.4015077990254516,1.6836798254948964
-0.021,-0.22249345489409483,62,-3.4015077990254516,1.6836798254948964
-0.015,-0.21808645871326598,62,-3.4015077990254516,1.6836798254948964
0.047,-0.17039821722167567,62,-3.4015077990254516,1.6836798254948964
0.055,-0.16396851995898332,62,-3.4015077990254516,1.6836798254948964
0.195,-0.042200267152610674,62,-3.4015077990254516,1.6836798254948964
0.222,-0.016886114646611106,62,-3.4015077990254516,1.6836798254948964
0.264,0.023514013304791522,62,-3.4015077990254516,1.6836798254948964
0.297,0.056056148145761785,62,-3.4015077990254516,1.6836798254948964
0.34,0.09938139752342763,62,-3.4015077990254516,1.6836798254948964
0.487,0.25275308574359145,62,-3.4015077990254516,1.6836798254948964
0.665,0.43992725499958524,62,-3.4015077990254516,1.6836798254948964
0.764,0.5397796476529593,62,-3.4015077990254516,1.6836798254948964
1.023,0.7736022614142463,62,-3.4015077990254516,1.6836798254948964
1.132,0.8561607814422929,62,-3.4015077990254516,1.6836798254948964
1.133,0.8568661019872413,62,-3.4015077990254516,1.6836798254948964
1.342,0.982605793915696,62,-3.4015077990254516,1.6836798254948964
1.465,1.036782927934348,62,-3.4015077990254516,1.6836798254948964
1.472,1.0394447680752186,62,-3.4015077990254516,1.6836798254948964
2.086,1.134256679144003,62,-3.4015077990254516,1.6836798254948964
2.367,1.1198594855494843,62,-3.4015077990254516,1.6836798254948964
-1.917,1.3583920529724538,63,3.9432589228459567,1.7871352285932176
-1.724,0.9329251012018421,63,3.9432589228459567,1.7871352285932176
-1.426,0.30680589143120846,63,3.9432589228459567,1.7871352285932176
-1.119,-0.24188029001206401,63,3.9432589228459567,1.7871352285932176
-1.015,-0.386633833727192,63,3.9432589228459567,1.7871352285932176
-0.935,-0.4787039187672808,63,3.9432589228459567,1.7871352285932176
-0.927,-0.48689326917917636,63,3.9432589228459567,1.7871352285932176
-0.807,-0.585913942721001,63,3.9432589228459567,1.7871352285932176
-0.803,-0.5884213665384921,63,3.9432589228459567,1.7871352285932176
-0.803,-0.5884213665384921,63,3.9432589228459567,1.7871352285932176
-0.793,-0.5944601648038886,63,3.9432589228459567,1.7871352285932176
-0.702,-0.6347742275506651,63,3.9432589228459567,1.7871352285932176
-0.576,-0.6509149096634945,63,3.9432589228459567,1.7871352285932176
-0.455,-0.6312438204254753,63,3.9432589228459567,1.7871352285932176
-0.432,-0.624425977630697,63,3.9432589228459567,1.7871352285932176
-0.265,-0.5530566468110104,63,3.9432589228459567,1.7871352285932176
-0.262,-0.5514858554038875,63,3.9432589228459567,1.7871352285932176
-0.182,-0.5066770419103489,63,3.9432589228459567,1.7871352285932176
-0.178,-0.5042962749314862,63,3.9432589228459567,1.7871352285932176
-0.021,-0.40185446748354675,63,3.9432589228459567,1.7871352285932176
-0.015,-0.3976332168460981,63,3.9432589228459567,1.7871352285932176
0.047,-0.35292408777877254,63,3.9432589228459567,1.7871352285932176
0.055,-0.3470196202111835,63,3.9432589228459567,1.7871352285932176
0.195,-0.2404585641554571,63,3.9432589228459567,1.7871352285932176
0.222,-0.21960455101800616,63,3.9432589228459567,1.7871352285932176
0.264,-0.18736288544451488,63,3.9432589228459567,1.7871352285932176
0.297,-0.1624499397766175,63,3.9432589228459567,1.7871352285932176
0.34,-0.13095957168237463,63,3.9432589228459567,1.7871352285932176
0.487,-0.037564365357637436,63,3.9432589228459567,1.7871352285932176
0.665,0.03440899935048425,63,3.9432589228459567,1.7871352285932176
0.764,0.05740240868561004,63,3.9432589228459567,1.7871352285932176
1.023,0.13865524508754207,63,3.9432589228459567,1.7871352285932176
1.132,0.22343446952043278,63,3.9432589228459567,1.7871352285932176
1.133,0.22441492676504787,63,3.9432589228459567,1.7871352285932176
1.342,0.5045108903849828,63,3.9432589228459567,1.7871352285932176
1.465,0.7250056956845069,63,3.9432589228459567,1.7871352285932176
1.472,0.738470159817926,63,3.9432589228459567,1.7871352285932176
2.086,2.141414789357226,63,3.9432589228459567,1.7871352285932176
2.367,2.8334009949002965,63,3.9432589228459567,1.7871352285932176
-1.917,1.2376137253719754,64,-1.5991498208709822,3.4085334230469457
-1.724,0.8640510968049246,64,-1.5991498208709822,3.4085334230469457
-1.426,0.3343323570471777,64,-1.5991498208709822,3.4085334230469457
-1.119,-0.10175740001077176,64,-1.5991498208709822,3.4085334230469457
-1.015,-0.21466534195809914,64,-1.5991498208709822,3.4085334230469457
-0.935,-0.2873584556572407,64,-1.5991498208709822,3.4085334230469457
-0.927,-0.2939300333924329,64,-1.5991498208709822,3.4085334230469457
-0.807,-0.37730999300469537,64,-1.5991498208709822,3.4085334230469457
-0.803,-0.37960245318729974,64,-1.5991498208709822,3.4085334230469457
-0.803,-0.37960245318729974,64,-1.5991498208709822,3.4085334230469457
-0.793,-0.38519733304266157,64,-1.5991498208709822,3.4085334230469457
-0.702,-0.42726091411368883,64,-1.5991498208709822,3.4085334230469457
-0.576,-0.4597820782325003,64,-1.5991498208709822,3.4085334230469457
-0.455,-0.46388310218178747,64,-1.5991498208709822,3.4085334230469457
-0.432,-0.4617554595510138,64,-1.5991498208709822,3.4085334230469457
-0.265,-0.42009991470049995,64,-1.5991498208709822,3.4085334230469457
-0.262,-0.4189492446348439,64,-1.5991498208709822,3.4085334230469457
-0.182,-0.3834601785175444,64,-1.5991498208709822,3.4085334230469457
-0.178,-0.38145446863096605,64,-1.5991498208709822,3.4085334230469457
-0.021,-0.2878063630430843,64,-1.5991498208709822,3.4085334230469457
-0.015,-0.28371633461910833,64,-1.5991498208709822,3.4085334230469457
0.047,-0.2396300564031052,64,-1.5991498208709822,3.4085334230469457
0.055,-0.23371596557983598,64,-1.5991498208709822,3.4085334230469457
0.195,-0.12344578556922524,64,-1.5991498208709822,3.4085334230469457
0.222,-0.10098104618967592,64,-1.5991498208709822,3.4085334230469457
0.264,-0.06546018495894436,64,-1.5991498208709822,3.4085334230469457
0.297,-0.03713062148705901,64,-1.5991498208709822,3.4085334230469457
0.34,2.3402485116201594e-4,64,-1.5991498208709822,3.4085334230469457
0.487,0.13051579649134507,64,-1.5991498208709822,3.4085334230469457
0.665,0.28959587908994266,64,-1.5991498208709822,3.4085334230469457
0.764,0.37650285223039553,64,-1.5991498208709822,3.4085334230469457
1.023,0.5872559821191824,64,-1.5991498208709822,3.4085334230469457
1.132,0.664350997797527,64,-1.5991498208709822,3.4085334230469457
1.133,0.6650177697050992,64,-1.5991498208709822,3.4085334230469457
1.342,0.7870254564510246,64,-1.5991498208709822,3.4085334230469457
1.465,0.8424502186164486,64,-1.5991498208709822,3.4085334230469457
1.472,0.8452459364827586,64,-1.5991498208709822,3.4085334230469457
2.086,0.9766024557029108,64,-1.5991498208709822,3.4085334230469457
2.367,0.9942136342557333,64,-1.5991498208709822,3.4085334230469457
-1.917,0.41731842153166654,65,-2.4176736566614103,-0.23179702059379398
-1.724,0.19622747421018077,65,-2.4176736566614103,-0.23179702059379398
-1.426,-0.11177821932641017,65,-2.4176736566614103,-0.23179702059379398
-1.119,-0.3551436410154018,65,-2.4176736566614103,-0.23179702059379398
-1.015,-0.41465286830491926,65,-2.4176736566614103,-0.23179702059379398
-0.935,-0.4511374513346,65,-2.4176736566614103,-0.23179702059379398
-0.927,-0.45431829782193833,65,-2.4176736566614103,-0.23179702059379398
-0.807,-0.4913648120848465,65,-2.4176736566614103,-0.23179702059379398
-0.803,-0.49224648968826296,65,-2.4176736566614103,-0.23179702059379398
-0.803,-0.49224648968826296,65,-2.4176736566614103,-0.23179702059379398
-0.793,-0.4943485846938642,65,-2.4176736566614103,-0.23179702059379398
-0.702,-0.5067324220090383,65,-2.4176736566614103,-0.23179702059379398
-0.576,-0.503588059488379,65,-2.4176736566614103,-0.23179702059379398
-0.455,-0.47810305635962835,65,-2.4176736566614103,-0.23179702059379398
-0.432,-0.47076744963985306,65,-2.4176736566614103,-0.23179702059379398
-0.265,-0.39372205691989187,65,-2.4176736566614103,-0.23179702059379398
-0.262,-0.39195660211724587,65,-2.4176736566614103,-0.23179702059379398
-0.182,-0.3399805864317253,65,-2.4176736566614103,-0.23179702059379398
-0.178,-0.3371371530844559,65,-2.4176736566614103,-0.23179702059379398
-0.021,-0.20779167966139225,65,-2.4176736566614103,-0.23179702059379398
-0.015,-0.2021799484701445,65,-2.4176736566614103,-0.23179702059379398
0.047,-0.14153879765969365,65,-2.4176736566614103,-0.23179702059379398
0.055,-0.13338576249711256,65,-2.4176736566614103,-0.23179702059379398
0.195,0.018322041469703218,65,-2.4176736566614103,-0.23179702059379398
0.222,0.04891020109309304,65,-2.4176736566614103,-0.23179702059379398
0.264,0.09685343436269082,65,-2.4176736566614103,-0.23179702059379398
0.297,0.13461151959326367,65,-2.4176736566614103,-0.23179702059379398
0.34,0.18359602993423285,65,-2.4176736566614103,-0.23179702059379398
0.487,0.34421880157140283,65,-2.4176736566614103,-0.23179702059379398
0.665,0.5106395402546058,65,-2.4176736566614103,-0.23179702059379398
0.764,0.5859230895403577,65,-2.4176736566614103,-0.23179702059379398
1.023,0.7227496650642435,65,-2.4176736566614103,-0.23179702059379398
1.132,0.7607174234008215,65,-2.4176736566614103,-0.23179702059379398
1.133,0.7610273290405289,65,-2.4176736566614103,-0.23179702059379398
1.342,0.8130580832599358,65,-2.4176736566614103,-0.23179702059379398
1.465,0.832835435136568,65,-2.4176736566614103,-0.23179702059379398
1.472,0.8337319498608774,65,-2.4176736566614103,-0.23179702059379398
2.086,0.8391270468886405,65,-2.4176736566614103,-0.23179702059379398
2.367,0.8142565695339331,65,-2.4176736566614103,-0.23179702059379398
-1.917,0.9819422830530371,66,2.487861429773087,2.3381487381466592
-1.724,0.650962325869909,66,2.487861429773087,2.3381487381466592
-1.426,0.1718673036067221,66,2.487861429773087,2.3381487381466592
-1.119,-0.23067411112805442,66,2.487861429773087,2.3381487381466592
-1.015,-0.3365218714179277,66,2.487861429773087,2.3381487381466592
-0.935,-0.4053280071125726,66,2.487861429773087,2.3381487381466592
-0.927,-0.41156778558393703,66,2.487861429773087,2.3381487381466592
-0.807,-0.4904878956683387,66,2.487861429773087,2.3381487381466592
-0.803,-0.492633714543713,66,2.487861429773087,2.3381487381466592
-0.803,-0.492633714543713,66,2.487861429773087,2.3381487381466592
-0.793,-0.49785883052206975,66,2.487861429773087,2.3381487381466592
-0.702,-0.5363926640324205,66,2.487861429773087,2.3381487381466592
-0.576,-0.5641299252420849,66,2.487861429773087,2.3381487381466592
-0.455,-0.5656906938147468,66,2.487861429773087,2.3381487381466592
-0.432,-0.5635198328047859,66,2.487861429773087,2.3381487381466592
-0.265,-0.5272555475072365,66,2.487861429773087,2.3381487381466592
-0.262,-0.5263021047388593,66,2.487861429773087,2.3381487381466592
-0.182,-0.49728492388171847,66,2.487861429773087,2.3381487381466592
-0.178,-0.49565379082654315,66,2.487861429773087,2.3381487381466592
-0.021,-0.41810310550729574,66,2.487861429773087,2.3381487381466592
-0.015,-0.414612592852975,66,2.487861429773087,2.3381487381466592
0.047,-0.3762789370744417,66,2.487861429773087,2.3381487381466592
0.055,-0.3710344094557133,66,2.487861429773087,2.3381487381466592
0.195,-0.26887470188448154,66,2.487861429773087,2.3381487381466592
0.222,-0.2470760537422514,66,2.487861429773087,2.3381487381466592
0.264,-0.2119901106706709,66,2.487861429773087,2.3381487381466592
0.297,-0.18353635409268548,66,2.487861429773087,2.3381487381466592
0.34,-0.14550029182809515,66,2.487861429773087,2.3381487381466592
0.487,-0.010930844159283977,66,2.487861429773087,2.3381487381466592
0.665,0.150305482340822,66,2.487861429773087,2.3381487381466592
0.764,0.23517191977919044,66,2.487861429773087,2.3381487381466592
1.023,0.44163401119901574,66,2.487861429773087,2.3381487381466592
1.132,0.5257022335876439,66,2.487861429773087,2.3381487381466592
1.133,0.5264709539449604,66,2.487861429773087,2.3381487381466592
1.342,0.6864086280045577,66,2.487861429773087,2.3381487381466592
1.465,0.7801434678571605,66,2.487861429773087,2.3381487381466592
1.472,0.7854756751867733,66,2.487861429773087,2.3381487381466592
2.086,1.2531862887738912,66,2.487861429773087,2.3381487381466592
2.367,1.467236260138677,66,2.487861429773087,2.3381487381466592
-1.917,1.2364093111263221,67,2.7109743052295965,-1.0712614395283706
-1.724,0.7853570964985915,67,2.7109743052295965,-1.0712614395283706
-1.426,0.12797257047257013,67,2.7109743052295965,-1.0712614395283706
-1.119,-0.4240744030221474,67,2.7109743052295965,-1.0712614395283706
-1.015,-0.5556983674229444,67,2.7109743052295965,-1.0712614395283706
-0.935,-0.6308441975193282,67,2.7109743052295965,-1.0712614395283706
-0.927,-0.6370141267450781,67,2.7109743052295965,-1.0712614395283706
-0.807,-0.6983564392586848,67,2.7109743052295965,-1.0712614395283706
-0.803,-0.6993552428101013,67,2.7109743052295965,-1.0712614395283706
-0.803,-0.6993552428101013,67,2.7109743052295965,-1.0712614395283706
-0.793,-0.7015498415578503,67,2.7109743052295965,-1.0712614395283706
-0.702,-0.7031810230552118,67,2.7109743052295965,-1.0712614395283706
-0.576,-0.6606890520265286,67,2.7109743052295965,-1.0712614395283706
-0.455,-0.5869299183013771,67,2.7109743052295965,-1.0712614395283706
-0.432,-0.5706708328933585,67,2.7109743052295965,-1.0712614395283706
-0.265,-0.44701078801937394,67,2.7109743052295965,-1.0712614395283706
-0.262,-0.4448599865200446,67,2.7109743052295965,-1.0712614395283706
-0.182,-0.39053154980262317,67,2.7109743052295965,-1.0712614395283706
-0.178,-0.3879832971075421,67,2.7109743052295965,-1.0712614395283706
-0.021,-0.29870056869431255,67,2.7109743052295965,-1.0712614395283706
-0.015,-0.29558264858011635,67,2.7109743052295965,-1.0712614395283706
0.047,-0.2638492042651212,67,2.7109743052295965,-1.0712614395283706
0.055,-0.25977662650922806,67,2.7109743052295965,-1.0712614395283706
0.195,-0.18504568251832706,67,2.7109743052295965,-1.0712614395283706
0.222,-0.1691080918194025,67,2.7109743052295965,-1.0712614395283706
0.264,-0.14278594831125402,67,2.7109743052295965,-1.0712614395283706
0.297,-0.12070217034397684,67,2.7109743052295965,-1.0712614395283706
0.34,-0.09010735509039576,67,2.7109743052295965,-1.0712614395283706
0.487,0.027039639373817592,67,2.7109743052295965,-1.0712614395283706
0.665,0.17935772567125563,67,2.7109743052295965,-1.0712614395283706
0.764,0.26094157840521864,67,2.7109743052295965,-1.0712614395283706
1.023,0.4605172165160311,67,2.7109743052295965,-1.0712614395283706
1.132,0.5466726680227623,67,2.7109743052295965,-1.0712614395283706
1.133,0.5474874097692888,67,2.7109743052295965,-1.0712614395283706
1.342,0.7277570153027787,67,2.7109743052295965,-1.0712614395283706
1.465,0.8401490992440009,67,2.7109743052295965,-1.0712614395283706
1.472,0.8465899901133737,67,2.7109743052295965,-1.0712614395283706
2.086,1.4115542864796546,67,2.7109743052295965,-1.0712614395283706
2.367,1.6701128651098236,67,2.7109743052295965,-1.0712614395283706
-1.917,0.3346721242350312,68,2.747280301237198,-1.9449645215901272
-1.724,0.10413554360039351,68,2.747280301237198,-1.9449645215901272
-1.426,-0.22666300961171754,68,2.747280301237198,-1.9449645215901272
-1.119,-0.49394055648124463,68,2.747280301237198,-1.9449645215901272
-1.015,-0.5589350268374352,68,2.747280301237198,-1.9449645215901272
-0.935,-0.5980737712112091,68,2.747280301237198,-1.9449645215901272
-0.927,-0.6014298995454281,68,2.747280301237198,-1.9449645215901272
-0.807,-0.6391042311344586,68,2.747280301237198,-1.9449645215901272
-0.803,-0.6399478642187362,68,2.747280301237198,-1.9449645215901272
-0.803,-0.6399478642187362,68,2.747280301237198,-1.9449645215901272
-0.793,-0.6419399033178935,68,2.747280301237198,-1.9449645215901272
-0.702,-0.6525046027889121,68,2.747280301237198,-1.9449645215901272
-0.576,-0.6456344404746228,68,2.747280301237198,-1.9449645215901272
-0.455,-0.6177645271444159,68,2.747280301237198,-1.9449645215901272
-0.432,-0.6103167234342791,68,2.747280301237198,-1.9449645215901272
-0.265,-0.5373439227886951,68,2.747280301237198,-1.9449645215901272
-0.262,-0.5357418989521897,68,2.747280301237198,-1.9449645215901272
-0.182,-0.48938466514963025,68,2.747280301237198,-1.9449645215901272
-0.178,-0.48688342893022313,68,2.747280301237198,-1.9449645215901272
-0.021,-0.37501900893101786,68,2.747280301237198,-1.9449645215901272
-0.015,-0.37021657332145963,68,2.747280301237198,-1.9449645215901272
0.047,-0.3183660016891869,68,2.747280301237198,-1.9449645215901272
0.055,-0.31138532901971366,68,2.747280301237198,-1.9449645215901272
0.195,-0.1790270373296879,68,2.747280301237198,-1.9449645215901272
0.222,-0.15138404189826077,68,2.747280301237198,-1.9449645215901272
0.264,-0.10715989501668341,68,2.747280301237198,-1.9449645215901272
0.297,-0.07148825464138088,68,2.747280301237198,-1.9449645215901272
0.34,-0.024015170144150305,68,2.747280301237198,-1.9449645215901272
0.487,0.14269095894430123,68,2.747280301237198,-1.9449645215901272
0.665,0.3391990737861145,68,2.747280301237198,-1.9449645215901272
0.764,0.43840242533496504,68,2.747280301237198,-1.9449645215901272
1.023,0.6528778666451384,68,2.747280301237198,-1.9449645215901272
1.132,0.725894766870803,68,2.747280301237198,-1.9449645215901272
1.133,0.7265232511856494,68,2.747280301237198,-1.9449645215901272
1.342,0.844168341499893,68,2.747280301237198,-1.9449645215901272
1.465,0.9034997286365989,68,2.747280301237198,-1.9449645215901272
1.472,0.9066987979845452,68,2.747280301237198,-1.9449645215901272
2.086,1.1066936943216896,68,2.747280301237198,-1.9449645215901272
2.367,1.1434699303909484,68,2.747280301237198,-1.9449645215901272
-1.917,-0.2415476754224791,69,-4.436131022472123,-2.412003307647012
-1.724,-0.31732808281341174,69,-4.436131022472123,-2.412003307647012
-1.426,-0.4285764468310056,69,-4.436131022472123,-2.412003307647012
-1.119,-0.5066811577231376,69,-4.436131022472123,-2.412003307647012
-1.015,-0.5182373989875436,69,-4.436131022472123,-2.412003307647012
-0.935,-0.520775834511064,69,-4.436131022472123,-2.412003307647012
-0.927,-0.5207137811047609,69,-4.436131022472123,-2.412003307647012
-0.807,-0.5127938753920229,69,-4.436131022472123,-2.412003307647012
-0.803,-0.5123039696646112,69,-4.436131022472123,-2.412003307647012
-0.803,-0.5123039696646112,69,-4.436131022472123,-2.412003307647012
-0.793,-0.5110153680539314,69,-4.436131022472123,-2.412003307647012
-0.702,-0.4950721089491965,69,-4.436131022472123,-2.412003307647012
-0.576,-0.4602634119510946,69,-4.436131022472123,-2.412003307647012
-0.455,-0.4125557625296525,69,-4.436131022472123,-2.412003307647012
-0.432,-0.40185679900808524,69,-4.436131022472123,-2.412003307647012
-0.265,-0.3079530499273818,69,-4.436131022472123,-2.412003307647012
-0.262,-0.30599952160940475,69,-4.436131022472123,-2.412003307647012
-0.182,-0.2503682694321206,69,-4.436131022472123,-2.412003307647012
-0.178,-0.24740772037283876,69,-4.436131022472123,-2.412003307647012
-0.021,-0.11811707040597559,69,-4.436131022472123,-2.412003307647012
-0.015,-0.11268436532728296,69,-4.436131022472123,-2.412003307647012
0.047,-0.05455198062801261,69,-4.436131022472123,-2.412003307647012
0.055,-0.046795409176380975,69,-4.436131022472123,-2.412003307647012
0.195,0.09705899190637536,69,-4.436131022472123,-2.412003307647012
0.222,0.12629744176508992,69,-4.436131022472123,-2.412003307647012
0.264,0.17251023141643057,69,-4.436131022472123,-2.412003307647012
0.297,0.20932605168549692,69,-4.436131022472123,-2.412003307647012
0.34,0.25777525952882385,69,-4.436131022472123,-2.412003307647012
0.487,0.42442192117890104,69,-4.436131022472123,-2.412003307647012
0.665,0.6187160252052984,69,-4.436131022472123,-2.412003307647012
0.764,0.718809834670591,69,-4.436131022472123,-2.412003307647012
1.023,0.9401806104008925,69,-4.436131022472123,-2.412003307647012
1.132,1.011715542052431,69,-4.436131022472123,-2.412003307647012
1.133,1.0123035812592496,69,-4.436131022472123,-2.412003307647012
1.342,1.1055875432481015,69,-4.436131022472123,-2.412003307647012
1.465,1.1316979248956862,69,-4.436131022472123,-2.412003307647012
1.472,1.1325703280174546,69,-4.436131022472123,-2.412003307647012
2.086,1.0197886316334708,69,-4.436131022472123,-2.412003307647012
2.367,0.8975107700135254,69,-4.436131022472123,-2.412003307647012
-1.917,0.5544844643809783,70,-2.377471110025229,-0.4823330429011663
-1.724,0.2869938896269022,70,-2.377471110025229,-0.4823330429011663
-1.426,-0.09302182163786352,70,-2.377471110025229,-0.4823330429011663
-1.119,-0.3859179820278341,70,-2.377471110025229,-0.4823330429011663
-1.015,-0.4522187189939031,70,-2.377471110025229,-0.4823330429011663
-0.935,-0.4900566527647952,70,-2.377471110025229,-0.4823330429011663
-0.927,-0.4931854065971091,70,-2.377471110025229,-0.4823330429011663
-0.807,-0.5252216876356631,70,-2.377471110025229,-0.4823330429011663
-0.803,-0.5257962247747131,70,-2.377471110025229,-0.4823330429011663
-0.803,-0.5257962247747131,70,-2.377471110025229,-0.4823330429011663
-0.793,-0.5270902522302171,70,-2.377471110025229,-0.4823330429011663
-0.702,-0.5297026786679331,70,-2.377471110025229,-0.4823330429011663
-0.576,-0.5076466626238529,70,-2.377471110025229,-0.4823330429011663
-0.455,-0.46183140509040366,70,-2.377471110025229,-0.4823330429011663
-0.432,-0.45075358737032034,70,-2.377471110025229,-0.4823330429011663
-0.265,-0.35193572931449546,70,-2.377471110025229,-0.4823330429011663
-0.262,-0.3499095238690175,70,-2.377471110025229,-0.4823330429011663
-0.182,-0.293339038814066,70,-2.377471110025229,-0.4823330429011663
-0.178,-0.2903941262086344,70,-2.377471110025229,-0.4823330429011663
-0.021,-0.1680911551938227,70,-2.377471110025229,-0.4823330429011663
-0.015,-0.1632055119631371,70,-2.377471110025229,-0.4823330429011663
0.047,-0.11208792698457694,70,-2.377471110025229,-0.4823330429011663
0.055,-0.10542060386297808,70,-2.377471110025229,-0.4823330429011663
0.195,0.01280963543589999,70,-2.377471110025229,-0.4823330429011663
0.222,0.0357637351315148,70,-2.377471110025229,-0.4823330429011663
0.264,0.07143801805651975,70,-2.377471110025229,-0.4823330429011663
0.297,0.09939296053497564,70,-2.377471110025229,-0.4823330429011663
0.34,0.13565181591400693,70,-2.377471110025229,-0.4823330429011663
0.487,0.25747651172486213,70,-2.377471110025229,-0.4823330429011663
0.665,0.39880089774361405,70,-2.377471110025229,-0.4823330429011663
0.764,0.47360427215447953,70,-2.377471110025229,-0.4823330429011663
1.023,0.6573859738844867,70,-2.377471110025229,-0.4823330429011663
1.132,0.731147659243673,70,-2.377471110025229,-0.4823330429011663
1.133,0.7318181352172154,70,-2.377471110025229,-0.4823330429011663
1.342,0.8696579806448962,70,-2.377471110025229,-0.4823330429011663
1.465,0.9482801596001263,70,-2.377471110025229,-0.4823330429011663
1.472,0.9526878478908908,70,-2.377471110025229,-0.4823330429011663
2.086,1.299142403140438,70,-2.377471110025229,-0.4823330429011663
2.367,1.4265792899585326,70,-2.377471110025229,-0.4823330429011663
-1.917,0.9770278371556109,71,-1.5359644346134391,-0.36577213287601706
-1.724,0.6180227240287045,71,-1.5359644346134391,-0.36577213287601706
-1.426,0.1048263683757934,71,-1.5359644346134391,-0.36577213287601706
-1.119,-0.3107681237737319,71,-1.5359644346134391,-0.36577213287601706
-1.015,-0.4129214070936651,71,-1.5359644346134391,-0.36577213287601706
-0.935,-0.47472513720416043,71,-1.5359644346134391,-0.36577213287601706
-0.927,-0.4800339124924056,71,-1.5359644346134391,-0.36577213287601706
-0.807,-0.5397524147077813,71,-1.5359644346134391,-0.36577213287601706
-0.803,-0.5410913336650284,71,-1.5359644346134391,-0.36577213287601706
-0.803,-0.5410913336650284,71,-1.5359644346134391,-0.36577213287601706
-0.793,-0.5442531480253994,71,-1.5359644346134391,-0.36577213287601706
-0.702,-0.5612362945727415,71,-1.5359644346134391,-0.36577213287601706
-0.576,-0.5525869163483504,71,-1.5359644346134391,-0.36577213287601706
-0.455,-0.5149848062463659,71,-1.5359644346134391,-0.36577213287601706
-0.432,-0.5051278158620139,71,-1.5359644346134391,-0.36577213287601706
-0.265,-0.41166236054486244,71,-1.5359644346134391,-0.36577213287601706
-0.262,-0.40965785236983215,71,-1.5359644346134391,-0.36577213287601706
-0.182,-0.3523342624557246,71,-1.5359644346134391,-0.36577213287601706
-0.178,-0.34927623868599966,71,-1.5359644346134391,-0.36577213287601706
-0.021,-0.21560177335829897,71,-1.5359644346134391,-0.36577213287601706
-0.015,-0.20998556354781192,71,-1.5359644346134391,-0.36577213287601706
0.047,-0.14994447478958425,71,-1.5359644346134391,-0.36577213287601706
0.055,-0.14194473557671974,71,-1.5359644346134391,-0.36577213287601706
0.195,0.004590835164825046,71,-1.5359644346134391,-0.36577213287601706
0.222,0.03365182769224649,71,-1.5359644346134391,-0.36577213287601706
0.264,0.07889184535709501,71,-1.5359644346134391,-0.36577213287601706
0.297,0.11426055382829077,71,-1.5359644346134391,-0.36577213287601706
0.34,0.15979733268459154,71,-1.5359644346134391,-0.36577213287601706
0.487,0.3064245863035117,71,-1.5359644346134391,-0.36577213287601706
0.665,0.45574983047844014,71,-1.5359644346134391,-0.36577213287601706
0.764,0.5239106636679933,71,-1.5359644346134391,-0.36577213287601706
1.023,0.6589596303887635,71,-1.5359644346134391,-0.36577213287601706
1.132,0.7057116903980591,71,-1.5359644346134391,-0.36577213287601706
1.133,0.7061328064224062,71,-1.5359644346134391,-0.36577213287601706
1.342,0.7959841973435804,71,-1.5359644346134391,-0.36577213287601706
1.465,0.8539287786795735,71,-1.5359644346134391,-0.36577213287601706
1.472,0.8573759612040154,71,-1.5359644346134391,-0.36577213287601706
2.086,1.168211400217672,71,-1.5359644346134391,-0.36577213287601706
2.367,1.2753625047735964,71,-1.5359644346134391,-0.36577213287601706
-1.917,0.017089612829326528,72,-4.021834693245661,0.599568193136288
-1.724,-0.06458485123126945,72,-4.021834693245661,0.599568193136288
-1.426,-0.19102771329364027,72,-4.021834693245661,0.599568193136288
-1.119,-0.31603151856462935,72,-4.021834693245661,0.599568193136288
-1.015,-0.3514252024263194,72,-4.021834693245661,0.599568193136288
-0.935,-0.37445709748029954,72,-4.021834693245661,0.599568193136288
-0.927,-0.3765180547109349,72,-4.021834693245661,0.599568193136288
-0.807,-0.4010700748137223,72,-4.021834693245661,0.599568193136288
-0.803,-0.4016609529461588,72,-4.021834693245661,0.599568193136288
-0.803,-0.4016609529461588,72,-4.021834693245661,0.599568193136288
-0.793,-0.4030678374595349,72,-4.021834693245661,0.599568193136288
-0.702,-0.4111150083918128,72,-4.021834693245661,0.599568193136288
-0.576,-0.40731660757284327,72,-4.021834693245661,0.599568193136288
-0.455,-0.38626541296584893,72,-4.021834693245661,0.599568193136288
-0.432,-0.38030555110965986,72,-4.021834693245661,0.599568193136288
-0.265,-0.31916446445867674,72,-4.021834693245661,0.599568193136288
-0.262,-0.317794640934642,72,-4.021834693245661,0.599568193136288
-0.182,-0.27799707623013264,72,-4.021834693245661,0.599568193136288
-0.178,-0.2758464164182733,72,-4.021834693245661,0.599568193136288
-0.021,-0.18010458171299099,72,-4.021834693245661,0.599568193136288
-0.015,-0.17602515442339783,72,-4.021834693245661,0.599568193136288
0.047,-0.13215863655232354,72,-4.021834693245661,0.599568193136288
0.055,-0.12627506742095132,72,-4.021834693245661,0.599568193136288
0.195,-0.015484766651850494,72,-4.021834693245661,0.599568193136288
0.222,0.007503193942095291,72,-4.021834693245661,0.599568193136288
0.264,0.04422645236316218,72,-4.021834693245661,0.599568193136288
0.297,0.0738541530508916,72,-4.021834693245661,0.599568193136288
0.34,0.11338804046297929,72,-4.021834693245661,0.599568193136288
0.487,0.254701618149522,72,-4.021834693245661,0.599568193136288
0.665,0.4324738304613334,72,-4.021834693245661,0.599568193136288
0.764,0.5312689383804139,72,-4.021834693245661,0.599568193136288
1.023,0.78138016478206,72,-4.021834693245661,0.599568193136288
1.132,0.8817964867484019,72,-4.021834693245661,0.599568193136288
1.133,0.8827030153576619,72,-4.021834693245661,0.599568193136288
1.342,1.0662398009613934,72,-4.021834693245661,0.599568193136288
1.465,1.1686586595971062,72,-4.021834693245661,0.599568193136288
1.472,1.1743554932651081,72,-4.021834693245661,0.599568193136288
2.086,1.6102635595285988,72,-4.021834693245661,0.599568193136288
2.367,1.7672047812848826,72,-4.021834693245661,0.599568193136288
-1.917,0.41257351245766966,73,-4.466827487890565,1.83046637186436
-1.724,0.23801934237434963,73,-4.466827487890565,1.83046637186436
-1.426,-0.01686003895147552,73,-4.466827487890565,1.83046637186436
-1.119,-0.23045747748999018,73,-4.466827487890565,1.83046637186436
-1.015,-0.28495483523112786,73,-4.466827487890565,1.83046637186436
-0.935,-0.31914379250897457,73,-4.466827487890565,1.83046637186436
-0.927,-0.32216332404457354,73,-4.466827487890565,1.83046637186436
-0.807,-0.35818273016923874,73,-4.466827487890565,1.83046637186436
-0.803,-0.35907483727311446,73,-4.466827487890565,1.83046637186436
-0.803,-0.35907483727311446,73,-4.466827487890565,1.83046637186436
-0.793,-0.36121569683358856,73,-4.466827487890565,1.83046637186436
-0.702,-0.37484619047411644,73,-4.466827487890565,1.83046637186436
-0.576,-0.37657614129500133,73,-4.466827487890565,1.83046637186436
-0.455,-0.3603295739156375,73,-4.466827487890565,1.83046637186436
-0.432,-0.3553379236697397,73,-4.466827487890565,1.83046637186436
-0.265,-0.30196275204980216,73,-4.466827487890565,1.83046637186436
-0.262,-0.30074061416450176,73,-4.466827487890565,1.83046637186436
-0.182,-0.2649332739956066,73,-4.466827487890565,1.83046637186436
-0.178,-0.2629841208966552,73,-4.466827487890565,1.83046637186436
-0.021,-0.175394988982562,73,-4.466827487890565,1.83046637186436
-0.015,-0.17164218371931936,73,-4.466827487890565,1.83046637186436
0.047,-0.13125376452107276,73,-4.466827487890565,1.83046637186436
0.055,-0.12583500311959098,73,-4.466827487890565,1.83046637186436
0.195,-0.02402484086631655,73,-4.466827487890565,1.83046637186436
0.222,-0.002998013938403883,73,-4.466827487890565,1.83046637186436
0.264,0.030507297794877344,73,-4.466827487890565,1.83046637186436
0.297,0.05747275157120631,73,-4.466827487890565,1.83046637186436
0.34,0.09339175537847935,73,-4.466827487890565,1.83046637186436
0.487,0.22183572388060965,73,-4.466827487890565,1.83046637186436
0.665,0.38571463168807774,73,-4.466827487890565,1.83046637186436
0.764,0.4792547059563947,73,-4.466827487890565,1.83046637186436
1.023,0.7287335190387301,73,-4.466827487890565,1.83046637186436
1.132,0.8353972456100353,73,-4.466827487890565,1.83046637186436
1.133,0.8363795320699515,73,-4.466827487890565,1.83046637186436
1.342,1.0421644933208318,73,-4.466827487890565,1.83046637186436
1.465,1.1623975976942957,73,-4.466827487890565,1.83046637186436
1.472,1.1691878054161997,73,-4.466827487890565,1.83046637186436
2.086,1.7227422228931968,73,-4.466827487890565,1.83046637186436
2.367,1.9406968332048076,73,-4.466827487890565,1.83046637186436
-1.917,1.0589823265080005,74,5.9916133173654975,-3.989915968807408
-1.724,0.6360370212262728,74,5.9916133173654975,-3.989915968807408
-1.426,0.03884964144862007,74,5.9916133173654975,-3.989915968807408
-1.119,-0.44259713680093443,74,5.9916133173654975,-3.989915968807408
-1.015,-0.5654418852016599,74,5.9916133173654975,-3.989915968807408
-0.935,-0.6435455484834317,74,5.9916133173654975,-3.989915968807408
-0.927,-0.6505153331708784,74,5.9916133173654975,-3.989915968807408
-0.807,-0.7356400123417113,74,5.9916133173654975,-3.989915968807408
-0.803,-0.737831007416597,74,5.9916133173654975,-3.989915968807408
-0.803,-0.737831007416597,74,5.9916133173654975,-3.989915968807408
-0.793,-0.743121521792779,74,5.9916133173654975,-3.989915968807408
-0.702,-0.7792799391346374,74,5.9916133173654975,-3.989915968807408
-0.576,-0.7960704925464814,74,5.9916133173654975,-3.989915968807408
-0.455,-0.7810966040625401,74,5.9916133173654975,-3.989915968807408
-0.432,-0.7752878527649179,74,5.9916133173654975,-3.989915968807408
-0.265,-0.7070321865897972,74,5.9916133173654975,-3.989915968807408
-0.262,-0.7053870593329372,74,5.9916133173654975,-3.989915968807408
-0.182,-0.6560585074994446,74,5.9916133173654975,-3.989915968807408
-0.178,-0.6533158042450466,74,5.9916133173654975,-3.989915968807408
-0.021,-0.5248676198122966,74,5.9916133173654975,-3.989915968807408
-0.015,-0.5191537548061276,74,5.9916133173654975,-3.989915968807408
0.047,-0.45668197016959755,74,5.9916133173654975,-3.989915968807408
0.055,-0.4481733747154845,74,5.9916133173654975,-3.989915968807408
0.195,-0.28349808450959757,74,5.9916133173654975,-3.989915968807408
0.222,-0.2484498207141529,74,5.9916133173654975,-3.989915968807408
0.264,-0.19192619116872603,74,5.9916133173654975,-3.989915968807408
0.297,-0.14586392577474896,74,5.9916133173654975,-3.989915968807408
0.34,-0.08386138708936211,74,5.9916133173654975,-3.989915968807408
0.487,0.14024705444971194,74,5.9916133173654975,-3.989915968807408
0.665,0.41666189611398263,74,5.9916133173654975,-3.989915968807408
0.764,0.5615564923868774,74,5.9916133173654975,-3.989915968807408
1.023,0.8792891235722791,74,5.9916133173654975,-3.989915968807408
1.132,0.9805284243461343,74,5.9916133173654975,-3.989915968807408
1.133,0.9813611084949402,74,5.9916133173654975,-3.989915968807408
1.342,1.119040925288016,74,5.9916133173654975,-3.989915968807408
1.465,1.1694694573440922,74,5.9916133173654975,-3.989915968807408
1.472,1.1717306382616235,74,5.9916133173654975,-3.989915968807408
2.086,1.1822511301007723,74,5.9916133173654975,-3.989915968807408
2.367,1.1169579868486526,74,5.9916133173654975,-3.989915968807408
-1.917,-0.3670563970162402,75,0.00350649817819915,-0.1825973968543062
-1.724,-0.415300055362379,75,0.00350649817819915,-0.1825973968543062
-1.426,-0.4897902635859548,75,0.00350649817819915,-0.1825973968543062
-1.119,-0.5579770059197736,75,0.00350649817819915,-0.1825973968543062
-1.015,-0.5718560756100289,75,0.00350649817819915,-0.1825973968543062
-0.935,-0.5767186825720566,75,0.00350649817819915,-0.1825973968543062
-0.927,-0.5768700343833263,75,0.00350649817819915,-0.1825973968543062
-0.807,-0.5707531841811677,75,0.00350649817819915,-0.1825973968543062
-0.803,-0.5702591730650988,75,0.00350649817819915,-0.1825973968543062
-0.803,-0.5702591730650988,75,0.00350649817819915,-0.1825973968543062
-0.793,-0.5689375774253086,75,0.00350649817819915,-0.1825973968543062
-0.702,-0.5514093727147084,75,0.00350649817819915,-0.1825973968543062
-0.576,-0.5123836858532074,75,0.00350649817819915,-0.1825973968543062
-0.455,-0.46270377778079946,75,0.00350649817819915,-0.1825973968543062
-0.432,-0.4523011348274657,75,0.00350649817819915,-0.1825973968543062
-0.265,-0.3703348695883184,75,0.00350649817819915,-0.1825973968543062
-0.262,-0.3687735047787226,75,0.00350649817819915,-0.1825973968543062
-0.182,-0.3262199256656087,75,0.00350649817819915,-0.1825973968543062
-0.178,-0.32405005867096065,75,0.00350649817819915,-0.1825973968543062
-0.021,-0.23522118592373625,75,0.00350649817819915,-0.1825973968543062
-0.015,-0.23165278337290307,75,0.00350649817819915,-0.1825973968543062
0.047,-0.19384470072705903,75,0.00350649817819915,-0.1825973968543062
0.055,-0.18883375734122404,75,0.00350649817819915,-0.1825973968543062
0.195,-0.09598027184087232,75,0.00350649817819915,-0.1825973968543062
0.222,-0.07697023468513953,75,0.00350649817819915,-0.1825973968543062
0.264,-0.04677534946434749,75,0.00350649817819915,-0.1825973968543062
0.297,-0.022599519134652885,75,0.00350649817819915,-0.1825973968543062
0.34,0.009312554382554624,75,0.00350649817819915,-0.1825973968543062
0.487,0.11804304324535622,75,0.00350649817819915,-0.1825973968543062
0.665,0.23739756737648027,75,0.00350649817819915,-0.1825973968543062
0.764,0.2943574130929564,75,0.00350649817819915,-0.1825973968543062
1.023,0.4230666359308032,75,0.00350649817819915,-0.1825973968543062
1.132,0.47853892830276096,75,0.00350649817819915,-0.1825973968543062
1.133,0.47906793257372066,75,0.00350649817819915,-0.1825973968543062
1.342,0.5964509903614043,75,0.00350649817819915,-0.1825973968543062
1.465,0.6684161841967201,75,0.00350649817819915,-0.1825973968543062
1.472,0.6724974483129602,75,0.00350649817819915,-0.1825973968543062
2.086,0.9764947870449853,75,0.00350649817819915,-0.1825973968543062
2.367,1.0579339441445292,75,0.00350649817819915,-0.1825973968543062
-1.917,0.1339368446537857,76,4.611280604190643,0.28970333408632887
-1.724,0.012612392093996484,76,4.611280604190643,0.28970333408632887
-1.426,-0.17406714731323783,76,4.611280604190643,0.28970333408632887
-1.119,-0.35945124303778886,76,4.611280604190643,0.28970333408632887
-1.015,-0.41734330741198705,76,4.611280604190643,0.28970333408632887
-0.935,-0.458445959478079,76,4.611280604190643,0.28970333408632887
-0.927,-0.4623369136196855,76,4.611280604190643,0.28970333408632887
-0.807,-0.5145331778186318,76,4.611280604190643,0.28970333408632887
-0.803,-0.5160461577515331,76,4.611280604190643,0.28970333408632887
-0.803,-0.5160461577515331,76,4.611280604190643,0.28970333408632887
-0.793,-0.5197572863797232,76,4.611280604190643,0.28970333408632887
-0.702,-0.5489554199811373,76,4.611280604190643,0.28970333408632887
-0.576,-0.5771733578119561,76,4.611280604190643,0.28970333408632887
-0.455,-0.5943786122222153,76,4.611280604190643,0.28970333408632887
-0.432,-0.596876256635034,76,4.611280604190643,0.28970333408632887
-0.265,-0.6081443459422515,76,4.611280604190643,0.28970333408632887
-0.262,-0.60821834158585,76,4.611280604190643,0.28970333408632887
-0.182,-0.6078736625852724,76,4.611280604190643,0.28970333408632887
-0.178,-0.6077164904127066,76,4.611280604190643,0.28970333408632887
-0.021,-0.5840881744686567,76,4.611280604190643,0.28970333408632887
-0.015,-0.5822963032580475,76,4.611280604190643,0.28970333408632887
0.047,-0.5587285556749798,76,4.611280604190643,0.28970333408632887
0.055,-0.5549642772882807,76,4.611280604190643,0.28970333408632887
0.195,-0.45817885611766024,76,4.611280604190643,0.28970333408632887
0.222,-0.43213311363416085,76,4.611280604190643,0.28970333408632887
0.264,-0.38664275598751324,76,4.611280604190643,0.28970333408632887
0.297,-0.34675239288329107,76,4.611280604190643,0.28970333408632887
0.34,-0.2897643927375512,76,4.611280604190643,0.28970333408632887
0.487,-0.061210716058652054,76,4.611280604190643,0.28970333408632887
0.665,0.25437502068786083,76,4.611280604190643,0.28970333408632887
0.764,0.43133078215177406,76,4.611280604190643,0.28970333408632887
1.023,0.8326673525980115,76,4.611280604190643,0.28970333408632887
1.132,0.9553616813650967,76,4.611280604190643,0.28970333408632887
1.133,0.9563351371624159,76,4.611280604190643,0.28970333408632887
1.342,1.1038638668038514,76,4.611280604190643,0.28970333408632887
1.465,1.1469697160377832,76,4.611280604190643,0.28970333408632887
1.472,1.1486372661678288,76,4.611280604190643,0.28970333408632887
2.086,1.0639411489141726,76,4.611280604190643,0.28970333408632887
2.367,0.9389679066633431,76,4.611280604190643,0.28970333408632887
-1.917,1.2503838987138753,77,8.988709069875455,2.6143240641472465
-1.724,0.7673495959189492,77,8.988709069875455,2.6143240641472465
-1.426,0.09176198170173155,77,8.988709069875455,2.6143240641472465
-1.119,-0.4110518721589906,77,8.988709069875455,2.6143240641472465
-1.015,-0.5167487266513494,77,8.988709069875455,2.6143240641472465
-0.935,-0.574446923065533,77,8.988709069875455,2.6143240641472465
-0.927,-0.5791237060055796,77,8.988709069875455,2.6143240641472465
-0.807,-0.627381769362604,77,8.988709069875455,2.6143240641472465
-0.803,-0.6283386617453451,77,8.988709069875455,2.6143240641472465
-0.803,-0.6283386617453451,77,8.988709069875455,2.6143240641472465
-0.793,-0.6305632813930494,77,8.988709069875455,2.6143240641472465
-0.702,-0.6409868319707479,77,8.988709069875455,2.6143240641472465
-0.576,-0.6342426999578189,77,8.988709069875455,2.6143240641472465
-0.455,-0.6180564933110992,77,8.988709069875455,2.6143240641472465
-0.432,-0.6150084365974798,77,8.988709069875455,2.6143240641472465
-0.265,-0.6049075670915557,77,8.988709069875455,2.6143240641472465
-0.262,-0.605036704675174,77,8.988709069875455,2.6143240641472465
-0.182,-0.6135955225638068,77,8.988709069875455,2.6143240641472465
-0.178,-0.6142706261523527,77,8.988709069875455,2.6143240641472465
-0.021,-0.6467373472663138,77,8.988709069875455,2.6143240641472465
-0.015,-0.6477296769426041,77,8.988709069875455,2.6143240641472465
0.047,-0.6543850528232287,77,8.988709069875455,2.6143240641472465
0.055,-0.6546810348826847,77,8.988709069875455,2.6143240641472465
0.195,-0.633972973660141,77,8.988709069875455,2.6143240641472465
0.222,-0.6238055324651625,77,8.988709069875455,2.6143240641472465
0.264,-0.6036088951594121,77,8.988709069875455,2.6143240641472465
0.297,-0.5838954166477879,77,8.988709069875455,2.6143240641472465
0.34,-0.5534575614855851,77,8.988709069875455,2.6143240641472465
0.487,-0.4201086018838755,77,8.988709069875455,2.6143240641472465
0.665,-0.24174487464936134,77,8.988709069875455,2.6143240641472465
0.764,-0.14884437060156172,77,8.988709069875455,2.6143240641472465
1.023,0.10920216711217343,77,8.988709069875455,2.6143240641472465
1.132,0.24643647679032993,77,8.988709069875455,2.6143240641472465
1.133,0.24779876411909998,77,8.988709069875455,2.6143240641472465
1.342,0.5731756325034513,77,8.988709069875455,2.6143240641472465
1.465,0.8019698537578571,77,8.988709069875455,2.6143240641472465
1.472,0.8158099693487161,77,8.988709069875455,2.6143240641472465
2.086,2.257321852406569,77,8.988709069875455,2.6143240641472465
2.367,2.968225732263778,77,8.988709069875455,2.6143240641472465
-1.917,0.1307302307182486,78,-3.187825007041156,-9.391580095889596
-1.724,-0.009643747513772888,78,-3.187825007041156,-9.391580095889596
-1.426,-0.23872144524092223,78,-3.187825007041156,-9.391580095889596
-1.119,-0.5125530941110937,78,-3.187825007041156,-9.391580095889596
-1.015,-0.5946477493037982,78,-3.187825007041156,-9.391580095889596
-0.935,-0.6471000244559123,78,-3.187825007041156,-9.391580095889596
-0.927,-0.6516502906620646,78,-3.187825007041156,-9.391580095889596
-0.807,-0.7000485400186772,78,-3.187825007041156,-9.391580095889596
-0.803,-0.7009283206460484,78,-3.187825007041156,-9.391580095889596
-0.803,-0.7009283206460484,78,-3.187825007041156,-9.391580095889596
-0.793,-0.7028974667668201,78,-3.187825007041156,-9.391580095889596
-0.702,-0.7060907621180045,78,-3.187825007041156,-9.391580095889596
-0.576,-0.671046268482514,78,-3.187825007041156,-9.391580095889596
-0.455,-0.6063050680795586,78,-3.187825007041156,-9.391580095889596
-0.432,-0.5916996411083765,78,-3.187825007041156,-9.391580095889596
-0.265,-0.4673643165950924,78,-3.187825007041156,-9.391580095889596
-0.262,-0.4648069897001828,78,-3.187825007041156,-9.391580095889596
-0.182,-0.3914629595469365,78,-3.187825007041156,-9.391580095889596
-0.178,-0.38750389414395864,78,-3.187825007041156,-9.391580095889596
-0.021,-0.2047584540358597,78,-3.187825007041156,-9.391580095889596
-0.015,-0.19658906852639943,78,-3.187825007041156,-9.391580095889596
0.047,-0.10660577249178825,78,-3.187825007041156,-9.391580095889596
0.055,-0.09427266021454557,78,-3.187825007041156,-9.391580095889596
0.195,0.1435946606574547,78,-3.187825007041156,-9.391580095889596
0.222,0.19310595719890694,78,-3.187825007041156,-9.391580095889596
0.264,0.2715734085931416,78,-3.187825007041156,-9.391580095889596
0.297,0.3341243267658466,78,-3.187825007041156,-9.391580095889596
0.34,0.41635633144092316,78,-3.187825007041156,-9.391580095889596
0.487,0.6993102196250504,78,-3.187825007041156,-9.391580095889596
0.665,1.0317100846860947,78,-3.187825007041156,-9.391580095889596
0.764,1.2044757741326892,78,-3.187825007041156,-9.391580095889596
1.023,1.6012823620086905,78,-3.187825007041156,-9.391580095889596
1.132,1.742355589339479,78,-3.187825007041156,-9.391580095889596
1.133,1.7435762007066873,78,-3.187825007041156,-9.391580095889596
1.342,1.971383733707255,78,-3.187825007041156,-9.391580095889596
1.465,2.0832423192560547,78,-3.187825007041156,-9.391580095889596
1.472,2.0891857047460114,78,-3.187825007041156,-9.391580095889596
2.086,2.500016750238303,78,-3.187825007041156,-9.391580095889596
2.367,2.6631793456549993,78,-3.187825007041156,-9.391580095889596
-1.917,-0.4524571510240082,79,4.343514044862982,0.8757273382255657
-1.724,-0.5148739784422491,79,4.343514044862982,0.8757273382255657
-1.426,-0.6056624948859654,79,4.343514044862982,0.8757273382255657
-1.119,-0.6637926737050549,79,4.343514044862982,0.8757273382255657
-1.015,-0.6687917088633327,79,4.343514044862982,0.8757273382255657
-0.935,-0.6655679176335458,79,4.343514044862982,0.8757273382255657
-0.927,-0.6648664289176177,79,4.343514044862982,0.8757273382255657
-0.807,-0.6455646901160316,79,4.343514044862982,0.8757273382255657
-0.803,-0.6446318765912155,79,4.343514044862982,0.8757273382255657
-0.803,-0.6446318765912155,79,4.343514044862982,0.8757273382255657
-0.793,-0.6422167530745061,79,4.343514044862982,0.8757273382255657
-0.702,-0.6152053758656522,79,4.343514044862982,0.8757273382255657
-0.576,-0.5663747806071375,79,4.343514044862982,0.8757273382255657
-0.455,-0.5138981929436854,79,4.343514044862982,0.8757273382255657
-0.432,-0.5039127907814774,79,4.343514044862982,0.8757273382255657
-0.265,-0.4361431305769258,79,4.343514044862982,0.8757273382255657
-0.262,-0.43504117775924883,79,4.343514044862982,0.8757273382255657
-0.182,-0.40747961504200797,79,4.343514044862982,0.8757273382255657
-0.178,-0.40618696124048986,79,4.343514044862982,0.8757273382255657
-0.021,-0.3590196120424948,79,4.343514044862982,0.8757273382255657
-0.015,-0.3572589036534595,79,4.343514044862982,0.8757273382255657
0.047,-0.33877455806908047,79,4.343514044862982,0.8757273382255657
0.055,-0.3363395194512793,79,4.343514044862982,0.8757273382255657
0.195,-0.2913348494903887,79,4.343514044862982,0.8757273382255657
0.222,-0.2821039214145824,79,4.343514044862982,0.8757273382255657
0.264,-0.26740175513502223,79,4.343514044862982,0.8757273382255657
0.297,-0.255592308178516,79,4.343514044862982,0.8757273382255657
0.34,-0.23991749899745213,79,4.343514044862982,0.8757273382255657
0.487,-0.18417828049334534,79,4.343514044862982,0.8757273382255657
0.665,-0.11152119147291481,79,4.343514044862982,0.8757273382255657
0.764,-0.06822538786188691,79,4.343514044862982,0.8757273382255657
1.023,0.06432242313020455,79,4.343514044862982,0.8757273382255657
1.132,0.13658563196120635,79,4.343514044862982,0.8757273382255657
1.133,0.13730794351451928,79,4.343514044862982,0.8757273382255657
1.342,0.3107293744600283,79,4.343514044862982,0.8757273382255657
1.465,0.4302549287585001,79,4.343514044862982,0.8757273382255657
1.472,0.4373684662890795,79,4.343514044862982,0.8757273382255657
2.086,1.0798882873744475,79,4.343514044862982,0.8757273382255657
2.367,1.3124851174581293,79,4.343514044862982,0.8757273382255657
-1.917,0.5568542099598243,80,-3.771256457950423,-5.221574367749714
-1.724,0.2824893010856924,80,-3.771256457950423,-5.221574367749714
-1.426,-0.11267220614829604,80,-3.771256457950423,-5.221574367749714
-1.119,-0.42910291366566494,80,-3.771256457950423,-5.221574367749714
-1.015,-0.5037980896036033,80,-3.771256457950423,-5.221574367749714
-0.935,-0.547574691485985,80,-3.771256457950423,-5.221574367749714
-0.927,-0.5512568242836865,80,-3.771256457950423,-5.221574367749714
-0.807,-0.5903396683314749,80,-3.771256457950423,-5.221574367749714
-0.803,-0.5911009968683498,80,-3.771256457950423,-5.221574367749714
-0.803,-0.5911009968683498,80,-3.771256457950423,-5.221574367749714
-0.793,-0.5928463242494575,80,-3.771256457950423,-5.221574367749714
-0.702,-0.5984796494550738,80,-3.771256457950423,-5.221574367749714
-0.576,-0.5770449238860467,80,-3.771256457950423,-5.221574367749714
-0.455,-0.5273346727408476,80,-3.771256457950423,-5.221574367749714
-0.432,-0.5149438346341689,80,-3.771256457950423,-5.221574367749714
-0.265,-0.3997987509087785,80,-3.771256457950423,-5.221574367749714
-0.262,-0.39735286221744104,80,-3.771256457950423,-5.221574367749714
-0.182,-0.3276145213124829,80,-3.771256457950423,-5.221574367749714
-0.178,-0.32390418314315067,80,-3.771256457950423,-5.221574367749714
-0.021,-0.1621518451831731,80,-3.771256457950423,-5.221574367749714
-0.015,-0.15536035953935617,80,-3.771256457950423,-5.221574367749714
0.047,-0.08263784471255306,80,-3.771256457950423,-5.221574367749714
0.055,-0.07292077054613956,80,-3.771256457950423,-5.221574367749714
0.195,0.10869855613437102,80,-3.771256457950423,-5.221574367749714
0.222,0.14607602622885618,80,-3.771256457950423,-5.221574367749714
0.264,0.20559213716955863,80,-3.771256457950423,-5.221574367749714
0.297,0.25344142444236933,80,-3.771256457950423,-5.221574367749714
0.34,0.3170469505668047,80,-3.771256457950423,-5.221574367749714
0.487,0.5416419481305571,80,-3.771256457950423,-5.221574367749714
0.665,0.8158911523745065,80,-3.771256457950423,-5.221574367749714
0.764,0.9625439137550591,80,-3.771256457950423,-5.221574367749714
1.023,1.2964185109545552,80,-3.771256457950423,-5.221574367749714
1.132,1.4045530147327956,80,-3.771256457950423,-5.221574367749714
1.133,1.4054388247113772,80,-3.771256457950423,-5.221574367749714
1.342,1.5475785685072105,80,-3.771256457950423,-5.221574367749714
1.465,1.5926189528998282,80,-3.771256457950423,-5.221574367749714
1.472,1.5943884765955614,80,-3.771256457950423,-5.221574367749714
2.086,1.5046997529549988,80,-3.771256457950423,-5.221574367749714
2.367,1.3722373027402925,80,-3.771256457950423,-5.221574367749714
-1.917,1.0505282219422762,81,0.9529456423279097,-4.519806030229714
-1.724,0.6415817282127149,81,0.9529456423279097,-4.519806030229714
-1.426,0.04346285819072808,81,0.9529456423279097,-4.519806030229714
-1.119,-0.45283873575991407,81,0.9529456423279097,-4.519806030229714
-1.015,-0.574496155306445,81,0.9529456423279097,-4.519806030229714
-0.935,-0.6473848489268217,81,0.9529456423279097,-4.519806030229714
-0.927,-0.6535964073303486,81,0.9529456423279097,-4.519806030229714
-0.807,-0.7220882700130171,81,0.9529456423279097,-4.519806030229714
-0.803,-0.7235626559970687,81,0.9529456423279097,-4.519806030229714
-0.803,-0.7235626559970687,81,0.9529456423279097,-4.519806030229714
-0.793,-0.7270178007509445,81,0.9529456423279097,-4.519806030229714
-0.702,-0.743714247569599,81,0.9529456423279097,-4.519806030229714
-0.576,-0.726186460029548,81,0.9529456423279097,-4.519806030229714
-0.455,-0.671073521090424,81,0.9529456423279097,-4.519806030229714
-0.432,-0.6569286142982338,81,0.9529456423279097,-4.519806030229714
-0.265,-0.5249852986837871,81,0.9529456423279097,-4.519806030229714
-0.262,-0.5222016599302206,81,0.9529456423279097,-4.519806030229714
-0.182,-0.44347205653699556,81,0.9529456423279097,-4.519806030229714
-0.178,-0.4393210713740665,81,0.9529456423279097,-4.519806030229714
-0.021,-0.263001834472651,81,0.9529456423279097,-4.519806030229714
-0.015,-0.25581889275932945,81,0.9529456423279097,-4.519806030229714
0.047,-0.1801057329470026,81,0.9529456423279097,-4.519806030229714
0.055,-0.17015763672649822,81,0.9529456423279097,-4.519806030229714
0.195,0.008461599943804628,81,0.9529456423279097,-4.519806030229714
0.222,0.043506198182883205,81,0.9529456423279097,-4.519806030229714
0.264,0.09809762023613881,81,0.9529456423279097,-4.519806030229714
0.297,0.14092544775386665,81,0.9529456423279097,-4.519806030229714
0.34,0.19644473368208568,81,0.9529456423279097,-4.519806030229714
0.487,0.3807313802236378,81,0.9529456423279097,-4.519806030229714
0.665,0.5831551772569312,81,0.9529456423279097,-4.519806030229714
0.764,0.6819276807226433,81,0.9529456423279097,-4.519806030229714
1.023,0.8864589981090023,81,0.9529456423279097,-4.519806030229714
1.132,0.948865372708966,81,0.9529456423279097,-4.519806030229714
1.133,0.9493726079209629,81,0.9529456423279097,-4.519806030229714
1.342,1.0294782709806087,81,0.9529456423279097,-4.519806030229714
1.465,1.0531087554995413,81,0.9529456423279097,-4.519806030229714
1.472,1.0539677551222308,81,0.9529456423279097,-4.519806030229714
2.086,0.9794194463306714,81,0.9529456423279097,-4.519806030229714
2.367,0.8893497707052046,81,0.9529456423279097,-4.519806030229714
-1.917,-0.20977778186700735,82,3.804978296256633,-2.1469351704199315
-1.724,-0.3311958026609818,82,3.804978296256633,-2.1469351704199315
-1.426,-0.5122807179021984,82,3.804978296256633,-2.1469351704199315
-1.119,-0.6583395458991771,82,3.804978296256633,-2.1469351704199315
-1.015,-0.6911822904227037,82,3.804978296256633,-2.1469351704199315
-0.935,-0.7088269594575983,82,3.804978296256633,-2.1469351704199315
-0.927,-0.7101678986490143,82,3.804978296256633,-2.1469351704199315
-0.807,-0.7193824318856968,82,3.804978296256633,-2.1469351704199315
-0.803,-0.7193038180059226,82,3.804978296256633,-2.1469351704199315
-0.803,-0.7193038180059226,82,3.804978296256633,-2.1469351704199315
-0.793,-0.718990097515301,82,3.804978296256633,-2.1469351704199315
-0.702,-0.7087090227277556,82,3.804978296256633,-2.1469351704199315
-0.576,-0.6741262170792244,82,3.804978296256633,-2.1469351704199315
-0.455,-0.6218787138009195,82,3.804978296256633,-2.1469351704199315
-0.432,-0.6102280795465653,82,3.804978296256633,-2.1469351704199315
-0.265,-0.5124455230106315,82,3.804978296256633,-2.1469351704199315
-0.262,-0.5104977268527755,82,3.804978296256633,-2.1469351704199315
-0.182,-0.4564130620791124,82,3.804978296256633,-2.1469351704199315
-0.178,-0.45360644824899127,82,3.804978296256633,-2.1469351704199315
-0.021,-0.3360747730576043,82,3.804978296256633,-2.1469351704199315
-0.015,-0.33129508680476316,82,3.804978296256633,-2.1469351704199315
0.047,-0.2806962338684896,82,3.804978296256633,-2.1469351704199315
0.055,-0.2740138098368955,82,3.804978296256633,-2.1469351704199315
0.195,-0.15318639069865464,82,3.804978296256633,-2.1469351704199315
0.222,-0.12945743521047817,82,3.804978296256633,-2.1469351704199315
0.264,-0.09262526660141321,82,3.804978296256633,-2.1469351704199315
0.297,-0.06391868974500052,82,3.804978296256633,-2.1469351704199315
0.34,-0.027062738328901638,82,3.804978296256633,-2.1469351704199315
0.487,0.09143634247957884,82,3.804978296256633,-2.1469351704199315
0.665,0.21203260562080783,82,3.804978296256633,-2.1469351704199315
0.764,0.26490122325745885,82,3.804978296256633,-2.1469351704199315
1.023,0.3683420736248981,82,3.804978296256633,-2.1469351704199315
1.132,0.4078783139599479,82,3.804978296256633,-2.1469351704199315
1.133,0.40825488043418523,82,3.804978296256633,-2.1469351704199315
1.342,0.4917069506270139,82,3.804978296256633,-2.1469351704199315
1.465,0.5393581228570622,82,3.804978296256633,-2.1469351704199315
1.472,0.5418811331075255,82,3.804978296256633,-2.1469351704199315
2.086,0.6790406061723578,82,3.804978296256633,-2.1469351704199315
2.367,0.7103954979884932,82,3.804978296256633,-2.1469351704199315
-1.917,-0.25204118297613576,83,0.690144712909906,-1.914150602571423
-1.724,-0.34374192966849837,83,0.690144712909906,-1.914150602571423
-1.426,-0.48404765281995793,83,0.690144712909906,-1.914150602571423
-1.119,-0.6097149541564857,83,0.690144712909906,-1.914150602571423
-1.015,-0.6374433866416362,83,0.690144712909906,-1.914150602571423
-0.935,-0.6502739790659485,83,0.690144712909906,-1.914150602571423
-0.927,-0.6510847187010034,83,0.690144712909906,-1.914150602571423
-0.807,-0.6516716246288603,83,0.690144712909906,-1.914150602571423
-0.803,-0.6512956655217677,83,0.690144712909906,-1.914150602571423
-0.803,-0.6512956655217677,83,0.690144712909906,-1.914150602571423
-0.793,-0.6502386249280696,83,0.690144712909906,-1.914150602571423
-0.702,-0.6331662946559892,83,0.690144712909906,-1.914150602571423
-0.576,-0.5891739584060058,83,0.690144712909906,-1.914150602571423
-0.455,-0.527841135713432,83,0.690144712909906,-1.914150602571423
-0.432,-0.5144049662309192,83,0.690144712909906,-1.914150602571423
-0.265,-0.4039301692704273,83,0.690144712909906,-1.914150602571423
-0.262,-0.40177972709127713,83,0.690144712909906,-1.914150602571423
-0.182,-0.3429510648305895,83,0.690144712909906,-1.914150602571423
-0.178,-0.33994535581123164,83,0.690144712909906,-1.914150602571423
-0.021,-0.21915180137495677,83,0.690144712909906,-1.914150602571423
-0.015,-0.21447754818354023,83,0.690144712909906,-1.914150602571423
0.047,-0.1662242471141039,83,0.690144712909906,-1.914150602571423
0.055,-0.1600176157429649,83,0.690144712909906,-1.914150602571423
0.195,-0.05341041965624349,83,0.690144712909906,-1.914150602571423
0.222,-0.03351430079878523,83,0.690144712909906,-1.914150602571423
0.264,-0.003147770540588074,83,0.690144712909906,-1.914150602571423
0.297,0.020168353222099995,83,0.690144712909906,-1.914150602571423
0.34,0.04977413699934753,83,0.690144712909906,-1.914150602571423
0.487,0.1443026484960215,83,0.690144712909906,-1.914150602571423
0.665,0.24729747771481994,83,0.690144712909906,-1.914150602571423
0.764,0.3018046051234703,83,0.690144712909906,-1.914150602571423
1.023,0.449168711008676,83,0.690144712909906,-1.914150602571423
1.132,0.5190713543742385,83,0.690144712909906,-1.914150602571423
1.133,0.5197428620093367,83,0.690144712909906,-1.914150602571423
1.342,0.6708140634302427,83,0.690144712909906,-1.914150602571423
1.465,0.7668669520601372,83,0.690144712909906,-1.914150602571423
1.472,0.7724139570160764,83,0.690144712909906,-1.914150602571423
2.086,1.2096479818697037,83,0.690144712909906,-1.914150602571423
2.367,1.3302071855440962,83,0.690144712909906,-1.914150602571423
-1.917,0.40085454945050913,84,3.052165014751621,3.9874154351350737
-1.724,0.3048421519565903,84,3.052165014751621,3.9874154351350737
-1.426,0.11218942250385856,84,3.052165014751621,3.9874154351350737
-1.119,-0.2587411910059002,84,3.052165014751621,3.9874154351350737
-1.015,-0.3844345348718902,84,3.052165014751621,3.9874154351350737
-0.935,-0.46604213450838866,84,3.052165014751621,3.9874154351350737
-0.927,-0.47319967384328127,84,3.052165014751621,3.9874154351350737
-0.807,-0.5537772151059828,84,3.052165014751621,3.9874154351350737
-0.803,-0.5555227849636182,84,3.052165014751621,3.9874154351350737
-0.803,-0.5555227849636182,84,3.052165014751621,3.9874154351350737
-0.793,-0.5596026557952868,84,3.052165014751621,3.9874154351350737
-0.702,-0.579209135719694,84,3.052165014751621,3.9874154351350737
-0.576,-0.5636057548816765,84,3.052165014751621,3.9874154351350737
-0.455,-0.5195062497799906,84,3.052165014751621,3.9874154351350737
-0.432,-0.5093761244558791,84,3.052165014751621,3.9874154351350737
-0.265,-0.4307068439615706,84,3.052165014751621,3.9874154351350737
-0.262,-0.42930682963739136,84,3.052165014751621,3.9874154351350737
-0.182,-0.39329501092737057,84,3.052165014751621,3.9874154351350737
-0.178,-0.39156486191133766,84,3.052165014751621,3.9874154351350737
-0.021,-0.328967267584634,84,3.052165014751621,3.9874154351350737
-0.015,-0.326769658642292,84,3.052165014751621,3.9874154351350737
0.047,-0.30487516312958673,84,3.052165014751621,3.9874154351350737
0.055,-0.3021612597783003,84,3.052165014751621,3.9874154351350737
0.195,-0.25909645007604953,84,3.052165014751621,3.9874154351350737
0.222,-0.25180957496285045,84,3.052165014751621,3.9874154351350737
0.264,-0.24113322576153992,84,3.052165014751621,3.9874154351350737
0.297,-0.2332639620551696,84,3.052165014751621,3.9874154351350737
0.34,-0.22358725531512963,84,3.052165014751621,3.9874154351350737
0.487,-0.1931173368602965,84,3.052165014751621,3.9874154351350737
0.665,-0.15349845999010017,84,3.052165014751621,3.9874154351350737
0.764,-0.12572891742554212,84,3.052165014751621,3.9874154351350737
1.023,-0.014698180491099711,84,3.052165014751621,3.9874154351350737
1.132,0.055791417022157404,84,3.052165014751621,3.9874154351350737
1.133,0.05651878603360403,84,3.052165014751621,3.9874154351350737
1.342,0.22952115779178103,84,3.052165014751621,3.9874154351350737
1.465,0.3313920209467428,84,3.052165014751621,3.9874154351350737
1.472,0.33674975944901503,84,3.052165014751621,3.9874154351350737
2.086,0.616384717642943,84,3.052165014751621,3.9874154351350737
2.367,0.6733206835709583,84,3.052165014751621,3.9874154351350737
-1.917,-0.5522556939043584,85,5.770057634996889,0.6094293117410966
-1.724,-0.5613201199763207,85,5.770057634996889,0.6094293117410966
-1.426,-0.5753159695589283,85,5.770057634996889,0.6094293117410966
-1.119,-0.5897345125853035,85,5.770057634996889,0.6094293117410966
-1.015,-0.5944965941023662,85,5.770057634996889,0.6094293117410966
-0.935,-0.5976924214388671,85,5.770057634996889,0.6094293117410966
-0.927,-0.5979738311081966,85,5.770057634996889,0.6094293117410966
-0.807,-0.6010093093443161,85,5.770057634996889,0.6094293117410966
-0.803,-0.6010655408395972,85,5.770057634996889,0.6094293117410966
-0.803,-0.6010655408395972,85,5.770057634996889,0.6094293117410966
-0.793,-0.6011914584986647,85,5.770057634996889,0.6094293117410966
-0.702,-0.6012220996740454,85,5.770057634996889,0.6094293117410966
-0.576,-0.5968536331182984,85,5.770057634996889,0.6094293117410966
-0.455,-0.5859081544964544,85,5.770057634996889,0.6094293117410966
-0.432,-0.5829267728018612,85,5.770057634996889,0.6094293117410966
-0.265,-0.5519304461475701,85,5.770057634996889,0.6094293117410966
-0.262,-0.5512256265080453,85,5.770057634996889,0.6094293117410966
-0.182,-0.5305988167663728,85,5.770057634996889,0.6094293117410966
-0.178,-0.5294785420066517,85,5.770057634996889,0.6094293117410966
-0.021,-0.47959957830090255,85,5.770057634996889,0.6094293117410966
-0.015,-0.477485695064218,85,5.770057634996889,0.6094293117410966
0.047,-0.4547836110760871,85,5.770057634996889,0.6094293117410966
0.055,-0.45173397215082484,85,5.770057634996889,0.6094293117410966
0.195,-0.3921364414701078,85,5.770057634996889,0.6094293117410966
0.222,-0.3788753546593845,85,5.770057634996889,0.6094293117410966
0.264,-0.35687347371981576,85,5.770057634996889,0.6094293117410966
0.297,-0.33841470719150935,85,5.770057634996889,0.6094293117410966
0.34,-0.31291342849865494,85,5.770057634996889,0.6094293117410966
0.487,-0.21614521492075647,85,5.770057634996889,0.6094293117410966
0.665,-0.09113977503919846,85,5.770057634996889,0.6094293117410966
0.764,-0.023592241557675107,85,5.770057634996889,0.6094293117410966
1.023,0.1713964165351906,85,5.770057634996889,0.6094293117410966
1.132,0.28323131392877154,85,5.770057634996889,0.6094293117410966
1.133,0.28437607677163235,85,5.770057634996889,0.6094293117410966
1.342,0.5697343217162905,85,5.770057634996889,0.6094293117410966
1.465,0.7737712593092377,85,5.770057634996889,0.6094293117410966
1.472,0.7859749809669557,85,5.770057634996889,0.6094293117410966
2.086,1.9944937012962285,85,5.770057634996889,0.6094293117410966
2.367,2.578638825725106,85,5.770057634996889,0.6094293117410966
-1.917,0.639468541183235,86,-5.539029265729738,2.642707885485829
-1.724,0.3944837411287548,86,-5.539029265729738,2.642707885485829
-1.426,0.04747113088361503,86,-5.539029265729738,2.642707885485829
-1.119,-0.22044132078910722,86,-5.539029265729738,2.642707885485829
-1.015,-0.28062669982658395,86,-5.539029265729738,2.642707885485829
-0.935,-0.3151553817677219,86,-5.539029265729738,2.642707885485829
-0.927,-0.3180422770368723,86,-5.539029265729738,2.642707885485829
-0.807,-0.34924717527581733,86,-5.539029265729738,2.642707885485829
-0.803,-0.3499073834163708,86,-5.539029265729738,2.642707885485829
-0.803,-0.3499073834163708,86,-5.539029265729738,2.642707885485829
-0.793,-0.3514538167133833,86,-5.539029265729738,2.642707885485829
-0.702,-0.3589200425824382,86,-5.539029265729738,2.642707885485829
-0.576,-0.35104081560227507,86,-5.539029265729738,2.642707885485829
-0.455,-0.3256692585471477,86,-5.539029265729738,2.642707885485829
-0.432,-0.31901512762512546,86,-5.539029265729738,2.642707885485829
-0.265,-0.25452326356076405,86,-5.539029265729738,2.642707885485829
-0.262,-0.2531183619898335,86,-5.539029265729738,2.642707885485829
-0.182,-0.2126449379926045,86,-5.539029265729738,2.642707885485829
-0.178,-0.21047131265108834,86,-5.539029265729738,2.642707885485829
-0.021,-0.11444813060370267,86,-5.539029265729738,2.642707885485829
-0.015,-0.11038083071563554,86,-5.539029265729738,2.642707885485829
0.047,-0.06673496269522841,86,-5.539029265729738,2.642707885485829
0.055,-0.06089285862591905,86,-5.539029265729738,2.642707885485829
0.195,0.047929264413502405,86,-5.539029265729738,2.642707885485829
0.222,0.07006928449833383,86,-5.539029265729738,2.642707885485829
0.264,0.10502954574044773,86,-5.539029265729738,2.642707885485829
0.297,0.13283452532965892,86,-5.539029265729738,2.642707885485829
0.34,0.16932898385380482,86,-5.539029265729738,2.642707885485829
0.487,0.29339642368537694,86,-5.539029265729738,2.642707885485829
0.665,0.4333125676753544,86,-5.539029265729738,2.642707885485829
0.764,0.5027798427330371,86,-5.539029265729738,2.642707885485829
1.023,0.6556787658677645,86,-5.539029265729738,2.642707885485829
1.132,0.7108968968274265,86,-5.539029265729738,2.642707885485829
1.133,0.7113863486198595,86,-5.539029265729738,2.642707885485829
1.342,0.808220458389258,86,-5.539029265729738,2.642707885485829
1.465,0.8606008494444283,86,-5.539029265729738,2.642707885485829
1.472,0.8634773744744894,86,-5.539029265729738,2.642707885485829
2.086,1.0594245931052475,86,-5.539029265729738,2.642707885485829
2.367,1.1079977039104616,86,-5.539029265729738,2.642707885485829
-1.917,0.9586549912040874,87,0.9633675888458287,4.414139570785021
-1.724,0.6014280897553125,87,0.9633675888458287,4.414139570785021
-1.426,0.09466101414926686,87,0.9633675888458287,4.414139570785021
-1.119,-0.3143789378653284,87,0.9633675888458287,4.414139570785021
-1.015,-0.4096581721096304,87,0.9633675888458287,4.414139570785021
-0.935,-0.4626462688724294,87,0.9633675888458287,4.414139570785021
-0.927,-0.4668739141250152,87,0.9633675888458287,4.414139570785021
-0.807,-0.505846992817415,87,0.9633675888458287,4.414139570785021
-0.803,-0.5063472219446505,87,0.9633675888458287,4.414139570785021
-0.803,-0.5063472219446505,87,0.9633675888458287,4.414139570785021
-0.793,-0.5073704237744987,87,0.9633675888458287,4.414139570785021
-0.702,-0.5024454142942228,87,0.9633675888458287,4.414139570785021
-0.576,-0.459374389750885,87,0.9633675888458287,4.414139570785021
-0.455,-0.39358106622996586,87,0.9633675888458287,4.414139570785021
-0.432,-0.38000400427795855,87,0.9633675888458287,4.414139570785021
-0.265,-0.289605644705263,87,0.9633675888458287,4.414139570785021
-0.262,-0.2882910974271146,87,0.9633675888458287,4.414139570785021
-0.182,-0.2596923910786548,87,0.9633675888458287,4.414139570785021
-0.178,-0.25861116514913146,87,0.9633675888458287,4.414139570785021
-0.021,-0.24179540696677362,87,0.9633675888458287,4.414139570785021
-0.015,-0.24205575347073827,87,0.9633675888458287,4.414139570785021
0.047,-0.24797247861624833,87,0.9633675888458287,4.414139570785021
0.055,-0.24911415682268445,87,0.9633675888458287,4.414139570785021
0.195,-0.27516681258579595,87,0.9633675888458287,4.414139570785021
0.222,-0.27985143704711307,87,0.9633675888458287,4.414139570785021
0.264,-0.28573374638941756,87,0.9633675888458287,4.414139570785021
0.297,-0.2887942378723602,87,0.9633675888458287,4.414139570785021
0.34,-0.29034076004277554,87,0.9633675888458287,4.414139570785021
0.487,-0.27244553162174195,87,0.9633675888458287,4.414139570785021
0.665,-0.2043209744407098,87,0.9633675888458287,4.414139570785021
0.764,-0.1455575773012573,87,0.9633675888458287,4.414139570785021
1.023,0.07384965970807673,87,0.9633675888458287,4.414139570785021
1.132,0.19218988523193906,87,0.9633675888458287,4.414139570785021
1.133,0.1933340192012567,87,0.9633675888458287,4.414139570785021
1.342,0.4483569084521248,87,0.9633675888458287,4.414139570785021
1.465,0.6063071582128888,87,0.9633675888458287,4.414139570785021
1.472,0.6153364292065675,87,0.9633675888458287,4.414139570785021
2.086,1.4073324849376525,87,0.9633675888458287,4.414139570785021
2.367,1.7697932205409583,87,0.9633675888458287,4.414139570785021
-1.917,0.21983631388074765,88,-3.729467886942141,-0.8196003453153868
-1.724,0.06049107852850991,88,-3.729467886942141,-0.8196003453153868
-1.426,-0.1710383750892268,88,-3.729467886942141,-0.8196003453153868
-1.119,-0.36033028374497705,88,-3.729467886942141,-0.8196003453153868
-1.015,-0.40604707038929294,88,-3.729467886942141,-0.8196003453153868
-0.935,-0.43326245059769486,88,-3.729467886942141,-0.8196003453153868
-0.927,-0.4355790373478678,88,-3.729467886942141,-0.8196003453153868
-0.807,-0.4609528726422948,88,-3.729467886942141,-0.8196003453153868
-0.803,-0.46148487881105293,88,-3.729467886942141,-0.8196003453153868
-0.803,-0.46148487881105293,88,-3.729467886942141,-0.8196003453153868
-0.793,-0.4627233852747107,88,-3.729467886942141,-0.8196003453153868
-0.702,-0.4679489134818984,88,-3.729467886942141,-0.8196003453153868
-0.576,-0.45709750285078304,88,-3.729467886942141,-0.8196003453153868
-0.455,-0.42711224237077994,88,-3.729467886942141,-0.8196003453153868
-0.432,-0.41926987765738916,88,-3.729467886942141,-0.8196003453153868
-0.265,-0.34256134017874595,88,-3.729467886942141,-0.8196003453153868
-0.262,-0.3408767573463145,88,-3.729467886942141,-0.8196003453153868
-0.182,-0.2921644310979311,88,-3.729467886942141,-0.8196003453153868
-0.178,-0.28954108770179676,88,-3.729467886942141,-0.8196003453153868
-0.021,-0.17348043288336623,88,-3.729467886942141,-0.8196003453153868
-0.015,-0.1685684370881701,88,-3.729467886942141,-0.8196003453153868
0.047,-0.11593992371773659,88,-3.729467886942141,-0.8196003453153868
0.055,-0.10890960529973802,88,-3.729467886942141,-0.8196003453153868
0.195,0.02188686246350465,88,-3.729467886942141,-0.8196003453153868
0.222,0.0485875634445478,88,-3.729467886942141,-0.8196003453153868
0.264,0.09089740751679419,88,-3.729467886942141,-0.8196003453153868
0.297,0.12472252283264298,88,-3.729467886942141,-0.8196003453153868
0.34,0.16944076218037338,88,-3.729467886942141,-0.8196003453153868
0.487,0.32574050903535157,88,-3.729467886942141,-0.8196003453153868
0.665,0.5152366990067854,88,-3.729467886942141,-0.8196003453153868
0.764,0.6173602522638862,88,-3.729467886942141,-0.8196003453153868
1.023,0.8643585697770192,88,-3.729467886942141,-0.8196003453153868
1.132,0.9577947971778643,88,-3.729467886942141,-0.8196003453153868
1.133,0.9586211073041516,88,-3.729467886942141,-0.8196003453153868
1.342,1.1194523116363595,88,-3.729467886942141,-0.8196003453153868
1.465,1.2037978695804012,88,-3.729467886942141,-0.8196003453153868
1.472,1.2083850432960137,88,-3.729467886942141,-0.8196003453153868
2.086,1.539928443653161,88,-3.729467886942141,-0.8196003453153868
2.367,1.6614025951751243,88,-3.729467886942141,-0.8196003453153868
-1.917,-0.0441204074159261,89,-2.954775129712266,-7.513973236766905
-1.724,-0.1856765511659616,89,-2.954775129712266,-7.513973236766905
-1.426,-0.3968010726994559,89,-2.954775129712266,-7.513973236766905
-1.119,-0.5671236844336071,89,-2.954775129712266,-7.513973236766905
-1.015,-0.6056451791005409,89,-2.954775129712266,-7.513973236766905
-0.935,-0.6273270780351752,89,-2.954775129712266,-7.513973236766905
-0.927,-0.6290990772100749,89,-2.954775129712266,-7.513973236766905
-0.807,-0.6462895458758687,89,-2.954775129712266,-7.513973236766905
-0.803,-0.646539371054692,89,-2.954775129712266,-7.513973236766905
-0.803,-0.646539371054692,89,-2.954775129712266,-7.513973236766905
-0.793,-0.6470675511551828,89,-2.954775129712266,-7.513973236766905
-0.702,-0.6455716742811685,89,-2.954775129712266,-7.513973236766905
-0.576,-0.6256109821801211,89,-2.954775129712266,-7.513973236766905
-0.455,-0.5902599982234199,89,-2.954775129712266,-7.513973236766905
-0.432,-0.582077056782312,89,-2.954775129712266,-7.513973236766905
-0.265,-0.5035450311307242,89,-2.954775129712266,-7.513973236766905
-0.262,-0.5017092646605461,89,-2.954775129712266,-7.513973236766905
-0.182,-0.44477486773576663,89,-2.954775129712266,-7.513973236766905
-0.178,-0.44146639184711745,89,-2.954775129712266,-7.513973236766905
-0.021,-0.2653158808397097,89,-2.954775129712266,-7.513973236766905
-0.015,-0.25648995518724654,89,-2.954775129712266,-7.513973236766905
0.047,-0.15519870578509504,89,-2.954775129712266,-7.513973236766905
0.055,-0.14080526407992225,89,-2.954775129712266,-7.513973236766905
0.195,0.15156270884898604,89,-2.954775129712266,-7.513973236766905
0.222,0.2145014489160944,89,-2.954775129712266,-7.513973236766905
0.264,0.3148826511018833,89,-2.954775129712266,-7.513973236766905
0.297,0.3951452424452263,89,-2.954775129712266,-7.513973236766905
0.34,0.5004792164580185,89,-2.954775129712266,-7.513973236766905
0.487,0.8523954918953089,89,-2.954775129712266,-7.513973236766905
0.665,1.2237036404063446,89,-2.954775129712266,-7.513973236766905
0.764,1.3901379148253392,89,-2.954775129712266,-7.513973236766905
1.023,1.6286471303908336,89,-2.954775129712266,-7.513973236766905
1.132,1.6152268919768158,89,-2.954775129712266,-7.513973236766905
1.133,1.614728532231492,89,-2.954775129712266,-7.513973236766905
1.342,1.3860281352470667,89,-2.954775129712266,-7.513973236766905
1.465,1.1838533623068572,89,-2.954775129712266,-7.513973236766905
1.472,1.1719365629477094,89,-2.954775129712266,-7.513973236766905
2.086,0.12660725173872275,89,-2.954775129712266,-7.513973236766905
2.367,-0.35179264475920125,89,-2.954775129712266,-7.513973236766905
-1.917,-0.015119712639155063,90,-2.5939258199466995,-2.897004880962532
-1.724,-0.12152937117766589,90,-2.5939258199466995,-2.897004880962532
-1.426,-0.28462330726743373,90,-2.5939258199466995,-2.897004880962532
-1.119,-0.4383283310191327,90,-2.5939258199466995,-2.897004880962532
-1.015,-0.48007664352545354,90,-2.5939258199466995,-2.897004880962532
-0.935,-0.5062607828731489,90,-2.5939258199466995,-2.897004880962532
-0.927,-0.5085437783722295,90,-2.5939258199466995,-2.897004880962532
-0.807,-0.5342311486487844,90,-2.5939258199466995,-2.897004880962532
-0.803,-0.5347856656899711,90,-2.5939258199466995,-2.897004880962532
-0.803,-0.5347856656899711,90,-2.5939258199466995,-2.897004880962532
-0.793,-0.5360798932800143,90,-2.5939258199466995,-2.897004880962532
-0.702,-0.5416463768721633,90,-2.5939258199466995,-2.897004880962532
-0.576,-0.5300437044272724,90,-2.5939258199466995,-2.897004880962532
-0.455,-0.49725032102722067,90,-2.5939258199466995,-2.897004880962532
-0.432,-0.4886254946571095,90,-2.5939258199466995,-2.897004880962532
-0.265,-0.40361292586947106,90,-2.5939258199466995,-2.897004880962532
-0.262,-0.40173226765689624,90,-2.5939258199466995,-2.897004880962532
-0.182,-0.34709259610765253,90,-2.5939258199466995,-2.897004880962532
-0.178,-0.34413568621135,90,-2.5939258199466995,-2.897004880962532
-0.021,-0.2116180180930713,90,-2.5939258199466995,-2.897004880962532
-0.015,-0.20592923808718447,90,-2.5939258199466995,-2.897004880962532
0.047,-0.14457535326243048,90,-2.5939258199466995,-2.897004880962532
0.055,-0.13632839167738833,90,-2.5939258199466995,-2.897004880962532
0.195,0.018731440326833982,90,-2.5939258199466995,-2.897004880962532
0.222,0.05068021588961079,90,-2.5939258199466995,-2.897004880962532
0.264,0.1014603953182822,90,-2.5939258199466995,-2.897004880962532
0.297,0.14216427031704065,90,-2.5939258199466995,-2.897004880962532
0.34,0.19605706913320928,90,-2.5939258199466995,-2.897004880962532
0.487,0.38389567078071,90,-2.5939258199466995,-2.897004880962532
0.665,0.6060325981748865,90,-2.5939258199466995,-2.897004880962532
0.764,0.7204388010116024,90,-2.5939258199466995,-2.897004880962532
1.023,0.9798767047801368,90,-2.5939258199466995,-2.897004880962532
1.132,1.0741080153164206,90,-2.5939258199466995,-2.897004880962532
1.133,1.0749373910500535,90,-2.5939258199466995,-2.897004880962532
1.342,1.2364282816624008,90,-2.5939258199466995,-2.897004880962532
1.465,1.322401354629647,90,-2.5939258199466995,-2.897004880962532
1.472,1.3271190161541266,90,-2.5939258199466995,-2.897004880962532
2.086,1.662139853019638,90,-2.5939258199466995,-2.897004880962532
2.367,1.763318568529362,90,-2.5939258199466995,-2.897004880962532
-1.917,0.7898757394461746,91,-1.9718646565370264,-4.855325361224127
-1.724,0.4192629030864727,91,-1.9718646565370264,-4.855325361224127
-1.426,-0.07703280946424601,91,-1.9718646565370264,-4.855325361224127
-1.119,-0.43367834179391895,91,-1.9718646565370264,-4.855325361224127
-1.015,-0.5131550115644126,91,-1.9718646565370264,-4.855325361224127
-0.935,-0.5586130982602846,91,-1.9718646565370264,-4.855325361224127
-0.927,-0.56237392728514,91,-1.9718646565370264,-4.855325361224127
-0.807,-0.601249021005324,91,-1.9718646565370264,-4.855325361224127
-0.803,-0.6019748156486184,91,-1.9718646565370264,-4.855325361224127
-0.803,-0.6019748156486184,91,-1.9718646565370264,-4.855325361224127
-0.793,-0.6036282712619965,91,-1.9718646565370264,-4.855325361224127
-0.702,-0.6085626749955091,91,-1.9718646565370264,-4.855325361224127
-0.576,-0.5884098183416755,91,-1.9718646565370264,-4.855325361224127
-0.455,-0.544443300659663,91,-1.9718646565370264,-4.855325361224127
-0.432,-0.533646821188629,91,-1.9718646565370264,-4.855325361224127
-0.265,-0.43439666892140744,91,-1.9718646565370264,-4.855325361224127
-0.262,-0.4323035031519645,91,-1.9718646565370264,-4.855325361224127
-0.182,-0.3727108557101561,91,-1.9718646565370264,-4.855325361224127
-0.178,-0.3695395386637893,91,-1.9718646565370264,-4.855325361224127
-0.021,-0.23021675370848882,91,-1.9718646565370264,-4.855325361224127
-0.015,-0.22430277539563998,91,-1.9718646565370264,-4.855325361224127
0.047,-0.16070128625856814,91,-1.9718646565370264,-4.855325361224127
0.055,-0.15218134373162265,91,-1.9718646565370264,-4.855325361224127
0.195,0.006103657737879767,91,-1.9718646565370264,-4.855325361224127
0.222,0.038129894680674306,91,-1.9718646565370264,-4.855325361224127
0.264,0.08855859536812358,91,-1.9718646565370264,-4.855325361224127
0.297,0.12859292153102383,91,-1.9718646565370264,-4.855325361224127
0.34,0.18116276039409912,91,-1.9718646565370264,-4.855325361224127
0.487,0.364267362903422,91,-1.9718646565370264,-4.855325361224127
0.665,0.5971115836216966,91,-1.9718646565370264,-4.855325361224127
0.764,0.7351253949454825,91,-1.9718646565370264,-4.855325361224127
1.023,1.1247160287264901,91,-1.9718646565370264,-4.855325361224127
1.132,1.295477311585213,91,-1.9718646565370264,-4.855325361224127
1.133,1.2970484569015388,91,-1.9718646565370264,-4.855325361224127
1.342,1.6254178280138127,91,-1.9718646565370264,-4.855325361224127
1.465,1.81866870192198,91,-1.9718646565370264,-4.855325361224127
1.472,1.8296667191362717,91,-1.9718646565370264,-4.855325361224127
2.086,2.79434994336081,91,-1.9718646565370264,-4.855325361224127
2.367,3.2358417772485812,91,-1.9718646565370264,-4.855325361224127
-1.917,0.410044714376456,92,-1.5250666828702184,3.586141653812135
-1.724,0.21485909556741822,92,-1.5250666828702184,3.586141653812135
-1.426,-0.06227855596577638,92,-1.5250666828702184,3.586141653812135
-1.119,-0.28431026280839256,92,-1.5250666828702184,3.586141653812135
-1.015,-0.338326830667712,92,-1.5250666828702184,3.586141653812135
-0.935,-0.37106384760962224,92,-1.5250666828702184,3.586141653812135
-0.927,-0.3738973293300035,92,-1.5250666828702184,3.586141653812135
-0.807,-0.4067566196951873,92,-1.5250666828702184,3.586141653812135
-0.803,-0.40754379469827434,92,-1.5250666828702184,3.586141653812135
-0.803,-0.40754379469827434,92,-1.5250666828702184,3.586141653812135
-0.793,-0.4094257272089263,92,-1.5250666828702184,3.586141653812135
-0.702,-0.42098328142579766,92,-1.5250666828702184,3.586141653812135
-0.576,-0.4209565088229232,92,-1.5250666828702184,3.586141653812135
-0.455,-0.4043991828662503,92,-1.5250666828702184,3.586141653812135
-0.432,-0.39952007182018373,92,-1.5250666828702184,3.586141653812135
-0.265,-0.34892763327618087,92,-1.5250666828702184,3.586141653812135
-0.262,-0.3477906002504105,92,-1.5250666828702184,3.586141653812135
-0.182,-0.31479748733500645,92,-1.5250666828702184,3.586141653812135
-0.178,-0.31301929256319105,92,-1.5250666828702184,3.586141653812135
-0.021,-0.23522560996063896,92,-1.5250666828702184,3.586141653812135
-0.015,-0.2319913275538639,92,-1.5250666828702184,3.586141653812135
0.047,-0.19773209991520532,92,-1.5250666828702184,3.586141653812135
0.055,-0.19321385009519876,92,-1.5250666828702184,3.586141653812135
0.195,-0.1119092203963683,92,-1.5250666828702184,3.586141653812135
0.222,-0.09599121915343141,92,-1.5250666828702184,3.586141653812135
0.264,-0.07126237312197818,92,-1.5250666828702184,3.586141653812135
0.297,-0.05192002213529605,92,-1.5250666828702184,3.586141653812135
0.34,-0.02689077003145661,92,-1.5250666828702184,3.586141653812135
0.487,0.05707902643424293,92,-1.5250666828702184,3.586141653812135
0.665,0.15620305943447838,92,-1.5250666828702184,3.586141653812135
0.764,0.2105638288334033,92,-1.5250666828702184,3.586141653812135
1.023,0.3520597762839136,92,-1.5250666828702184,3.586141653812135
1.132,0.411944474839329,92,-1.5250666828702184,3.586141653812135
1.133,0.41249535607852655,92,-1.5250666828702184,3.586141653812135
1.342,0.5272408578620597,92,-1.5250666828702184,3.586141653812135
1.465,0.5930302160104726,92,-1.5250666828702184,3.586141653812135
1.472,0.5967042685625651,92,-1.5250666828702184,3.586141653812135
2.086,0.8798033762231184,92,-1.5250666828702184,3.586141653812135
2.367,0.9828708693854862,92,-1.5250666828702184,3.586141653812135
-1.917,-0.1234549585078145,93,0.11832990501824173,3.438289068068667
-1.724,-0.1758366010978629,93,0.11832990501824173,3.438289068068667
-1.426,-0.2556129449091553,93,0.11832990501824173,3.438289068068667
-1.119,-0.3308076118172478,93,0.11832990501824173,3.438289068068667
-1.015,-0.3534086218809342,93,0.11832990501824173,3.438289068068667
-0.935,-0.3695036666291638,93,0.11832990501824173,3.438289068068667
-0.927,-0.3710458246106227,93,0.11832990501824173,3.438289068068667
-0.807,-0.3922904132983848,93,0.11832990501824173,3.438289068068667
-0.803,-0.392924111450191,93,0.11832990501824173,3.438289068068667
-0.803,-0.392924111450191,93,0.11832990501824173,3.438289068068667
-0.793,-0.3944834448941418,93,0.11832990501824173,3.438289068068667
-0.702,-0.4068156305049338,93,0.11832990501824173,3.438289068068667
-0.576,-0.41705520651058975,93,0.11832990501824173,3.438289068068667
-0.455,-0.4178226279098579,93,0.11832990501824173,3.438289068068667
-0.432,-0.4168778945825735,93,0.11832990501824173,3.438289068068667
-0.265,-0.3992619431756272,93,0.11832990501824173,3.438289068068667
-0.262,-0.39877246884893996,93,0.11832990501824173,3.438289068068667
-0.182,-0.38343876026649387,93,0.11832990501824173,3.438289068068667
-0.178,-0.3825552395537355,93,0.11832990501824173,3.438289068068667
-0.021,-0.3386217378788669,93,0.11832990501824173,3.438289068068667
-0.015,-0.33657001518427115,93,0.11832990501824173,3.438289068068667
0.047,-0.31367707696659103,93,0.11832990501824173,3.438289068068667
0.055,-0.31049461799628936,93,0.11832990501824173,3.438289068068667
0.195,-0.2462249193991267,93,0.11832990501824173,3.438289068068667
0.222,-0.2319722561235485,93,0.11832990501824173,3.438289068068667
0.264,-0.20864938970282718,93,0.11832990501824173,3.438289068068667
0.297,-0.18939506135645073,93,0.11832990501824173,3.438289068068667
0.34,-0.16318477680371524,93,0.11832990501824173,3.438289068068667
0.487,-0.06581091075984984,93,0.11832990501824173,3.438289068068667
0.665,0.0635409043818945,93,0.11832990501824173,3.438289068068667
0.764,0.14014608772597176,93,0.11832990501824173,3.438289068068667
1.023,0.3634962645555136,93,0.11832990501824173,3.438289068068667
1.132,0.4711112046852957,93,0.11832990501824173,3.438289068068667
1.133,0.4721438490661797,93,0.11832990501824173,3.438289068068667
1.342,0.7033597942527847,93,0.11832990501824173,3.438289068068667
1.465,0.8476502967070797,93,0.11832990501824173,3.438289068068667
1.472,0.8558553375121082,93,0.11832990501824173,3.438289068068667
2.086,1.424899466870019,93,0.11832990501824173,3.438289068068667
2.367,1.5148041484371115,93,0.11832990501824173,3.438289068068667
-1.917,0.19296999698408265,94,-4.641638659744719,-0.2304284131825273
-1.724,0.03927984611645591,94,-4.641638659744719,-0.2304284131825273
-1.426,-0.18138289916097017,94,-4.641638659744719,-0.2304284131825273
-1.119,-0.35458445980848624,94,-4.641638659744719,-0.2304284131825273
-1.015,-0.39391575992890737,94,-4.641638659744719,-0.2304284131825273
-0.935,-0.4161304251546664,94,-4.641638659744719,-0.2304284131825273
-0.927,-0.417951727575262,94,-4.641638659744719,-0.2304284131825273
-0.807,-0.4362435296397514,94,-4.641638659744719,-0.2304284131825273
-0.803,-0.4365556518684652,94,-4.641638659744719,-0.2304284131825273
-0.803,-0.4365556518684652,94,-4.641638659744719,-0.2304284131825273
-0.793,-0.43725029842041035,94,-4.641638659744719,-0.2304284131825273
-0.702,-0.43794001133541544,94,-4.641638659744719,-0.2304284131825273
-0.576,-0.42209579108322376,94,-4.641638659744719,-0.2304284131825273
-0.455,-0.38856257395076044,94,-4.641638659744719,-0.2304284131825273
-0.432,-0.3801987187295848,94,-4.641638659744719,-0.2304284131825273
-0.265,-0.3013321775874328,94,-4.641638659744719,-0.2304284131825273
-0.262,-0.2996347068967889,94,-4.641638659744719,-0.2304284131825273
-0.182,-0.25091341885087787,94,-4.641638659744719,-0.2304284131825273
-0.178,-0.2483065780139033,94,-4.641638659744719,-0.2304284131825273
-0.021,-0.1341174703019477,94,-4.641638659744719,-0.2304284131825273
-0.015,-0.12932204994911753,94,-4.641638659744719,-0.2304284131825273
0.047,-0.07808538948577703,94,-4.641638659744719,-0.2304284131825273
0.055,-0.07125982657171295,94,-4.641638659744719,-0.2304284131825273
0.195,0.0549971491881228,94,-4.641638659744719,-0.2304284131825273
0.222,0.08061288228328008,94,-4.641638659744719,-0.2304284131825273
0.264,0.12109590303784062,94,-4.641638659744719,-0.2304284131825273
0.297,0.15336575231330865,94,-4.641638659744719,-0.2304284131825273
0.34,0.1958912442664307,94,-4.641638659744719,-0.2304284131825273
0.487,0.34310481302529505,94,-4.641638659744719,-0.2304284131825273
0.665,0.5180745736427183,94,-4.641638659744719,-0.2304284131825273
0.764,0.6106534859782907,94,-4.641638659744719,-0.2304284131825273
1.023,0.8280697086704238,94,-4.641638659744719,-0.2304284131825273
1.132,0.9080915745698268,94,-4.641638659744719,-0.2304284131825273
1.133,0.9087931555619092,94,-4.641638659744719,-0.2304284131825273
1.342,1.043444197627408,94,-4.641638659744719,-0.2304284131825273
1.465,1.1131531779102672,94,-4.641638659744719,-0.2304284131825273
1.472,1.1169381089127093,94,-4.641638659744719,-0.2304284131825273
2.086,1.3754722253818221,94,-4.641638659744719,-0.2304284131825273
2.367,1.4496638095584493,94,-4.641638659744719,-0.2304284131825273
-1.917,-0.044619601960133426,95,-1.0475023197025133,4.849382090607457
-1.724,-0.13457637863101016,95,-1.0475023197025133,4.849382090607457
-1.426,-0.270593102553301,95,-1.0475023197025133,4.849382090607457
-1.119,-0.38818497012736436,95,-1.0475023197025133,4.849382090607457
-1.015,-0.41564648091849443,95,-1.0475023197025133,4.849382090607457
-0.935,-0.4294438186458809,95,-1.0475023197025133,4.849382090607457
-0.927,-0.4303876016144597,95,-1.0475023197025133,4.849382090607457
-0.807,-0.4334460612088061,95,-1.0475023197025133,4.849382090607457
-0.803,-0.4331648240205123,95,-1.0475023197025133,4.849382090607457
-0.803,-0.4331648240205123,95,-1.0475023197025133,4.849382090607457
-0.793,-0.43234700139871257,95,-1.0475023197025133,4.849382090607457
-0.702,-0.4179167586376962,95,-1.0475023197025133,4.849382090607457
-0.576,-0.3814054659545814,95,-1.0475023197025133,4.849382090607457
-0.455,-0.3352268614904358,95,-1.0475023197025133,4.849382090607457
-0.432,-0.3258327869935783,95,-1.0475023197025133,4.849382090607457
-0.265,-0.25912720505435277,95,-1.0475023197025133,4.849382090607457
-0.262,-0.25803363567687043,95,-1.0475023197025133,4.849382090607457
-0.182,-0.23129271363106169,95,-1.0475023197025133,4.849382090607457
-0.178,-0.23008568654675646,95,-1.0475023197025133,4.849382090607457
-0.021,-0.1915076857516607,95,-1.0475023197025133,4.849382090607457
-0.015,-0.19031213414247902,95,-1.0475023197025133,4.849382090607457
0.047,-0.1787901830403897,95,-1.0475023197025133,4.849382090607457
0.055,-0.17739592980757593,95,-1.0475023197025133,4.849382090607457
0.195,-0.15499703913174775,95,-1.0475023197025133,4.849382090607457
0.222,-0.15089487883939176,95,-1.0475023197025133,4.849382090607457
0.264,-0.14452554099319564,95,-1.0475023197025133,4.849382090607457
0.297,-0.13949979608274052,95,-1.0475023197025133,4.849382090607457
0.34,-0.13287514207243625,95,-1.0475023197025133,4.849382090607457
0.487,-0.10880444010111644,95,-1.0475023197025133,4.849382090607457
0.665,-0.07323505829276815,95,-1.0475023197025133,4.849382090607457
0.764,-0.04761681265184047,95,-1.0475023197025133,4.849382090607457
1.023,0.04903448049657103,95,-1.0475023197025133,4.849382090607457
1.132,0.10589730491507694,95,-1.0475023197025133,4.849382090607457
1.133,0.1064706731445833,95,-1.0475023197025133,4.849382090607457
1.342,0.23912032318259388,95,-1.0475023197025133,4.849382090607457
1.465,0.3163760446866432,95,-1.0475023197025133,4.849382090607457
1.472,0.32048197950395896,95,-1.0475023197025133,4.849382090607457
2.086,0.5583456617016821,95,-1.0475023197025133,4.849382090607457
2.367,0.621558757818652,95,-1.0475023197025133,4.849382090607457
-1.917,0.18234808513418324,96,1.5399943967163185,4.364944246350256
-1.724,0.0787352380187268,96,1.5399943967163185,4.364944246350256
-1.426,-0.08589470279909335,96,1.5399943967163185,4.364944246350256
-1.119,-0.2722535258874296,96,1.5399943967163185,4.364944246350256
-1.015,-0.3336004481869916,96,1.5399943967163185,4.364944246350256
-0.935,-0.37677111571413047,96,1.5399943967163185,4.364944246350256
-0.927,-0.380796810602957,96,1.5399943967163185,4.364944246350256
-0.807,-0.4325850108901838,96,1.5399943967163185,4.364944246350256
-0.803,-0.43399127151194866,96,1.5399943967163185,4.364944246350256
-0.803,-0.43399127151194866,96,1.5399943967163185,4.364944246350256
-0.793,-0.43740534454632335,96,1.5399943967163185,4.364944246350256
-0.702,-0.46186581944656546,96,1.5399943967163185,4.364944246350256
-0.576,-0.47721031611353093,96,1.5399943967163185,4.364944246350256
-0.455,-0.47455636324896594,96,1.5399943967163185,4.364944246350256
-0.432,-0.472372965224747,96,1.5399943967163185,4.364944246350256
-0.265,-0.44145322504537016,96,1.5399943967163185,4.364944246350256
-0.262,-0.44065395971913596,96,1.5399943967163185,4.364944246350256
-0.182,-0.4161345081863306,96,1.5399943967163185,4.364944246350256
-0.178,-0.41474576855809886,96,1.5399943967163185,4.364944246350256
-0.021,-0.34787820326904584,96,1.5399943967163185,4.364944246350256
-0.015,-0.34484160911004036,96,1.5399943967163185,4.364944246350256
0.047,-0.31171599920381055,96,1.5399943967163185,4.364944246350256
0.055,-0.3072619757557652,96,1.5399943967163185,4.364944246350256
0.195,-0.22803785664506554,96,1.5399943967163185,4.364944246350256
0.222,-0.2134548611930778,96,1.5399943967163185,4.364944246350256
0.264,-0.1919422564732039,96,1.5399943967163185,4.364944246350256
0.297,-0.17626182755099404,96,1.5399943967163185,4.364944246350256
0.34,-0.15756852993694268,96,1.5399943967163185,4.364944246350256
0.487,-0.10644014058473393,96,1.5399943967163185,4.364944246350256
0.665,-0.06284420555771571,96,1.5399943967163185,4.364944246350256
0.764,-0.04282812241782587,96,1.5399943967163185,4.364944246350256
1.023,0.03727389634933029,96,1.5399943967163185,4.364944246350256
1.132,0.11224364109439934,96,1.5399943967163185,4.364944246350256
1.133,0.11309368772676726,96,1.5399943967163185,4.364944246350256
1.342,0.3527569884498705,96,1.5399943967163185,4.364944246350256
1.465,0.5421676089401893,96,1.5399943967163185,4.364944246350256
1.472,0.5538133848898049,96,1.5399943967163185,4.364944246350256
2.086,1.795815763884975,96,1.5399943967163185,4.364944246350256
2.367,2.413829264188456,96,1.5399943967163185,4.364944246350256
-1.917,-0.3665554893657946,97,-1.6313553297323258,-2.2186391448988663
-1.724,-0.4156762232852432,97,-1.6313553297323258,-2.2186391448988663
-1.426,-0.48847130658304744,97,-1.6313553297323258,-2.2186391448988663
-1.119,-0.5441388865636235,97,-1.6313553297323258,-2.2186391448988663
-1.015,-0.5550573166234207,97,-1.6313553297323258,-2.2186391448988663
-0.935,-0.5598303019684863,97,-1.6313553297323258,-2.2186391448988663
-0.927,-0.5601078250188992,97,-1.6313553297323258,-2.2186391448988663
-0.807,-0.5589854620365255,97,-1.6313553297323258,-2.2186391448988663
-0.803,-0.5587557835586721,97,-1.6313553297323258,-2.2186391448988663
-0.803,-0.5587557835586721,97,-1.6313553297323258,-2.2186391448988663
-0.793,-0.5581212461679509,97,-1.6313553297323258,-2.2186391448988663
-0.702,-0.5481569289285735,97,-1.6313553297323258,-2.2186391448988663
-0.576,-0.5207139987135316,97,-1.6313553297323258,-2.2186391448988663
-0.455,-0.4783450541971955,97,-1.6313553297323258,-2.2186391448988663
-0.432,-0.4684954328861663,97,-1.6313553297323258,-2.2186391448988663
-0.265,-0.38072045975572083,97,-1.6313553297323258,-2.2186391448988663
-0.262,-0.37889825426181933,97,-1.6313553297323258,-2.2186391448988663
-0.182,-0.3273658466977549,97,-1.6313553297323258,-2.2186391448988663
-0.178,-0.32464437344617614,97,-1.6313553297323258,-2.2186391448988663
-0.021,-0.20760463615329913,97,-1.6313553297323258,-2.2186391448988663
-0.015,-0.20275259537798213,97,-1.6313553297323258,-2.2186391448988663
0.047,-0.15107297219600002,97,-1.6313553297323258,-2.2186391448988663
0.055,-0.14420373386498378,97,-1.6313553297323258,-2.2186391448988663
0.195,-0.01707544953161226,97,-1.6313553297323258,-2.2186391448988663
0.222,0.00884198701537704,97,-1.6313553297323258,-2.2186391448988663
0.264,0.04995186615453855,97,-1.6313553297323258,-2.2186391448988663
0.297,0.082857324674218,97,-1.6313553297323258,-2.2186391448988663
0.34,0.12639309306722143,97,-1.6313553297323258,-2.2186391448988663
0.487,0.2781998522197766,97,-1.6313553297323258,-2.2186391448988663
0.665,0.45901017803207717,97,-1.6313553297323258,-2.2186391448988663
0.764,0.5533523387290173,97,-1.6313553297323258,-2.2186391448988663
1.023,0.7709291908639262,97,-1.6313553297323258,-2.2186391448988663
1.132,0.850527061549806,97,-1.6313553297323258,-2.2186391448988663
1.133,0.8512265839392011,97,-1.6313553297323258,-2.2186391448988663
1.342,0.9868018370061874,97,-1.6313553297323258,-2.2186391448988663
1.465,1.0585496558819665,97,-1.6313553297323258,-2.2186391448988663
1.472,1.0624789178407965,97,-1.6313553297323258,-2.2186391448988663
2.086,1.3299408058098017,97,-1.6313553297323258,-2.2186391448988663
2.367,1.3964236651242434,97,-1.6313553297323258,-2.2186391448988663
-1.917,-0.0020870645397657065,98,-1.361518010142195,1.4644929154918334
-1.724,-0.09575432372963125,98,-1.361518010142195,1.4644929154918334
-1.426,-0.23998030619109265,98,-1.361518010142195,1.4644929154918334
-1.119,-0.37867002396673743,98,-1.361518010142195,1.4644929154918334
-1.015,-0.41680856837974584,98,-1.361518010142195,1.4644929154918334
-0.935,-0.4410746188699838,98,-1.361518010142195,1.4644929154918334
-0.927,-0.44320782883405213,98,-1.361518010142195,1.4644929154918334
-0.807,-0.46738455757934283,98,-1.361518010142195,1.4644929154918334
-0.803,-0.46790803207033904,98,-1.361518010142195,1.4644929154918334
-0.803,-0.46790803207033904,98,-1.361518010142195,1.4644929154918334
-0.793,-0.46912863608667754,98,-1.361518010142195,1.4644929154918334
-0.702,-0.47433980803892384,98,-1.361518010142195,1.4644929154918334
-0.576,-0.46411672149751576,98,-1.361518010142195,1.4644929154918334
-0.455,-0.4370001400546305,98,-1.361518010142195,1.4644929154918334
-0.432,-0.4301128171877049,98,-1.361518010142195,1.4644929154918334
-0.265,-0.3659708342418601,98,-1.361518010142195,1.4644929154918334
-0.262,-0.36462075751073636,98,-1.361518010142195,1.4644929154918334
-0.182,-0.3264791692010067,98,-1.361518010142195,1.4644929154918334
-0.178,-0.32446908150242826,98,-1.361518010142195,1.4644929154918334
-0.021,-0.23774055390842988,98,-1.361518010142195,1.4644929154918334
-0.015,-0.2341044870596201,98,-1.361518010142195,1.4644929154918334
0.047,-0.1950389648655894,98,-1.361518010142195,1.4644929154918334
0.055,-0.18979541419552357,98,-1.361518010142195,1.4644929154918334
0.195,-0.09065687836918115,98,-1.361518010142195,1.4644929154918334
0.222,-0.07000591337602569,98,-1.361518010142195,1.4644929154918334
0.264,-0.03695477426628908,98,-1.361518010142195,1.4644929154918334
0.297,-0.010226263688544516,98,-1.361518010142195,1.4644929154918334
0.34,0.025478054039121407,98,-1.361518010142195,1.4644929154918334
0.487,0.15123521704291523,98,-1.361518010142195,1.4644929154918334
0.665,0.2973803928283329,98,-1.361518010142195,1.4644929154918334
0.764,0.3697033540880626,98,-1.361518010142195,1.4644929154918334
1.023,0.5239901506749222,98,-1.361518010142195,1.4644929154918334
1.132,0.5773341964541043,98,-1.361518010142195,1.4644929154918334
1.133,0.5778002220143541,98,-1.361518010142195,1.4644929154918334
1.342,0.6649376078910763,98,-1.361518010142195,1.4644929154918334
1.465,0.7037285378588124,98,-1.361518010142195,1.4644929154918334
1.472,0.7055876073883254,98,-1.361518010142195,1.4644929154918334
2.086,0.7460743098280469,98,-1.361518010142195,1.4644929154918334
2.367,0.7188424634221976,98,-1.361518010142195,1.4644929154918334
-1.917,0.527460300583857,99,-1.5924754338253457,-1.292641394808159
-1.724,0.2620364420304942,99,-1.5924754338253457,-1.292641394808159
-1.426,-0.1104039919812872,99,-1.5924754338253457,-1.292641394808159
-1.119,-0.3871457308661038,99,-1.5924754338253457,-1.292641394808159
-1.015,-0.4472302794168855,99,-1.5924754338253457,-1.292641394808159
-0.935,-0.48074654419163826,99,-1.5924754338253457,-1.292641394808159
-0.927,-0.4834839052896711,99,-1.5924754338253457,-1.292641394808159
-0.807,-0.5114959241488223,99,-1.5924754338253457,-1.292641394808159
-0.803,-0.5120226616775699,99,-1.5924754338253457,-1.292641394808159
-0.803,-0.5120226616775699,99,-1.5924754338253457,-1.292641394808159
-0.793,-0.5132289683285435,99,-1.5924754338253457,-1.292641394808159
-0.702,-0.5172804582700221,99,-1.5924754338253457,-1.292641394808159
-0.576,-0.5044155045320085,99,-1.5924754338253457,-1.292641394808159
-0.455,-0.4751541576150315,99,-1.5924754338253457,-1.292641394808159
-0.432,-0.46795939919838864,99,-1.5924754338253457,-1.292641394808159
-0.265,-0.4025121243855875,99,-1.5924754338253457,-1.292641394808159
-0.262,-0.40114842103949333,99,-1.5924754338253457,-1.292641394808159
-0.182,-0.36255926787452764,99,-1.5924754338253457,-1.292641394808159
-0.178,-0.3605149923818235,99,-1.5924754338253457,-1.292641394808159
-0.021,-0.26990110039806464,99,-1.5924754338253457,-1.292641394808159
-0.015,-0.2659706991502786,99,-1.5924754338253457,-1.292641394808159
0.047,-0.22291620340018872,99,-1.5924754338253457,-1.292641394808159
0.055,-0.21701202090472485,99,-1.5924754338253457,-1.292641394808159
0.195,-0.09826232553915033,99,-1.5924754338253457,-1.292641394808159
0.222,-0.0715506305575508,99,-1.5924754338253457,-1.292641394808159
0.264,-0.02728007897901178,99,-1.5924754338253457,-1.292641394808159
0.297,0.009840909667188317,99,-1.5924754338253457,-1.292641394808159
0.34,0.06119434745051213,99,-1.5924754338253457,-1.292641394808159
0.487,0.25730078806705375,99,-1.5924754338253457,-1.292641394808159
0.665,0.5147901092799672,99,-1.5924754338253457,-1.292641394808159
0.764,0.6537748432351497,99,-1.5924754338253457,-1.292641394808159
1.023,0.9623025561907945,99,-1.5924754338253457,-1.292641394808159
1.132,1.0603425648803366,99,-1.5924754338253457,-1.292641394808159
1.133,1.0611388624069917,99,-1.5924754338253457,-1.292641394808159
1.342,1.186858164449625,99,-1.5924754338253457,-1.292641394808159
1.465,1.226400205781272,99,-1.5924754338253457,-1.292641394808159
1.472,1.2279633701172623,99,-1.5924754338253457,-1.292641394808159
2.086,1.1530499695007048,99,-1.5924754338253457,-1.292641394808159
2.367,1.0396213634626492,99,-1.5924754338253457,-1.292641394808159
-1.917,-0.03625813661818798,100,-2.9182970795402805,-0.869757220497749
-1.724,-0.13536049385708446,100,-2.9182970795402805,-0.869757220497749
-1.426,-0.2872509640202692,100,-2.9182970795402805,-0.869757220497749
-1.119,-0.4278601606932997,100,-2.9182970795402805,-0.869757220497749
-1.015,-0.46318464035804197,100,-2.9182970795402805,-0.869757220497749
-0.935,-0.48321569307185275,100,-2.9182970795402805,-0.869757220497749
-0.927,-0.4848161784015446,100,-2.9182970795402805,-0.869757220497749
-0.807,-0.4989531284138175,100,-2.9182970795402805,-0.869757220497749
-0.803,-0.4990883946297518,100,-2.9182970795402805,-0.869757220497749
-0.803,-0.4990883946297518,100,-2.9182970795402805,-0.869757220497749
-0.793,-0.4993273815063456,100,-2.9182970795402805,-0.869757220497749
-0.702,-0.4950583509870208,100,-2.9182970795402805,-0.869757220497749
-0.576,-0.4707474127551056,100,-2.9182970795402805,-0.869757220497749
-0.455,-0.42946950777045406,100,-2.9182970795402805,-0.869757220497749
-0.432,-0.4198457429365676,100,-2.9182970795402805,-0.869757220497749
-0.265,-0.33526873269324897,100,-2.9182970795402805,-0.869757220497749
-0.262,-0.33353621710993353,100,-2.9182970795402805,-0.869757220497749
-0.182,-0.2849050655494554,100,-2.9182970795402805,-0.869757220497749
-0.178,-0.2823550648738045,100,-2.9182970795402805,-0.869757220497749
-0.021,-0.17400467711002,100,-2.9182970795402805,-0.869757220497749
-0.015,-0.16955691114567484,100,-2.9182970795402805,-0.869757220497749
0.047,-0.12234299872521923,100,-2.9182970795402805,-0.869757220497749
0.055,-0.11608694544256634,100,-2.9182970795402805,-0.869757220497749
0.195,-8.555649961133682e-4,100,-2.9182970795402805,-0.869757220497749
0.222,0.022556443406820663,100,-2.9182970795402805,-0.869757220497749
0.264,0.0596911313939375,100,-2.9182970795402805,-0.869757220497749
0.297,0.08945687336579995,100,-2.9182970795402805,-0.869757220497749
0.34,0.12895700068281793,100,-2.9182970795402805,-0.869757220497749
0.487,0.26839773114572374,100,-2.9182970795402805,-0.869757220497749
0.665,0.4397956888457228,100,-2.9182970795402805,-0.869757220497749
0.764,0.5328764676931094,100,-2.9182970795402805,-0.869757220497749
1.023,0.7601926447505034,100,-2.9182970795402805,-0.869757220497749
1.132,0.8475671689234778,100,-2.9182970795402805,-0.869757220497749
1.133,0.8483444377451287,100,-2.9182970795402805,-0.869757220497749
1.342,1.0008508707962267,100,-2.9182970795402805,-0.869757220497749
1.465,1.0810702684445566,100,-2.9182970795402805,-0.869757220497749
1.472,1.0854134684781955,100,-2.9182970795402805,-0.869757220497749
2.086,1.3709907539442623,100,-2.9182970795402805,-0.869757220497749
2.367,1.4449794451487192,100,-2.9182970795402805,-0.869757220497749
-1.917,0.4044677263086169,101,-3.4123838614349284,-1.8917826393257484
-1.724,0.18434643275696205,101,-3.4123838614349284,-1.8917826393257484
-1.426,-0.12773272977030725,101,-3.4123838614349284,-1.8917826393257484
-1.119,-0.3756823939218246,101,-3.4123838614349284,-1.8917826393257484
-1.015,-0.4350478377320003,101,-3.4123838614349284,-1.8917826393257484
-0.935,-0.470515360364655,101,-3.4123838614349284,-1.8917826393257484
-0.927,-0.473546378020722,101,-3.4123838614349284,-1.8917826393257484
-0.807,-0.507197264620492,101,-3.4123838614349284,-1.8917826393257484
-0.803,-0.5079272169645177,101,-3.4123838614349284,-1.8917826393257484
-0.803,-0.5079272169645177,101,-3.4123838614349284,-1.8917826393257484
-0.793,-0.5096386711410887,101,-3.4123838614349284,-1.8917826393257484
-0.702,-0.5177482088403371,101,-3.4123838614349284,-1.8917826393257484
-0.576,-0.5069388768515004,101,-3.4123838614349284,-1.8917826393257484
-0.455,-0.4732480787164332,101,-3.4123838614349284,-1.8917826393257484
-0.432,-0.4643386517391226,101,-3.4123838614349284,-1.8917826393257484
-0.265,-0.37662846582571585,101,-3.4123838614349284,-1.8917826393257484
-0.262,-0.37469397372676994,101,-3.4123838614349284,-1.8917826393257484
-0.182,-0.3186195232041752,101,-3.4123838614349284,-1.8917826393257484
-0.178,-0.315591795495615,101,-3.4123838614349284,-1.8917826393257484
-0.021,-0.18056223262867432,101,-3.4123838614349284,-1.8917826393257484
-0.015,-0.17479334118434228,101,-3.4123838614349284,-1.8917826393257484
0.047,-0.11268414090020235,101,-3.4123838614349284,-1.8917826393257484
0.055,-0.10434605089781768,101,-3.4123838614349284,-1.8917826393257484
0.195,0.05215294157898586,101,-3.4123838614349284,-1.8917826393257484
0.222,0.08432827793542824,101,-3.4123838614349284,-1.8917826393257484
0.264,0.13538906259193167,101,-3.4123838614349284,-1.8917826393257484
0.297,0.17623935031184562,101,-3.4123838614349284,-1.8917826393257484
0.34,0.23022513288830268,101,-3.4123838614349284,-1.8917826393257484
0.487,0.4172459754104361,101,-3.4123838614349284,-1.8917826393257484
0.665,0.6349650486413186,101,-3.4123838614349284,-1.8917826393257484
0.764,0.7450203285651423,101,-3.4123838614349284,-1.8917826393257484
1.023,0.9740849915906907,101,-3.4123838614349284,-1.8917826393257484
1.132,1.04144331956868,101,-3.4123838614349284,-1.8917826393257484
1.133,1.04197485411987,101,-3.4123838614349284,-1.8917826393257484
1.342,1.1216792064150962,101,-3.4123838614349284,-1.8917826393257484
1.465,1.1451567115027448,101,-3.4123838614349284,-1.8917826393257484
1.472,1.1461016220625375,101,-3.4123838614349284,-1.8917826393257484
2.086,1.118438223158586,101,-3.4123838614349284,-1.8917826393257484
2.367,1.0645154778692993,101,-3.4123838614349284,-1.8917826393257484
-1.917,0.591919688889579,102,-6.255285706215051,0.7669351097952314
-1.724,0.3735945213808672,102,-6.255285706215051,0.7669351097952314
-1.426,0.06588017390379038,102,-6.255285706215051,0.7669351097952314
-1.119,-0.18398224336112493,102,-6.255285706215051,0.7669351097952314
-1.015,-0.24748782692416268,102,-6.255285706215051,0.7669351097952314
-0.935,-0.287702707034751,102,-6.255285706215051,0.7669351097952314
-0.927,-0.29128582935012554,102,-6.255285706215051,0.7669351097952314
-0.807,-0.33505912685571565,102,-6.255285706215051,0.7669351097952314
-0.803,-0.33619107103064966,102,-6.255285706215051,0.7669351097952314
-0.803,-0.33619107103064966,102,-6.255285706215051,0.7669351097952314
-0.793,-0.3389271639010813,102,-6.255285706215051,0.7669351097952314
-0.702,-0.35764633978993976,102,-6.255285706215051,0.7669351097952314
-0.576,-0.36506832729929445,102,-6.255285706215051,0.7669351097952314
-0.455,-0.35178512536225953,102,-6.255285706215051,0.7669351097952314
-0.432,-0.34698135980583955,102,-6.255285706215051,0.7669351097952314
-0.265,-0.2902197771175679,102,-6.255285706215051,0.7669351097952314
-0.262,-0.28884898163123973,102,-6.255285706215051,0.7669351097952314
-0.182,-0.2477532156781046,102,-6.255285706215051,0.7669351097952314
-0.178,-0.24546995797545165,102,-6.255285706215051,0.7669351097952314
-0.021,-0.13929667401380558,102,-6.255285706215051,0.7669351097952314
-0.015,-0.13462042377297243,102,-6.255285706215051,0.7669351097952314
0.047,-0.08378195957519578,102,-6.255285706215051,0.7669351097952314
0.055,-0.07689703280755528,102,-6.255285706215051,0.7669351097952314
0.195,0.05444932555379307,102,-6.255285706215051,0.7669351097952314
0.222,0.0819122914883389,102,-6.255285706215051,0.7669351097952314
0.264,0.1258163409840774,102,-6.255285706215051,0.7669351097952314
0.297,0.16123664781929375,102,-6.255285706215051,0.7669351097952314
0.34,0.20847193320048843,102,-6.255285706215051,0.7669351097952314
0.487,0.37687520364985894,102,-6.255285706215051,0.7669351097952314
0.665,0.5871796696882,102,-6.255285706215051,0.7669351097952314
0.764,0.7029226037285163,102,-6.255285706215051,0.7669351097952314
1.023,0.9888014295910345,102,-6.255285706215051,0.7669351097952314
1.132,1.0986591222729165,102,-6.255285706215051,0.7669351097952314
1.133,1.0996318128538427,102,-6.255285706215051,0.7669351097952314
1.342,1.2879045613174709,102,-6.255285706215051,0.7669351097952314
1.465,1.3846509678731829,102,-6.255285706215051,0.7669351097952314
1.472,1.3898612741565428,102,-6.255285706215051,0.7669351097952314
2.086,1.753852321129502,102,-6.255285706215051,0.7669351097952314
2.367,1.8842032480680817,102,-6.255285706215051,0.7669351097952314
-1.917,-1.2763990442535047,103,-0.7040671693512138,0.3162229563975638
-1.724,-1.161302054588156,103,-0.7040671693512138,0.3162229563975638
-1.426,-0.9835875316851801,103,-0.7040671693512138,0.3162229563975638
-1.119,-0.8005057916475432,103,-0.7040671693512138,0.3162229563975638
-1.015,-0.7383069313047587,103,-0.7040671693512138,0.3162229563975638
-0.935,-0.6897669651226122,103,-0.7040671693512138,0.3162229563975638
-0.927,-0.6848538070899042,103,-0.7040671693512138,0.3162229563975638
-0.807,-0.6092047528435816,103,-0.7040671693512138,0.3162229563975638
-0.803,-0.6066065609158392,103,-0.7040671693512138,0.3162229563975638
-0.803,-0.6066065609158392,103,-0.7040671693512138,0.3162229563975638
-0.793,-0.6000861298243823,103,-0.7040671693512138,0.3162229563975638
-0.702,-0.5392083398049431,103,-0.7040671693512138,0.3162229563975638
-0.576,-0.4512938452484379,103,-0.7040671693512138,0.3162229563975638
-0.455,-0.3655982564354463,103,-0.7040671693512138,0.3162229563975638
-0.432,-0.34947103195359447,103,-0.7040671693512138,0.3162229563975638
-0.265,-0.23730362722911344,103,-0.7040671693512138,0.3162229563975638
-0.262,-0.2354007017859441,103,-0.7040671693512138,0.3162229563975638
-0.182,-0.18654883801871824,103,-0.7040671693512138,0.3162229563975638
-0.178,-0.18420532051251498,103,-0.7040671693512138,0.3162229563975638
-0.021,-0.10017194865817707,103,-0.7040671693512138,0.3162229563975638
-0.015,-0.0972784879476935,103,-0.7040671693512138,0.3162229563975638
0.047,-0.06884924265405319,103,-0.7040671693512138,0.3162229563975638
0.055,-0.06538418217505088,103,-0.7040671693512138,0.3162229563975638
0.195,-0.013501530569064881,103,-0.7040671693512138,0.3162229563975638
0.222,-0.005669508362013422,103,-0.7040671693512138,0.3162229563975638
0.264,0.004909586959341007,103,-0.7040671693512138,0.3162229563975638
0.297,0.011765307230072405,103,-0.7040671693512138,0.3162229563975638
0.34,0.01866473795866926,103,-0.7040671693512138,0.3162229563975638
0.487,0.02560324444818081,103,-0.7040671693512138,0.3162229563975638
0.665,0.006429284336526615,103,-0.7040671693512138,0.3162229563975638
0.764,-0.012546865818505452,103,-0.7040671693512138,0.3162229563975638
1.023,-0.030432976253424844,103,-0.7040671693512138,0.3162229563975638
1.132,0.005808236676577878,103,-0.7040671693512138,0.3162229563975638
1.133,0.006306651920227828,103,-0.7040671693512138,0.3162229563975638
1.342,0.17196640357069218,103,-0.7040671693512138,0.3162229563975638
1.465,0.3155548461889374,103,-0.7040671693512138,0.3162229563975638
1.472,0.3245015701379173,103,-0.7040671693512138,0.3162229563975638
2.086,1.2331769189257022,103,-0.7040671693512138,0.3162229563975638
2.367,1.6038505066808966,103,-0.7040671693512138,0.3162229563975638
-1.917,1.1624014588911769,104,-1.0747219802468544,1.8289043434407033
-1.724,0.7972865482017167,104,-1.0747219802468544,1.8289043434407033
-1.426,0.2751095984627285,104,-1.0747219802468544,1.8289043434407033
-1.119,-0.14839360036493837,104,-1.0747219802468544,1.8289043434407033
-1.015,-0.2568023070165684,104,-1.0747219802468544,1.8289043434407033
-0.935,-0.3269146367419167,104,-1.0747219802468544,1.8289043434407033
-0.927,-0.33327797757757865,104,-1.0747219802468544,1.8289043434407033
-0.807,-0.41451243303497154,104,-1.0747219802468544,1.8289043434407033
-0.803,-0.4167626433107886,104,-1.0747219802468544,1.8289043434407033
-0.803,-0.4167626433107886,104,-1.0747219802468544,1.8289043434407033
-0.793,-0.4222594236574685,104,-1.0747219802468544,1.8289043434407033
-0.702,-0.46386348996242116,104,-1.0747219802468544,1.8289043434407033
-0.576,-0.49670501496747915,104,-1.0747219802468544,1.8289043434407033
-0.455,-0.501681682394888,104,-1.0747219802468544,1.8289043434407033
-0.432,-0.49973055298253294,104,-1.0747219802468544,1.8289043434407033
-0.265,-0.4586886288720636,104,-1.0747219802468544,1.8289043434407033
-0.262,-0.4575309372688255,104,-1.0747219802468544,1.8289043434407033
-0.182,-0.421407651141758,104,-1.0747219802468544,1.8289043434407033
-0.178,-0.41934070274579016,104,-1.0747219802468544,1.8289043434407033
-0.021,-0.31986707016310806,104,-1.0747219802468544,1.8289043434407033
-0.015,-0.3153928187795304,104,-1.0747219802468544,1.8289043434407033
0.047,-0.2664947183907343,104,-1.0747219802468544,1.8289043434407033
0.055,-0.2598438892092952,104,-1.0747219802468544,1.8289043434407033
0.195,-0.1324771008424759,104,-1.0747219802468544,1.8289043434407033
0.222,-0.10585647819608471,104,-1.0747219802468544,1.8289043434407033
0.264,-0.06338200174368315,104,-1.0747219802468544,1.8289043434407033
0.297,-0.029215117071697248,104,-1.0747219802468544,1.8289043434407033
0.34,0.016170655097670607,104,-1.0747219802468544,1.8289043434407033
0.487,0.17575494261890748,104,-1.0747219802468544,1.8289043434407033
0.665,0.36875188289317223,104,-1.0747219802468544,1.8289043434407033
0.764,0.4717165181419105,104,-1.0747219802468544,1.8289043434407033
1.023,0.7185254705963193,104,-1.0747219802468544,1.8289043434407033
1.132,0.8125199558715173,104,-1.0747219802468544,1.8289043434407033
1.133,0.8133554106647853,104,-1.0747219802468544,1.8289043434407033
1.342,0.9773094488448483,104,-1.0747219802468544,1.8289043434407033
1.465,1.0639139907054442,104,-1.0747219802468544,1.8289043434407033
1.472,1.0686201176136838,104,-1.0747219802468544,1.8289043434407033
2.086,1.3898903406411571,104,-1.0747219802468544,1.8289043434407033
2.367,1.484760473138387,104,-1.0747219802468544,1.8289043434407033
-1.917,-0.08703859197694751,105,-1.5151669422770215,-0.01161057787635864
-1.724,-0.222361003016824,105,-1.5151669422770215,-0.01161057787635864
-1.426,-0.4177223557626947,105,-1.5151669422770215,-0.01161057787635864
-1.119,-0.5329046632559947,105,-1.5151669422770215,-0.01161057787635864
-1.015,-0.5382879063178712,105,-1.5151669422770215,-0.01161057787635864
-0.935,-0.5332146383545793,105,-1.5151669422770215,-0.01161057787635864
-0.927,-0.532434717071441,105,-1.5151669422770215,-0.01161057787635864
-0.807,-0.5180866175704535,105,-1.5151669422770215,-0.01161057787635864
-0.803,-0.5175733712875742,105,-1.5151669422770215,-0.01161057787635864
-0.803,-0.5175733712875742,105,-1.5151669422770215,-0.01161057787635864
-0.793,-0.5162939908507036,105,-1.5151669422770215,-0.01161057787635864
-0.702,-0.5042294506240781,105,-1.5151669422770215,-0.01161057787635864
-0.576,-0.48055510716497996,105,-1.5151669422770215,-0.01161057787635864
-0.455,-0.4415257215775194,105,-1.5151669422770215,-0.01161057787635864
-0.432,-0.4319600990673794,105,-1.5151669422770215,-0.01161057787635864
-0.265,-0.34390235000851144,105,-1.5151669422770215,-0.01161057787635864
-0.262,-0.3420817583929133,105,-1.5151669422770215,-0.01161057787635864
-0.182,-0.29129032637148455,105,-1.5151669422770215,-0.01161057787635864
-0.178,-0.28864630815930603,105,-1.5151669422770215,-0.01161057787635864
-0.021,-0.1776183146410514,105,-1.5151669422770215,-0.01161057787635864
-0.015,-0.17309356737729686,105,-1.5151669422770215,-0.01161057787635864
0.047,-0.12532224701027816,105,-1.5151669422770215,-0.01161057787635864
0.055,-0.11905154422440313,105,-1.5151669422770215,-0.01161057787635864
0.195,-0.01070546683825496,105,-1.5151669422770215,-0.01161057787635864
0.222,0.008759147860229303,105,-1.5151669422770215,-0.01161057787635864
0.264,0.03726499236234921,105,-1.5151669422770215,-0.01161057787635864
0.297,0.057845028356817714,105,-1.5151669422770215,-0.01161057787635864
0.34,0.08198831339956673,105,-1.5151669422770215,-0.01161057787635864
0.487,0.14419704716885529,105,-1.5151669422770215,-0.01161057787635864
0.665,0.1964321347314109,105,-1.5151669422770215,-0.01161057787635864
0.764,0.22536123253946808,105,-1.5151669422770215,-0.01161057787635864
1.023,0.3521884665945805,105,-1.5151669422770215,-0.01161057787635864
1.132,0.44772834412364193,105,-1.5151669422770215,-0.01161057787635864
1.133,0.44876390853551507,105,-1.5151669422770215,-0.01161057787635864
1.342,0.7215175104846598,105,-1.5151669422770215,-0.01161057787635864
1.465,0.9151403140385251,105,-1.5151669422770215,-0.01161057787635864
1.472,0.9263884753576546,105,-1.5151669422770215,-0.01161057787635864
2.086,1.9130681690533127,105,-1.5151669422770215,-0.01161057787635864
2.367,2.364626791086688,105,-1.5151669422770215,-0.01161057787635864
-1.917,0.8851306845162827,106,4.3302437454511225,4.035075123070007
-1.724,0.5651243771275194,106,4.3302437454511225,4.035075123070007
-1.426,0.10196871215480917,106,4.3302437454511225,4.035075123070007
-1.119,-0.2790563434031971,106,4.3302437454511225,4.035075123070007
-1.015,-0.37520376578782744,106,4.3302437454511225,4.035075123070007
-0.935,-0.4358717079781126,106,4.3302437454511225,4.035075123070007
-0.927,-0.44128496505015496,106,4.3302437454511225,4.035075123070007
-0.807,-0.5082946563086922,106,4.3302437454511225,4.035075123070007
-0.803,-0.5100767314376489,106,4.3302437454511225,4.035075123070007
-0.803,-0.5100767314376489,106,4.3302437454511225,4.035075123070007
-0.793,-0.5144065514611145,106,4.3302437454511225,4.035075123070007
-0.702,-0.5458200245576795,106,4.3302437454511225,4.035075123070007
-0.576,-0.5672332781177121,106,4.3302437454511225,4.035075123070007
-0.455,-0.5665407674774663,106,4.3302437454511225,4.035075123070007
-0.432,-0.5643125538308793,106,4.3302437454511225,4.035075123070007
-0.265,-0.5309183583485377,106,4.3302437454511225,4.035075123070007
-0.262,-0.5300704565369261,106,4.3302437454511225,4.035075123070007
-0.182,-0.5047289347425444,106,4.3302437454511225,4.035075123070007
-0.178,-0.5033329580138155,106,4.3302437454511225,4.035075123070007
-0.021,-0.44077876740258626,106,4.3302437454511225,4.035075123070007
-0.015,-0.43813971094021203,106,4.3302437454511225,4.035075123070007
0.047,-0.410090737570116,106,4.3302437454511225,4.035075123070007
0.055,-0.4063801976296744,106,4.3302437454511225,4.035075123070007
0.195,-0.33918818881805873,106,4.3302437454511225,4.035075123070007
0.222,-0.325929407411857,106,4.3302437454511225,4.035075123070007
0.264,-0.3052581273369024,106,4.3302437454511225,4.035075123070007
0.297,-0.28903335700371846,106,4.3302437454511225,4.035075123070007
0.34,-0.2679596321308711,106,4.3302437454511225,4.035075123070007
0.487,-0.1960671368385301,106,4.3302437454511225,4.035075123070007
0.665,-0.10637637990023942,106,4.3302437454511225,4.035075123070007
0.764,-0.05359087293546176,106,4.3302437454511225,4.035075123070007
1.023,0.10137202994644007,106,4.3302437454511225,4.035075123070007
1.132,0.17637216080727028,106,4.3302437454511225,4.035075123070007
1.133,0.17709008695916453,106,4.3302437454511225,4.035075123070007
1.342,0.3378497423451298,106,4.3302437454511225,4.035075123070007
1.465,0.4405820520650514,106,4.3302437454511225,4.035075123070007
1.472,0.44656775419013817,106,4.3302437454511225,4.035075123070007
2.086,0.9916761904241593,106,4.3302437454511225,4.035075123070007
2.367,1.2298357589668119,106,4.3302437454511225,4.035075123070007
-1.917,-0.12275081947949124,107,-7.511664033482028,-1.705822902707488
-1.724,-0.1996249444995524,107,-7.511664033482028,-1.705822902707488
-1.426,-0.31449455816674987,107,-7.511664033482028,-1.705822902707488
-1.119,-0.40857754684025593,107,-7.511664033482028,-1.705822902707488
-1.015,-0.4304843602979509,107,-7.511664033482028,-1.705822902707488
-0.935,-0.44274976616439177,107,-7.511664033482028,-1.705822902707488
-0.927,-0.4437174073687552,107,-7.511664033482028,-1.705822902707488
-0.807,-0.4511106666924243,107,-7.511664033482028,-1.705822902707488
-0.803,-0.45109247424767984,107,-7.511664033482028,-1.705822902707488
-0.803,-0.45109247424767984,107,-7.511664033482028,-1.705822902707488
-0.793,-0.4509624892742,107,-7.511664033482028,-1.705822902707488
-0.702,-0.4438468176550177,107,-7.511664033482028,-1.705822902707488
-0.576,-0.4144294405384909,107,-7.511664033482028,-1.705822902707488
-0.455,-0.36325114132779873,107,-7.511664033482028,-1.705822902707488
-0.432,-0.3508763569155793,107,-7.511664033482028,-1.705822902707488
-0.265,-0.2368942154020347,107,-7.511664033482028,-1.705822902707488
-0.262,-0.23448806666174427,107,-7.511664033482028,-1.705822902707488
-0.182,-0.1660260478969071,107,-7.511664033482028,-1.705822902707488
-0.178,-0.1623873082918194,107,-7.511664033482028,-1.705822902707488
-0.021,-0.0031101993783945792,107,-7.511664033482028,-1.705822902707488
-0.015,0.0036283729307904004,107,-7.511664033482028,-1.705822902707488
0.047,0.07607024157765979,107,-7.511664033482028,-1.705822902707488
0.055,0.0857793959646673,107,-7.511664033482028,-1.705822902707488
0.195,0.2652220845135837,107,-7.511664033482028,-1.705822902707488
0.222,0.3009766818093942,107,-7.511664033482028,-1.705822902707488
0.264,0.3565877781411692,107,-7.511664033482028,-1.705822902707488
0.297,0.39994871333604004,107,-7.511664033482028,-1.705822902707488
0.34,0.45555138455749344,107,-7.511664033482028,-1.705822902707488
0.487,0.6329726115174381,107,-7.511664033482028,-1.705822902707488
0.665,0.805256351630966,107,-7.511664033482028,-1.705822902707488
0.764,0.8719886720929039,107,-7.511664033482028,-1.705822902707488
1.023,0.946056641467424,107,-7.511664033482028,-1.705822902707488
1.132,0.9544212210037569,107,-7.511664033482028,-1.705822902707488
1.133,0.9544653091307304,107,-7.511664033482028,-1.705822902707488
1.342,0.9532270768509703,107,-7.511664033482028,-1.705822902707488
1.465,0.9440427827760721,107,-7.511664033482028,-1.705822902707488
1.472,0.9432635059769224,107,-7.511664033482028,-1.705822902707488
2.086,0.7724039701354928,107,-7.511664033482028,-1.705822902707488
2.367,0.655939415704313,107,-7.511664033482028,-1.705822902707488
-1.917,0.5497658322498393,108,-1.373770369868212,-1.8427047989887724
-1.724,0.31570370582680096,108,-1.373770369868212,-1.8427047989887724
-1.426,-0.06455845891942256,108,-1.373770369868212,-1.8427047989887724
-1.119,-0.49754745356537533,108,-1.373770369868212,-1.8427047989887724
-1.015,-0.6100914183276688,108,-1.373770369868212,-1.8427047989887724
-0.935,-0.6701382666979923,108,-1.373770369868212,-1.8427047989887724
-0.927,-0.6746413465787008,108,-1.373770369868212,-1.8427047989887724
-0.807,-0.7064216866704394,108,-1.373770369868212,-1.8427047989887724
-0.803,-0.706285370000357,108,-1.373770369868212,-1.8427047989887724
-0.803,-0.706285370000357,108,-1.373770369868212,-1.8427047989887724
-0.793,-0.7055982029477481,108,-1.373770369868212,-1.8427047989887724
-0.702,-0.678110873607194,108,-1.373770369868212,-1.8427047989887724
-0.576,-0.5887178468385595,108,-1.373770369868212,-1.8427047989887724
-0.455,-0.4691225827814267,108,-1.373770369868212,-1.8427047989887724
-0.432,-0.4446781493210252,108,-1.373770369868212,-1.8427047989887724
-0.265,-0.2703838283161368,108,-1.373770369868212,-1.8427047989887724
-0.262,-0.26748569743982326,108,-1.373770369868212,-1.8427047989887724
-0.182,-0.19629675848536124,108,-1.373770369868212,-1.8427047989887724
-0.178,-0.1930995249710281,108,-1.373770369868212,-1.8427047989887724
-0.021,-0.09226249397063614,108,-1.373770369868212,-1.8427047989887724
-0.015,-0.0891019406781161,108,-1.373770369868212,-1.8427047989887724
0.047,-0.0579148815600253,108,-1.373770369868212,-1.8427047989887724
0.055,-0.054018054523382056,108,-1.373770369868212,-1.8427047989887724
0.195,0.018530496908224125,108,-1.373770369868212,-1.8427047989887724
0.222,0.035283656166800376,108,-1.373770369868212,-1.8427047989887724
0.264,0.06440251867937936,108,-1.373770369868212,-1.8427047989887724
0.297,0.0900794896906371,108,-1.373770369868212,-1.8427047989887724
0.34,0.12703154263781444,108,-1.373770369868212,-1.8427047989887724
0.487,0.2729281383178711,108,-1.373770369868212,-1.8427047989887724
0.665,0.4394847285238826,108,-1.373770369868212,-1.8427047989887724
0.764,0.5010879879046889,108,-1.373770369868212,-1.8427047989887724
1.023,0.5493094511732644,108,-1.373770369868212,-1.8427047989887724
1.132,0.5482882921061747,108,-1.373770369868212,-1.8427047989887724
1.133,0.5482850336715848,108,-1.373770369868212,-1.8427047989887724
1.342,0.5556632477426525,108,-1.373770369868212,-1.8427047989887724
1.465,0.5643353388043402,108,-1.373770369868212,-1.8427047989887724
1.472,0.5648535516027031,108,-1.373770369868212,-1.8427047989887724
2.086,0.6103082170599282,108,-1.373770369868212,-1.8427047989887724
2.367,0.6311107593945934,108,-1.373770369868212,-1.8427047989887724
-1.917,0.22920389556466095,109,-6.478786206202188,3.9424012716849353
-1.724,0.11596300106924,109,-6.478786206202188,3.9424012716849353
-1.426,-0.047772524372756225,109,-6.478786206202188,3.9424012716849353
-1.119,-0.18258133741982585,109,-6.478786206202188,3.9424012716849353
-1.015,-0.21631279136357393,109,-6.478786206202188,3.9424012716849353
-0.935,-0.23717596514928646,109,-6.478786206202188,3.9424012716849353
-0.927,-0.2390032836133746,109,-6.478786206202188,3.9424012716849353
-0.807,-0.2604683817139626,109,-6.478786206202188,3.9424012716849353
-0.803,-0.26098682378847454,109,-6.478786206202188,3.9424012716849353
-0.803,-0.26098682378847454,109,-6.478786206202188,3.9424012716849353
-0.793,-0.26222593726210897,109,-6.478786206202188,3.9424012716849353
-0.702,-0.26974712143308355,109,-6.478786206202188,3.9424012716849353
-0.576,-0.26895430793976655,109,-6.478786206202188,3.9424012716849353
-0.455,-0.2559408084299781,109,-6.478786206202188,3.9424012716849353
-0.432,-0.25212604225266677,109,-6.478786206202188,3.9424012716849353
-0.265,-0.21193948677762747,109,-6.478786206202188,3.9424012716849353
-0.262,-0.21102095157934395,109,-6.478786206202188,3.9424012716849353
-0.182,-0.18402879977936776,109,-6.478786206202188,3.9424012716849353
-0.178,-0.18255364610643787,109,-6.478786206202188,3.9424012716849353
-0.021,-0.1152733607248467,109,-6.478786206202188,3.9424012716849353
-0.015,-0.11233934733494103,109,-6.478786206202188,3.9424012716849353
0.047,-0.08046147826341414,109,-6.478786206202188,3.9424012716849353
0.055,-0.07614167701672037,109,-6.478786206202188,3.9424012716849353
0.195,0.0069288096121283985,109,-6.478786206202188,3.9424012716849353
0.222,0.024537615649333017,109,-6.478786206202188,3.9424012716849353
0.264,0.05290243569096193,109,-6.478786206202188,3.9424012716849353
0.297,0.07598769380988421,109,-6.478786206202188,3.9424012716849353
0.34,0.10705319818385226,109,-6.478786206202188,3.9424012716849353
0.487,0.22021617720856332,109,-6.478786206202188,3.9424012716849353
0.665,0.365871707641877,109,-6.478786206202188,3.9424012716849353
0.764,0.4477291781300463,109,-6.478786206202188,3.9424012716849353
1.023,0.6555836674504505,109,-6.478786206202188,3.9424012716849353
1.132,0.7385474767848809,109,-6.478786206202188,3.9424012716849353
1.133,0.7392926583332607,109,-6.478786206202188,3.9424012716849353
1.342,0.889162313670898,109,-6.478786206202188,3.9424012716849353
1.465,0.9732173333281998,109,-6.478786206202188,3.9424012716849353
1.472,0.9779355776120646,109,-6.478786206202188,3.9424012716849353
2.086,1.3634182414884455,109,-6.478786206202188,3.9424012716849353
2.367,1.5195376130941838,109,-6.478786206202188,3.9424012716849353
-1.917,0.1158294619566639,110,3.0739584346560798,-3.126082159055862
-1.724,-0.04356969166509133,110,3.0739584346560798,-3.126082159055862
-1.426,-0.29127470942440953,110,3.0739584346560798,-3.126082159055862
-1.119,-0.5347410503286164,110,3.0739584346560798,-3.126082159055862
-1.015,-0.5981702421293601,110,3.0739584346560798,-3.126082159055862
-0.935,-0.6351866023564189,110,3.0739584346560798,-3.126082159055862
-0.927,-0.6382359416899754,110,3.0739584346560798,-3.126082159055862
-0.807,-0.668723607740314,110,3.0739584346560798,-3.126082159055862
-0.803,-0.669239451832456,110,3.0739584346560798,-3.126082159055862
-0.803,-0.669239451832456,110,3.0739584346560798,-3.126082159055862
-0.793,-0.6703864081782465,110,3.0739584346560798,-3.126082159055862
-0.702,-0.6719764735323147,110,3.0739584346560798,-3.126082159055862
-0.576,-0.6515163103596278,110,3.0739584346560798,-3.126082159055862
-0.455,-0.6130601298433213,110,3.0739584346560798,-3.126082159055862
-0.432,-0.6041928828315307,110,3.0739584346560798,-3.126082159055862
-0.265,-0.529626731147608,110,3.0739584346560798,-3.126082159055862
-0.262,-0.5281623919265871,110,3.0739584346560798,-3.126082159055862
-0.182,-0.4878332764878822,110,3.0739584346560798,-3.126082159055862
-0.178,-0.4857469526813577,110,3.0739584346560798,-3.126082159055862
-0.021,-0.39636993079301386,110,3.0739584346560798,-3.126082159055862
-0.015,-0.392586668773347,110,3.0739584346560798,-3.126082159055862
0.047,-0.3514258351967147,110,3.0739584346560798,-3.126082159055862
0.055,-0.3458145180201708,110,3.0739584346560798,-3.126082159055862
0.195,-0.23396181729949228,110,3.0739584346560798,-3.126082159055862
0.222,-0.20896582707794711,110,3.0739584346560798,-3.126082159055862
0.264,-0.167534648137171,110,3.0739584346560798,-3.126082159055862
0.297,-0.13267783854110257,110,3.0739584346560798,-3.126082159055862
0.34,-0.08418802882860901,110,3.0739584346560798,-3.126082159055862
0.487,0.10371685815953118,110,3.0739584346560798,-3.126082159055862
0.665,0.35623171028623624,110,3.0739584346560798,-3.126082159055862
0.764,0.49613607999317016,110,3.0739584346560798,-3.126082159055862
1.023,0.8243680160626397,110,3.0739584346560798,-3.126082159055862
1.132,0.9347266668920445,110,3.0739584346560798,-3.126082159055862
1.133,0.9356381832817396,110,3.0739584346560798,-3.126082159055862
1.342,1.0905189882492228,110,3.0739584346560798,-3.126082159055862
1.465,1.16038869010541,110,3.0739584346560798,-3.126082159055862
1.472,1.1642217434704052,110,3.0739584346560798,-3.126082159055862
2.086,1.500415690960115,110,3.0739584346560798,-3.126082159055862
2.367,1.6542764389155058,110,3.0739584346560798,-3.126082159055862
-1.917,0.7611060972979298,111,9.3251182265257,3.9168336905835504
-1.724,0.45039672448945695,111,9.3251182265257,3.9168336905835504
-1.426,0.01790373810321697,111,9.3251182265257,3.9168336905835504
-1.119,-0.3355359078370947,111,9.3251182265257,3.9168336905835504
-1.015,-0.4287559247888564,111,9.3251182265257,3.9168336905835504
-0.935,-0.4904232899377717,111,9.3251182265257,3.9168336905835504
-0.927,-0.49610115759254836,111,9.3251182265257,3.9168336905835504
-0.807,-0.5704963831054976,111,9.3251182265257,3.9168336905835504
-0.803,-0.5726269671367459,111,9.3251182265257,3.9168336905835504
-0.803,-0.5726269671367459,111,9.3251182265257,3.9168336905835504
-0.793,-0.5778545422244703,111,9.3251182265257,3.9168336905835504
-0.702,-0.6190734870057631,111,9.3251182265257,3.9168336905835504
-0.576,-0.6584691404346833,111,9.3251182265257,3.9168336905835504
-0.455,-0.6795019218854929,111,9.3251182265257,3.9168336905835504
-0.432,-0.6818697768422647,111,9.3251182265257,3.9168336905835504
-0.265,-0.6853758734180216,111,9.3251182265257,3.9168336905835504
-0.262,-0.685235030489089,111,9.3251182265257,3.9168336905835504
-0.182,-0.6789942253624455,111,9.3251182265257,3.9168336905835504
-0.178,-0.6785559191021153,111,9.3251182265257,3.9168336905835504
-0.021,-0.651745286029381,111,9.3251182265257,3.9168336905835504
-0.015,-0.6503460570362958,111,9.3251182265257,3.9168336905835504
0.047,-0.6342428749126203,111,9.3251182265257,3.9168336905835504
0.055,-0.6319439234529953,111,9.3251182265257,3.9168336905835504
0.195,-0.5833566060824693,111,9.3251182265257,3.9168336905835504
0.222,-0.5721485908909802,111,9.3251182265257,3.9168336905835504
0.264,-0.5535440716362274,111,9.3251182265257,3.9168336905835504
0.297,-0.5379596921452882,111,9.3251182265257,3.9168336905835504
0.34,-0.5164419037141829,111,9.3251182265257,3.9168336905835504
0.487,-0.4335842618775885,111,9.3251182265257,3.9168336905835504
0.665,-0.3164298524385492,111,9.3251182265257,3.9168336905835504
0.764,-0.24330482039680348,111,9.3251182265257,3.9168336905835504
1.023,-0.017607887216702388,111,9.3251182265257,3.9168336905835504
1.132,0.09576945262883726,111,9.3251182265257,3.9168336905835504
1.133,0.09686766879707077,111,9.3251182265257,3.9168336905835504
1.342,0.3487844101025315,111,9.3251182265257,3.9168336905835504
1.465,0.5153567778998518,111,9.3251182265257,3.9168336905835504
1.472,0.5251875520496317,111,9.3251182265257,3.9168336905835504
2.086,1.479568923270592,111,9.3251182265257,3.9168336905835504
2.367,1.9370613574576936,111,9.3251182265257,3.9168336905835504
-1.917,1.2053890602710182,112,4.661084633806299,1.1018793951708155
-1.724,0.7844342934779563,112,4.661084633806299,1.1018793951708155
-1.426,0.18752130372636408,112,4.661084633806299,1.1018793951708155
-1.119,-0.2965466855101038,112,4.661084633806299,1.1018793951708155
-1.015,-0.42007536062620554,112,4.661084633806299,1.1018793951708155
-0.935,-0.49830098299696624,112,4.661084633806299,1.1018793951708155
-0.927,-0.5052529632552626,112,4.661084633806299,1.1018793951708155
-0.807,-0.5894113597560171,112,4.661084633806299,1.1018793951708155
-0.803,-0.5915509179556802,112,4.661084633806299,1.1018793951708155
-0.803,-0.5915509179556802,112,4.661084633806299,1.1018793951708155
-0.793,-0.5967085547844337,112,4.661084633806299,1.1018793951708155
-0.702,-0.6315213395184994,112,4.661084633806299,1.1018793951708155
-0.576,-0.6471362774321282,112,4.661084633806299,1.1018793951708155
-0.455,-0.6340332901839818,112,4.661084633806299,1.1018793951708155
-0.432,-0.6291243228529227,112,4.661084633806299,1.1018793951708155
-0.265,-0.5761048209284539,112,4.661084633806299,1.1018793951708155
-0.262,-0.5749215522445474,112,4.661084633806299,1.1018793951708155
-0.182,-0.5411798705668808,112,4.661084633806299,1.1018793951708155
-0.178,-0.5393964695659518,112,4.661084633806299,1.1018793951708155
-0.021,-0.46269622825812573,112,4.661084633806299,1.1018793951708155
-0.015,-0.4594825613586073,112,4.661084633806299,1.1018793951708155
0.047,-0.42492228253962366,112,4.661084633806299,1.1018793951708155
0.055,-0.42027720966348986,112,4.661084633806299,1.1018793951708155
0.195,-0.33106953877151146,112,4.661084633806299,1.1018793951708155
0.222,-0.31190930384603016,112,4.661084633806299,1.1018793951708155
0.264,-0.2807198248875515,112,4.661084633806299,1.1018793951708155
0.297,-0.25504304774021636,112,4.661084633806299,1.1018793951708155
0.34,-0.22011945374495853,112,4.661084633806299,1.1018793951708155
0.487,-0.09039638860807442,112,4.661084633806299,1.1018793951708155
0.665,0.07859554507289276,112,4.661084633806299,1.1018793951708155
0.764,0.17326066315846542,112,4.661084633806299,1.1018793951708155
1.023,0.4173289202954994,112,4.661084633806299,1.1018793951708155
1.132,0.5209524205440483,112,4.661084633806299,1.1018793951708155
1.133,0.5219119628745518,112,4.661084633806299,1.1018793951708155
1.342,0.7262201627297946,112,4.661084633806299,1.1018793951708155
1.465,0.8489421807272917,112,4.661084633806299,1.1018793951708155
1.472,0.8559446149186276,112,4.661084633806299,1.1018793951708155
2.086,1.4701606773349223,112,4.661084633806299,1.1018793951708155
2.367,1.7512595593202338,112,4.661084633806299,1.1018793951708155
-1.917,-0.3856787543261372,113,5.690718327303491,0.2755984844896831
-1.724,-0.4242874363963164,113,5.690718327303491,0.2755984844896831
-1.426,-0.4839008418725347,113,5.690718327303491,0.2755984844896831
-1.119,-0.5453146522121215,113,5.690718327303491,0.2755984844896831
-1.015,-0.566326037344191,113,5.690718327303491,0.2755984844896831
-0.935,-0.5831559194384046,113,5.690718327303491,0.2755984844896831
-0.927,-0.584875030006951,113,5.690718327303491,0.2755984844896831
-0.807,-0.6101630587470578,113,5.690718327303491,0.2755984844896831
-0.803,-0.6109472581253715,113,5.690718327303491,0.2755984844896831
-0.803,-0.6109472581253715,113,5.690718327303491,0.2755984844896831
-0.793,-0.6128790180236163,113,5.690718327303491,0.2755984844896831
-0.702,-0.6280475797621288,113,5.690718327303491,0.2755984844896831
-0.576,-0.6386131241396256,113,5.690718327303491,0.2755984844896831
-0.455,-0.6332835321137288,113,5.690718327303491,0.2755984844896831
-0.432,-0.6305642211031143,113,5.690718327303491,0.2755984844896831
-0.265,-0.5962214627410927,113,5.690718327303491,0.2755984844896831
-0.262,-0.5953873260757117,113,5.690718327303491,0.2755984844896831
-0.182,-0.5703237418595494,113,5.690718327303491,0.2755984844896831
-0.178,-0.5689167284965482,113,5.690718327303491,0.2755984844896831
-0.021,-0.4997932254354695,113,5.690718327303491,0.2755984844896831
-0.015,-0.4965514243104278,113,5.690718327303491,0.2755984844896831
0.047,-0.46002954352733033,113,5.690718327303491,0.2755984844896831
0.055,-0.4548892298821124,113,5.690718327303491,0.2755984844896831
0.195,-0.3482187808123006,113,5.690718327303491,0.2755984844896831
0.222,-0.324003476903567,113,5.690718327303491,0.2755984844896831
0.264,-0.28398985419165296,113,5.690718327303491,0.2755984844896831
0.297,-0.2506080920634281,113,5.690718327303491,0.2755984844896831
0.34,-0.20507738153083582,113,5.690718327303491,0.2755984844896831
0.487,-0.04278213900447853,113,5.690718327303491,0.2755984844896831
0.665,0.13035359474354502,113,5.690718327303491,0.2755984844896831
0.764,0.19659772830178304,113,5.690718327303491,0.2755984844896831
1.023,0.28909438091773404,113,5.690718327303491,0.2755984844896831
1.132,0.32986472678591705,113,5.690718327303491,0.2755984844896831
1.133,0.3303122468250084,113,5.690718327303491,0.2755984844896831
1.342,0.4546121119792219,113,5.690718327303491,0.2755984844896831
1.465,0.5495803711518457,113,5.690718327303491,0.2755984844896831
1.472,0.5553166935788175,113,5.690718327303491,0.2755984844896831
2.086,1.0817367155493987,113,5.690718327303491,0.2755984844896831
2.367,1.2696248808907327,113,5.690718327303491,0.2755984844896831
-1.917,-1.5856817776089969,114,1.8651535053849846,-6.022392898292174
-1.724,-1.4515055004156088,114,1.8651535053849846,-6.022392898292174
-1.426,-1.2443317667180207,114,1.8651535053849846,-6.022392898292174
-1.119,-1.0309011081771875,114,1.8651535053849846,-6.022392898292174
-1.015,-0.9582913723395147,114,1.8651535053849846,-6.022392898292174
-0.935,-0.9012788564985167,114,1.8651535053849846,-6.022392898292174
-0.927,-0.895485274636927,114,1.8651535053849846,-6.022392898292174
-0.807,-0.8058708477542085,114,1.8651535053849846,-6.022392898292174
-0.803,-0.8027838678741464,114,1.8651535053849846,-6.022392898292174
-0.803,-0.8027838678741464,114,1.8651535053849846,-6.022392898292174
-0.793,-0.795035620294875,114,1.8651535053849846,-6.022392898292174
-0.702,-0.7228227919416086,114,1.8651535053849846,-6.022392898292174
-0.576,-0.61983082373624,114,1.8651535053849846,-6.022392898292174
-0.455,-0.5209997231522145,114,1.8651535053849846,-6.022392898292174
-0.432,-0.5025191433085299,114,1.8651535053849846,-6.022392898292174
-0.265,-0.3742172502075202,114,1.8651535053849846,-6.022392898292174
-0.262,-0.37203295495611133,114,1.8651535053849846,-6.022392898292174
-0.182,-0.3156551560883437,114,1.8651535053849846,-6.022392898292174
-0.178,-0.31293083849746584,114,1.8651535053849846,-6.022392898292174
-0.021,-0.2109562793727192,114,1.8651535053849846,-6.022392898292174
-0.015,-0.2071632656608604,114,1.8651535053849846,-6.022392898292174
0.047,-0.16789409833462543,114,1.8651535053849846,-6.022392898292174
0.055,-0.16279181108200164,114,1.8651535053849846,-6.022392898292174
0.195,-0.06995659901773736,114,1.8651535053849846,-6.022392898292174
0.222,-0.05091114150792923,114,1.8651535053849846,-6.022392898292174
0.264,-0.02035343173059927,114,1.8651535053849846,-6.022392898292174
0.297,0.004443150213847246,114,1.8651535053849846,-6.022392898292174
0.34,0.03774917540560512,114,1.8651535053849846,-6.022392898292174
0.487,0.1576650002992342,114,1.8651535053849846,-6.022392898292174
0.665,0.3047841878689519,114,1.8651535053849846,-6.022392898292174
0.764,0.3821252403532233,114,1.8651535053849846,-6.022392898292174
1.023,0.5717118132423327,114,1.8651535053849846,-6.022392898292174
1.132,0.6540185767193971,114,1.8651535053849846,-6.022392898292174
1.133,0.6547964356978797,114,1.8651535053849846,-6.022392898292174
1.342,0.8229056325706736,114,1.8651535053849846,-6.022392898292174
1.465,0.9195201152430565,114,1.8651535053849846,-6.022392898292174
1.472,0.9247972749645885,114,1.8651535053849846,-6.022392898292174
2.086,1.1373337287385648,114,1.8651535053849846,-6.022392898292174
2.367,0.990888037304221,114,1.8651535053849846,-6.022392898292174
-1.917,0.5458073741977325,115,-3.2599942445012107,3.19553048892566
-1.724,0.3366719619239406,115,-3.2599942445012107,3.19553048892566
-1.426,0.028376411856179968,115,-3.2599942445012107,3.19553048892566
-1.119,-0.23354541200917495,115,-3.2599942445012107,3.19553048892566
-1.015,-0.29996078372972823,115,-3.2599942445012107,3.19553048892566
-0.935,-0.340975013265629,115,-3.2599942445012107,3.19553048892566
-0.927,-0.3445499612679264,115,-3.2599942445012107,3.19553048892566
-0.807,-0.3860085453183365,115,-3.2599942445012107,3.19553048892566
-0.803,-0.38698898408956117,115,-3.2599942445012107,3.19553048892566
-0.803,-0.38698898408956117,115,-3.2599942445012107,3.19553048892566
-0.793,-0.3893246753600259,115,-3.2599942445012107,3.19553048892566
-0.702,-0.4031833808572073,115,-3.2599942445012107,3.19553048892566
-0.576,-0.4016910465943978,115,-3.2599942445012107,3.19553048892566
-0.455,-0.37980680767022845,115,-3.2599942445012107,3.19553048892566
-0.432,-0.3735721723933872,115,-3.2599942445012107,3.19553048892566
-0.265,-0.31093207869275175,115,-3.2599942445012107,3.19553048892566
-0.262,-0.30955453918866194,115,-3.2599942445012107,3.19553048892566
-0.182,-0.2700071031393669,115,-3.2599942445012107,3.19553048892566
-0.178,-0.2678963037343985,115,-3.2599942445012107,3.19553048892566
-0.021,-0.1768844178173291,115,-3.2599942445012107,3.19553048892566
-0.015,-0.17314089139870642,115,-3.2599942445012107,3.19553048892566
0.047,-0.13360177945668478,115,-3.2599942445012107,3.19553048892566
0.055,-0.12839868278377903,115,-3.2599942445012107,3.19553048892566
0.195,-0.03478647892325002,115,-3.2599942445012107,3.19553048892566
0.222,-0.016386393565398307,115,-3.2599942445012107,3.19553048892566
0.264,0.01229706582670164,115,-3.2599942445012107,3.19553048892566
0.297,0.03481895402149814,115,-3.2599942445012107,3.19553048892566
0.34,0.06404908073278064,115,-3.2599942445012107,3.19553048892566
0.487,0.16205730796852574,115,-3.2599942445012107,3.19553048892566
0.665,0.27460337503771753,115,-3.2599942445012107,3.19553048892566
0.764,0.33327626972207364,115,-3.2599942445012107,3.19553048892566
1.023,0.47587417478035215,115,-3.2599942445012107,3.19553048892566
1.132,0.5337576516293917,115,-3.2599942445012107,3.19553048892566
1.133,0.5342879373276423,115,-3.2599942445012107,3.19553048892566
1.342,0.6446327838469431,115,-3.2599942445012107,3.19553048892566
1.465,0.7081145092648397,115,-3.2599942445012107,3.19553048892566
1.472,0.7116719582000022,115,-3.2599942445012107,3.19553048892566
2.086,0.9818084269662642,115,-3.2599942445012107,3.19553048892566
2.367,1.0695901397717618,115,-3.2599942445012107,3.19553048892566
-1.917,-0.10209924414999275,116,9.530334851428089,1.2806394877448413
-1.724,-0.22324787039698987,116,9.530334851428089,1.2806394877448413
-1.426,-0.4063781365362786,116,9.530334851428089,1.2806394877448413
-1.119,-0.570143151717177,116,9.530334851428089,1.2806394877448413
-1.015,-0.6153925959413852,116,9.530334851428089,1.2806394877448413
-0.935,-0.645240890687721,116,9.530334851428089,1.2806394877448413
-0.927,-0.6479018377112208,116,9.530334851428089,1.2806394877448413
-0.807,-0.6777827074066839,116,9.530334851428089,1.2806394877448413
-0.803,-0.6783901521967266,116,9.530334851428089,1.2806394877448413
-0.803,-0.6783901521967266,116,9.530334851428089,1.2806394877448413
-0.793,-0.6797826674319247,116,9.530334851428089,1.2806394877448413
-0.702,-0.6843877383607716,116,9.530334851428089,1.2806394877448413
-0.576,-0.6697613274937765,116,9.530334851428089,1.2806394877448413
-0.455,-0.6428733435045801,116,9.530334851428089,1.2806394877448413
-0.432,-0.6375210868508701,116,9.530334851428089,1.2806394877448413
-0.265,-0.6080763427591599,116,9.530334851428089,1.2806394877448413
-0.262,-0.6077914768658652,116,9.530334851428089,1.2806394877448413
-0.182,-0.6043476928038439,116,9.530334851428089,1.2806394877448413
-0.178,-0.6043833281314459,116,9.530334851428089,1.2806394877448413
-0.021,-0.6144005509380531,116,9.530334851428089,1.2806394877448413
-0.015,-0.614838371027682,116,9.530334851428089,1.2806394877448413
0.047,-0.6180892749136472,116,9.530334851428089,1.2806394877448413
0.055,-0.6182841513145314,116,9.530334851428089,1.2806394877448413
0.195,-0.6094742596597948,116,9.530334851428089,1.2806394877448413
0.222,-0.6045213326536663,116,9.530334851428089,1.2806394877448413
0.264,-0.59426908950339985,116,9.530334851428089,1.2806394877448413
0.297,-0.5838780227297705,116,9.530334851428089,1.2806394877448413
0.34,-0.567223872566569,116,9.530334851428089,1.2806394877448413
0.487,-0.484233541656322,116,9.530334851428089,1.2806394877448413
0.665,-0.3329452447389561,116,9.530334851428089,1.2806394877448413
0.764,-0.227956351473529,116,9.530334851428089,1.2806394877448413
1.023,0.10163019998482681,116,9.530334851428089,1.2806394877448413
1.132,0.2580910715746618,116,9.530334851428089,1.2806394877448413
1.133,0.25956029031383143,116,9.530334851428089,1.2806394877448413
1.342,0.5742418927515462,116,9.530334851428089,1.2806394877448413
1.465,0.7605552097168692,116,9.530334851428089,1.2806394877448413
1.472,0.7710270921845677,116,9.530334851428089,1.2806394877448413
2.086,1.537326631547072,116,9.530334851428089,1.2806394877448413
2.367,1.7469288900823854,116,9.530334851428089,1.2806394877448413
-1.917,-0.48537107804851626,117,7.289614452235866,-2.5616813349340197
-1.724,-0.5503561212082183,117,7.289614452235866,-2.5616813349340197
-1.426,-0.6491512680621966,117,7.289614452235866,-2.5616813349340197
-1.119,-0.7354020528473997,117,7.289614452235866,-2.5616813349340197
-1.015,-0.7545300379467881,117,7.289614452235866,-2.5616813349340197
-0.935,-0.7639780110235617,117,7.289614452235866,-2.5616813349340197
-0.927,-0.7646385281205306,117,7.289614452235866,-2.5616813349340197
-0.807,-0.7675771699456317,117,7.289614452235866,-2.5616813349340197
-0.803,-0.7674343816805828,117,7.289614452235866,-2.5616813349340197
-0.803,-0.7674343816805828,117,7.289614452235866,-2.5616813349340197
-0.793,-0.767005606636505,117,7.289614452235866,-2.5616813349340197
-0.702,-0.758513658974494,117,7.289614452235866,-2.5616813349340197
-0.576,-0.733909753925577,117,7.289614452235866,-2.5616813349340197
-0.455,-0.697557549126154,117,7.289614452235866,-2.5616813349340197
-0.432,-0.6893536383614036,117,7.289614452235866,-2.5616813349340197
-0.265,-0.6182139816113514,117,7.289614452235866,-2.5616813349340197
-0.262,-0.6167547085639143,117,7.289614452235866,-2.5616813349340197
-0.182,-0.5755355111031063,117,7.289614452235866,-2.5616813349340197
-0.178,-0.5733579890886998,117,7.289614452235866,-2.5616813349340197
-0.021,-0.47913391174953185,117,7.289614452235866,-2.5616813349340197
-0.015,-0.47519446677620547,117,7.289614452235866,-2.5616813349340197
0.047,-0.433058701005347,117,7.289614452235866,-2.5616813349340197
0.055,-0.427436258798776,117,7.289614452235866,-2.5616813349340197
0.195,-0.32293174475685116,117,7.289614452235866,-2.5616813349340197
0.222,-0.3016209012717501,117,7.289614452235866,-2.5616813349340197
0.264,-0.2678892940466169,117,7.289614452235866,-2.5616813349340197
0.297,-0.24098550268919142,117,7.289614452235866,-2.5616813349340197
0.34,-0.20555981375150867,117,7.289614452235866,-2.5616813349340197
0.487,-0.08378497646027284,117,7.289614452235866,-2.5616813349340197
0.665,0.05809229190415777,117,7.289614452235866,-2.5616813349340197
0.764,0.13215083585747628,117,7.289614452235866,-2.5616813349340197
1.023,0.3138781054528732,117,7.289614452235866,-2.5616813349340197
1.132,0.38977748232549664,117,7.289614452235866,-2.5616813349340197
1.133,0.3904802487082678,117,7.289614452235866,-2.5616813349340197
1.342,0.5397306218802774,117,7.289614452235866,-2.5616813349340197
1.465,0.6285349639218257,117,7.289614452235866,-2.5616813349340197
1.472,0.6335823204497045,117,7.289614452235866,-2.5616813349340197
2.086,1.038248069923319,117,7.289614452235866,-2.5616813349340197
2.367,1.178386736349046,117,7.289614452235866,-2.5616813349340197
-1.917,1.331970177040885,118,3.346665553292636,0.6035817105957162
-1.724,0.8393275858551632,118,3.346665553292636,0.6035817105957162
-1.426,0.13663821783987817,118,3.346665553292636,0.6035817105957162
-1.119,-0.4209061674938539,118,3.346665553292636,0.6035817105957162
-1.015,-0.5484490070121416,118,3.346665553292636,0.6035817105957162
-0.935,-0.620596634216316,118,3.346665553292636,0.6035817105957162
-0.927,-0.6265238663779021,118,3.346665553292636,0.6035817105957162
-0.807,-0.6874379173371504,118,3.346665553292636,0.6035817105957162
-0.803,-0.6885756660402623,118,3.346665553292636,0.6035817105957162
-0.803,-0.6885756660402623,118,3.346665553292636,0.6035817105957162
-0.793,-0.6911726793041969,118,3.346665553292636,0.6035817105957162
-0.702,-0.699497585603841,118,3.346665553292636,0.6035817105957162
-0.576,-0.6715009655218657,118,3.346665553292636,0.6035817105957162
-0.455,-0.6114965730739427,118,3.346665553292636,0.6035817105957162
-0.432,-0.597399397852322,118,3.346665553292636,0.6035817105957162
-0.265,-0.4801698758547469,118,3.346665553292636,0.6035817105957162
-0.262,-0.47793239504473445,118,3.346665553292636,0.6035817105957162
-0.182,-0.4180375655270778,118,3.346665553292636,0.6035817105957162
-0.178,-0.4150454255049854,118,3.346665553292636,0.6035817105957162
-0.021,-0.29835967807334524,118,3.346665553292636,0.6035817105957162
-0.015,-0.29391149804686084,118,3.346665553292636,0.6035817105957162
0.047,-0.24787455349519505,118,3.346665553292636,0.6035817105957162
0.055,-0.24191775179784014,118,3.346665553292636,0.6035817105957162
0.195,-0.13718212749689854,118,3.346665553292636,0.6035817105957162
0.222,-0.11697570741244298,118,3.346665553292636,0.6035817105957162
0.264,-0.08572741110521927,118,3.346665553292636,0.6035817105957162
0.297,-0.06152589182491709,118,3.346665553292636,0.6035817105957162
0.34,-0.030762888798780485,118,3.346665553292636,0.6035817105957162
0.487,0.06261728656286694,118,3.346665553292636,0.6035817105957162
0.665,0.13617702981680996,118,3.346665553292636,0.6035817105957162
0.764,0.1548821735833069,118,3.346665553292636,0.6035817105957162
1.023,0.1653899974678454,118,3.346665553292636,0.6035817105957162
1.132,0.17803267025624514,118,3.346665553292636,0.6035817105957162
1.133,0.1782121201366888,118,3.346665553292636,0.6035817105957162
1.342,0.23909621942917447,118,3.346665553292636,0.6035817105957162
1.465,0.2888677817857533,118,3.346665553292636,0.6035817105957162
1.472,0.2917891427630681,118,3.346665553292636,0.6035817105957162
2.086,0.5480342342016483,118,3.346665553292636,0.6035817105957162
2.367,0.6653060105766516,118,3.346665553292636,0.6035817105957162
-1.917,-0.07935543574674724,119,6.109781228205131,1.3410625179655502
-1.724,-0.2144999552679299,119,6.109781228205131,1.3410625179655502
-1.426,-0.4134106920772758,119,6.109781228205131,1.3410625179655502
-1.119,-0.5564853566504929,119,6.109781228205131,1.3410625179655502
-1.015,-0.5803238514291073,119,6.109781228205131,1.3410625179655502
-0.935,-0.5901754763990056,119,6.109781228205131,1.3410625179655502
-0.927,-0.5907983937816599,119,6.109781228205131,1.3410625179655502
-0.807,-0.5935859725170126,119,6.109781228205131,1.3410625179655502
-0.803,-0.5934990684279587,119,6.109781228205131,1.3410625179655502
-0.803,-0.5934990684279587,119,6.109781228205131,1.3410625179655502
-0.793,-0.5932400849787516,119,6.109781228205131,1.3410625179655502
-0.702,-0.588429703585527,119,6.109781228205131,1.3410625179655502
-0.576,-0.5761122728908938,119,6.109781228205131,1.3410625179655502
-0.455,-0.5608888005163557,119,6.109781228205131,1.3410625179655502
-0.432,-0.5579354228148489,119,6.109781228205131,1.3410625179655502
-0.265,-0.5396456466648142,119,6.109781228205131,1.3410625179655502
-0.262,-0.5394032562656361,119,6.109781228205131,1.3410625179655502
-0.182,-0.5343133967923742,119,6.109781228205131,1.3410625179655502
-0.178,-0.5341192631184346,119,6.109781228205131,1.3410625179655502
-0.021,-0.5260788251282605,119,6.109781228205131,1.3410625179655502
-0.015,-0.5255753639841002,119,6.109781228205131,1.3410625179655502
0.047,-0.5183980721090741,119,6.109781228205131,1.3410625179655502
0.055,-0.5171513525144604,119,6.109781228205131,1.3410625179655502
0.195,-0.47810343177529513,119,6.109781228205131,1.3410625179655502
0.222,-0.4658885123302188,119,6.109781228205131,1.3410625179655502
0.264,-0.4431594629551037,119,6.109781228205131,1.3410625179655502
0.297,-0.42186836485339047,119,6.109781228205131,1.3410625179655502
0.34,-0.3895690667906431,119,6.109781228205131,1.3410625179655502
0.487,-0.24568259646045745,119,6.109781228205131,1.3410625179655502
0.665,-0.033639353899668406,119,6.109781228205131,1.3410625179655502
0.764,0.08461258749449346,119,6.109781228205131,1.3410625179655502
1.023,0.35035257877830045,119,6.109781228205131,1.3410625179655502
1.132,0.4461642441066491,119,6.109781228205131,1.3410625179655502
1.133,0.4470123817533315,119,6.109781228205131,1.3410625179655502
1.342,0.6082797660242414,119,6.109781228205131,1.3410625179655502
1.465,0.6800410789975002,119,6.109781228205131,1.3410625179655502
1.472,0.6834218505447747,119,6.109781228205131,1.3410625179655502
2.086,0.730078863178724,119,6.109781228205131,1.3410625179655502
2.367,0.6581500137250779,119,6.109781228205131,1.3410625179655502
-1.917,1.0761620534732144,120,2.864209918886673,2.6351728815751403
-1.724,0.7641645924360374,120,2.864209918886673,2.6351728815751403
-1.426,0.2979472144678917,120,2.864209918886673,2.6351728815751403
-1.119,-0.13112832735315058,120,2.864209918886673,2.6351728815751403
-1.015,-0.2529044195091456,120,2.864209918886673,2.6351728815751403
-0.935,-0.3352505062118047,120,2.864209918886673,2.6351728815751403
-0.927,-0.3428908965978519,120,2.864209918886673,2.6351728815751403
-0.807,-0.44387945228247727,120,2.864209918886673,2.6351728815751403
-0.803,-0.44679961613893143,120,2.864209918886673,2.6351728815751403
-0.803,-0.44679961613893143,120,2.864209918886673,2.6351728815751403
-0.793,-0.4539726271368144,120,2.864209918886673,2.6351728815751403
-0.702,-0.5109237947036716,120,2.864209918886673,2.6351728815751403
-0.576,-0.5652791464305046,120,2.864209918886673,2.6351728815751403
-0.455,-0.5911964366672122,120,2.864209918886673,2.6351728815751403
-0.432,-0.5932770799329556,120,2.864209918886673,2.6351728815751403
-0.265,-0.5819081083190173,120,2.864209918886673,2.6351728815751403
-0.262,-0.5812856482919354,120,2.864209918886673,2.6351728815751403
-0.182,-0.5593606057273919,120,2.864209918886673,2.6351728815751403
-0.178,-0.5579967661621826,120,2.864209918886673,2.6351728815751403
-0.021,-0.4847370868085696,120,2.864209918886673,2.6351728815751403
-0.015,-0.4811847916316955,120,2.864209918886673,2.6351728815751403
0.047,-0.4413359250369094,120,2.864209918886673,2.6351728815751403
0.055,-0.4357858258328557,120,2.864209918886673,2.6351728815751403
0.195,-0.32497456933136504,120,2.864209918886673,2.6351728815751403
0.222,-0.3009258985383323,120,2.864209918886673,2.6351728815751403
0.264,-0.262029746511235,120,2.864209918886673,2.6351728815751403
0.297,-0.23030634910361542,120,2.864209918886673,2.6351728815751403
0.34,-0.1876081936842226,120,2.864209918886673,2.6351728815751403
0.487,-0.03282520104740844,120,2.864209918886673,2.6351728815751403
0.665,0.16411464403075493,120,2.864209918886673,2.6351728815751403
0.764,0.27446201722324104,120,2.864209918886673,2.6351728815751403
1.023,0.5559511118933377,120,2.864209918886673,2.6351728815751403
1.132,0.6705920281541401,120,2.864209918886673,2.6351728815751403
1.133,0.6716337579760426,120,2.864209918886673,2.6351728815751403
1.342,0.8860514815980105,120,2.864209918886673,2.6351728815751403
1.465,1.0095960961048422,120,2.864209918886673,2.6351728815751403
1.472,1.0165586572850163,120,2.864209918886673,2.6351728815751403
2.086,1.5643838159678056,120,2.864209918886673,2.6351728815751403
2.367,1.7556907685629928,120,2.864209918886673,2.6351728815751403
-1.917,-0.15968040854792642,121,-1.8163623084477225,-0.4435377987139577
-1.724,-0.2870470359123122,121,-1.8163623084477225,-0.4435377987139577
-1.426,-0.4739774898431018,121,-1.8163623084477225,-0.4435377987139577
-1.119,-0.6048945101810235,121,-1.8163623084477225,-0.4435377987139577
-1.015,-0.623913090791609,121,-1.8163623084477225,-0.4435377987139577
-0.935,-0.6271622523331682,121,-1.8163623084477225,-0.4435377987139577
-0.927,-0.626893190686123,121,-1.8163623084477225,-0.4435377987139577
-0.807,-0.6087232059789228,121,-1.8163623084477225,-0.4435377987139577
-0.803,-0.607637070636995,121,-1.8163623084477225,-0.4435377987139577
-0.803,-0.607637070636995,121,-1.8163623084477225,-0.4435377987139577
-0.793,-0.6047799354480894,121,-1.8163623084477225,-0.4435377987139577
-0.702,-0.5696988959108672,121,-1.8163623084477225,-0.4435377987139577
-0.576,-0.49686571716893607,121,-1.8163623084477225,-0.4435377987139577
-0.455,-0.40824068791129275,121,-1.8163623084477225,-0.4435377987139577
-0.432,-0.39025013868980496,121,-1.8163623084477225,-0.4435377987139577
-0.265,-0.258007120500202,121,-1.8163623084477225,-0.4435377987139577
-0.262,-0.2556903009118333,121,-1.8163623084477225,-0.4435377987139577
-0.182,-0.1956072530974848,121,-1.8163623084477225,-0.4435377987139577
-0.178,-0.19268876694694617,121,-1.8163623084477225,-0.4435377987139577
-0.021,-0.08120096520469076,121,-1.8163623084477225,-0.4435377987139577
-0.015,-0.07692233849126015,121,-1.8163623084477225,-0.4435377987139577
0.047,-0.03209835624709567,121,-1.8163623084477225,-0.4435377987139577
0.055,-0.026244268181656753,121,-1.8163623084477225,-0.4435377987139577
0.195,0.07096473034564431,121,-1.8163623084477225,-0.4435377987139577
0.222,0.08659009441980894,121,-1.8163623084477225,-0.4435377987139577
0.264,0.10736633941863856,121,-1.8163623084477225,-0.4435377987139577
0.297,0.1200980786513491,121,-1.8163623084477225,-0.4435377987139577
0.34,0.13162945692131203,121,-1.8163623084477225,-0.4435377987139577
0.487,0.13409425951428589,121,-1.8163623084477225,-0.4435377987139577
0.665,0.0848106746467686,121,-1.8163623084477225,-0.4435377987139577
0.764,0.047881285488018885,121,-1.8163623084477225,-0.4435377987139577
1.023,0.05627110930765134,121,-1.8163623084477225,-0.4435377987139577
1.132,0.16005722465322553,121,-1.8163623084477225,-0.4435377987139577
1.133,0.16133315506674478,121,-1.8163623084477225,-0.4435377987139577
1.342,0.5221052145542386,121,-1.8163623084477225,-0.4435377987139577
1.465,0.7809700304031422,121,-1.8163623084477225,-0.4435377987139577
1.472,0.7962677351587157,121,-1.8163623084477225,-0.4435377987139577
2.086,2.2859782405995603,121,-1.8163623084477225,-0.4435377987139577
2.367,3.0010199372218502,121,-1.8163623084477225,-0.4435377987139577
-1.917,0.5269468596348151,122,1.2753530039560617,-2.45902786298126
-1.724,0.22889226845766503,122,1.2753530039560617,-2.45902786298126
-1.426,-0.17302611146000998,122,1.2753530039560617,-2.45902786298126
-1.119,-0.4755478113766995,122,1.2753530039560617,-2.45902786298126
-1.015,-0.5461670265500856,122,1.2753530039560617,-2.45902786298126
-0.935,-0.5879488740498303,122,1.2753530039560617,-2.45902786298126
-0.927,-0.5914831803280804,122,1.2753530039560617,-2.45902786298126
-0.807,-0.6292350948902021,122,1.2753530039560617,-2.45902786298126
-0.803,-0.6299757656178829,122,1.2753530039560617,-2.45902786298126
-0.803,-0.6299757656178829,122,1.2753530039560617,-2.45902786298126
-0.793,-0.6316751628090802,122,1.2753530039560617,-2.45902786298126
-0.702,-0.6373182301191224,122,1.2753530039560617,-2.45902786298126
-0.576,-0.6178533063146784,122,1.2753530039560617,-2.45902786298126
-0.455,-0.5751498569188487,122,1.2753530039560617,-2.45902786298126
-0.432,-0.5650419089729046,122,1.2753530039560617,-2.45902786298126
-0.265,-0.47862509371051226,122,1.2753530039560617,-2.45902786298126
-0.262,-0.4769087020020462,122,1.2753530039560617,-2.45902786298126
-0.182,-0.42932883494238555,122,1.2753530039560617,-2.45902786298126
-0.178,-0.4268482192042612,122,1.2753530039560617,-2.45902786298126
-0.021,-0.3188682129859045,122,1.2753530039560617,-2.45902786298126
-0.015,-0.31424044895911624,122,1.2753530039560617,-2.45902786298126
0.047,-0.2639545095223182,122,1.2753530039560617,-2.45902786298126
0.055,-0.25714899360103305,122,1.2753530039560617,-2.45902786298126
0.195,-0.1274097451106951,122,1.2753530039560617,-2.45902786298126
0.222,-0.10027790066053391,122,1.2753530039560617,-2.45902786298126
0.264,-0.05697914133580993,122,1.2753530039560617,-2.45902786298126
0.297,-0.02220039262541453,122,1.2753530039560617,-2.45902786298126
0.34,0.023800817683775035,122,1.2753530039560617,-2.45902786298126
0.487,0.18186923726164278,122,1.2753530039560617,-2.45902786298126
0.665,0.36339821826186003,122,1.2753530039560617,-2.45902786298126
0.764,0.4583548604911258,122,1.2753530039560617,-2.45902786298126
1.023,0.6964019400779612,122,1.2753530039560617,-2.45902786298126
1.132,0.8017436532866785,122,1.2753530039560617,-2.45902786298126
1.133,0.8027410089973303,122,1.2753530039560617,-2.45902786298126
1.342,1.0271670072997028,122,1.2753530039560617,-2.45902786298126
1.465,1.176771426511974,122,1.2753530039560617,-2.45902786298126
1.472,1.1856671923214614,122,1.2753530039560617,-2.45902786298126
2.086,2.0657583575971463,122,1.2753530039560617,-2.45902786298126
2.367,2.4909890236641967,122,1.2753530039560617,-2.45902786298126
-1.917,-0.27100557534126185,123,4.255984784883586,-5.653701039621678
-1.724,-0.37530746822163624,123,4.255984784883586,-5.653701039621678
-1.426,-0.53115929547108,123,4.255984784883586,-5.653701039621678
-1.119,-0.6587960437124571,123,4.255984784883586,-5.653701039621678
-1.015,-0.6884388877898742,123,4.255984784883586,-5.653701039621678
-0.935,-0.7048813214261207,123,4.255984784883586,-5.653701039621678
-0.927,-0.7061831328026545,123,4.255984784883586,-5.653701039621678
-0.807,-0.7172978624397774,123,4.255984784883586,-5.653701039621678
-0.803,-0.7173773939420227,123,4.255984784883586,-5.653701039621678
-0.803,-0.7173773939420227,123,4.255984784883586,-5.653701039621678
-0.793,-0.7174889805495638,123,4.255984784883586,-5.653701039621678
-0.702,-0.7128259997887146,123,4.255984784883586,-5.653701039621678
-0.576,-0.6904979540075133,123,4.255984784883586,-5.653701039621678
-0.455,-0.6548461714782595,123,4.255984784883586,-5.653701039621678
-0.432,-0.6468001003842003,123,4.255984784883586,-5.653701039621678
-0.265,-0.5805755175012618,123,4.255984784883586,-5.653701039621678
-0.262,-0.5793099412465144,123,4.255984784883586,-5.653701039621678
-0.182,-0.5454088261884722,123,4.255984784883586,-5.653701039621678
-0.178,-0.5437207200836518,123,4.255984784883586,-5.653701039621678
-0.021,-0.47370111058736963,123,4.255984784883586,-5.653701039621678
-0.015,-0.4706631300772728,123,4.255984784883586,-5.653701039621678
0.047,-0.43634219147251047,123,4.255984784883586,-5.653701039621678
0.055,-0.4314488175783125,123,4.255984784883586,-5.653701039621678
0.195,-0.32070708718913554,123,4.255984784883586,-5.653701039621678
0.222,-0.2924625416218528,123,4.255984784883586,-5.653701039621678
0.264,-0.24333790630757807,123,4.255984784883586,-5.653701039621678
0.297,-0.20039274096547535,123,4.255984784883586,-5.653701039621678
0.34,-0.13917806381567377,123,4.255984784883586,-5.653701039621678
0.487,0.10566481406456721,123,4.255984784883586,-5.653701039621678
0.665,0.44388303260747897,123,4.255984784883586,-5.653701039621678
0.764,0.63433499576095,123,4.255984784883586,-5.653701039621678
1.023,1.0852931432580177,123,4.255984784883586,-5.653701039621678
1.132,1.2461567050559903,123,4.255984784883586,-5.653701039621678
1.133,1.2475375202025298,123,4.255984784883586,-5.653701039621678
1.342,1.4997929366245664,123,4.255984784883586,-5.653701039621678
1.465,1.6194367700801149,123,4.255984784883586,-5.653701039621678
1.472,1.6257168031219873,123,4.255984784883586,-5.653701039621678
2.086,1.928302725043337,123,4.255984784883586,-5.653701039621678
2.367,1.8892942585764136,123,4.255984784883586,-5.653701039621678
-1.917,0.6720041266345365,124,4.193022625807442,3.9989622234250284
-1.724,0.4198819260862795,124,4.193022625807442,3.9989622234250284
-1.426,0.05041042757215627,124,4.193022625807442,3.9989622234250284
-1.119,-0.27148210914716714,124,4.193022625807442,3.9989622234250284
-1.015,-0.35757737837490167,124,4.193022625807442,3.9989622234250284
-0.935,-0.41377972860487844,124,4.193022625807442,3.9989622234250284
-0.927,-0.41889696920760855,124,4.193022625807442,3.9989622234250284
-0.807,-0.4842547810617922,124,4.193022625807442,3.9989622234250284
-0.803,-0.48605648646641025,124,4.193022625807442,3.9989622234250284
-0.803,-0.48605648646641025,124,4.193022625807442,3.9989622234250284
-0.793,-0.4904520131802984,124,4.193022625807442,3.9989622234250284
-0.702,-0.5234320441061656,124,4.193022625807442,3.9989622234250284
-0.576,-0.549388103090205,124,4.193022625807442,3.9989622234250284
-0.455,-0.5553062700664528,124,4.193022625807442,3.9989622234250284
-0.432,-0.554570690666764,124,4.193022625807442,3.9989622234250284
-0.265,-0.5338818434131756,124,4.193022625807442,3.9989622234250284
-0.262,-0.5332850870060795,124,4.193022625807442,3.9989622234250284
-0.182,-0.51480346723175,124,4.193022625807442,3.9989622234250284
-0.178,-0.5137558132416705,124,4.193022625807442,3.9989622234250284
-0.021,-0.4639839661773923,124,4.193022625807442,3.9989622234250284
-0.015,-0.46175493147033786,124,4.193022625807442,3.9989622234250284
0.047,-0.43735122247719255,124,4.193022625807442,3.9989622234250284
0.055,-0.43402150581603977,124,4.193022625807442,3.9989622234250284
0.195,-0.36924721819236866,124,4.193022625807442,3.9989622234250284
0.222,-0.3553794408860432,124,4.193022625807442,3.9989622234250284
0.264,-0.3329538244742063,124,4.193022625807442,3.9989622234250284
0.297,-0.3146196441772927,124,4.193022625807442,3.9989622234250284
0.34,-0.28982460242226,124,4.193022625807442,3.9989622234250284
0.487,-0.1980091169709353,124,4.193022625807442,3.9989622234250284
0.665,-0.07456455739810897,124,4.193022625807442,3.9989622234250284
0.764,-0.0013779699747137357,124,4.193022625807442,3.9989622234250284
1.023,0.19959411544965688,124,4.193022625807442,3.9989622234250284
1.132,0.2860587670806908,124,4.193022625807442,3.9989622234250284
1.133,0.2868523687007248,124,4.193022625807442,3.9989622234250284
1.342,0.45042670546509156,124,4.193022625807442,3.9989622234250284
1.465,0.5418745025724274,124,4.193022625807442,3.9989622234250284
1.472,0.5469148584536662,124,4.193022625807442,3.9989622234250284
2.086,0.9025517168755817,124,4.193022625807442,3.9989622234250284
2.367,1.007704610782317,124,4.193022625807442,3.9989622234250284
-1.917,1.1124798112121002,125,4.727834379780472,0.04726400924567564
-1.724,0.6703649002424494,125,4.727834379780472,0.04726400924567564
-1.426,0.038331495455020244,125,4.727834379780472,0.04726400924567564
-1.119,-0.4658003999944254,125,4.727834379780472,0.04726400924567564
-1.015,-0.5812377322702372,125,4.727834379780472,0.04726400924567564
-0.935,-0.6463408338033543,125,4.727834379780472,0.04726400924567564
-0.927,-0.6516472341133861,125,4.727834379780472,0.04726400924567564
-0.807,-0.7047397156535471,125,4.727834379780472,0.04726400924567564
-0.803,-0.7056687093062984,125,4.727834379780472,0.04726400924567564
-0.803,-0.7056687093062984,125,4.727834379780472,0.04726400924567564
-0.793,-0.7077591627037821,125,4.727834379780472,0.04726400924567564
-0.702,-0.7124686512964302,125,4.727834379780472,0.04726400924567564
-0.576,-0.6828089076455957,125,4.727834379780472,0.04726400924567564
-0.455,-0.6256123741539726,125,4.727834379780472,0.04726400924567564
-0.432,-0.6125246086658213,125,4.727834379780472,0.04726400924567564
-0.265,-0.5069320617487694,125,4.727834379780472,0.04726400924567564
-0.262,-0.5049717415499058,125,4.727834379780472,0.04726400924567564
-0.182,-0.45317466647307164,125,4.727834379780472,0.04726400924567564
-0.178,-0.4506141824142178,125,4.727834379780472,0.04726400924567564
-0.021,-0.3523216892156691,125,4.727834379780472,0.04726400924567564
-0.015,-0.3486340147285749,125,4.727834379780472,0.04726400924567564
0.047,-0.3107274761327114,125,4.727834379780472,0.04726400924567564
0.055,-0.3058585866952398,125,4.727834379780472,0.04726400924567564
0.195,-0.2225839660000096,125,4.727834379780472,0.04726400924567564
0.222,-0.20727426626566353,125,4.727834379780472,0.04726400924567564
0.264,-0.18419532736984104,125,4.727834379780472,0.04726400924567564
0.297,-0.16679554627675697,125,4.727834379780472,0.04726400924567564
0.34,-0.1452357275445637,125,4.727834379780472,0.04726400924567564
0.487,-0.08180782143995247,125,4.727834379780472,0.04726400924567564
0.665,-0.025861915920192075,125,4.727834379780472,0.04726400924567564
0.764,-0.0032999741182945072,125,4.727834379780472,0.04726400924567564
1.023,0.08189707191457397,125,4.727834379780472,0.04726400924567564
1.132,0.16142156283549938,125,4.727834379780472,0.04726400924567564
1.133,0.16233077675791036,125,4.727834379780472,0.04726400924567564
1.342,0.42346497765507857,125,4.727834379780472,0.04726400924567564
1.465,0.6339376509152902,125,4.727834379780472,0.04726400924567564
1.472,0.6469353717250077,125,4.727834379780472,0.04726400924567564
2.086,2.0442077377980445,125,4.727834379780472,0.04726400924567564
2.367,2.7415341690450847,125,4.727834379780472,0.04726400924567564
-1.917,0.9263859337546952,126,-0.09328227035411993,2.2147929572012344
-1.724,0.5957582082043036,126,-0.09328227035411993,2.2147929572012344
-1.426,0.12162688970691898,126,-0.09328227035411993,2.2147929572012344
-1.119,-0.26312768182635693,126,-0.09328227035411993,2.2147929572012344
-1.015,-0.35585414913384783,126,-0.09328227035411993,2.2147929572012344
-0.935,-0.4117316440804585,126,-0.09328227035411993,2.2147929572012344
-0.927,-0.41655102075644834,126,-0.09328227035411993,2.2147929572012344
-0.807,-0.4720309269839869,126,-0.09328227035411993,2.2147929572012344
-0.803,-0.4733436734769852,126,-0.09328227035411993,2.2147929572012344
-0.803,-0.4733436734769852,126,-0.09328227035411993,2.2147929572012344
-0.793,-0.4764764091823561,126,-0.09328227035411993,2.2147929572012344
-0.702,-0.4956406783007955,126,-0.09328227035411993,2.2147929572012344
-0.576,-0.4975164348896576,126,-0.09328227035411993,2.2147929572012344
-0.455,-0.47737336411255504,126,-0.09328227035411993,2.2147929572012344
-0.432,-0.4715242474823399,126,-0.09328227035411993,2.2147929572012344
-0.265,-0.41291932776997564,126,-0.09328227035411993,2.2147929572012344
-0.262,-0.41163058905176847,126,-0.09328227035411993,2.2147929572012344
-0.182,-0.3745819187031584,126,-0.09328227035411993,2.2147929572012344
-0.178,-0.37260054111846796,126,-0.09328227035411993,2.2147929572012344
-0.021,-0.2867387909974447,126,-0.09328227035411993,2.2147929572012344
-0.015,-0.2831904170656921,126,-0.09328227035411993,2.2147929572012344
0.047,-0.2456621420677577,126,-0.09328227035411993,2.2147929572012344
0.055,-0.2407206674354116,126,-0.09328227035411993,2.2147929572012344
0.195,-0.15207373535934032,126,-0.09328227035411993,2.2147929572012344
0.222,-0.1347645134357444,126,-0.09328227035411993,2.2147929572012344
0.264,-0.10784928248761685,126,-0.09328227035411993,2.2147929572012344
0.297,-0.08674224956013839,126,-0.09328227035411993,2.2147929572012344
0.34,-0.05931694458500637,126,-0.09328227035411993,2.2147929572012344
0.487,0.03479219163720428,126,-0.09328227035411993,2.2147929572012344
0.665,0.15338078102546013,126,-0.09328227035411993,2.2147929572012344
0.764,0.22366512003190742,126,-0.09328227035411993,2.2147929572012344
1.023,0.4312835551948687,126,-0.09328227035411993,2.2147929572012344
1.132,0.5321628290860844,126,-0.09328227035411993,2.2147929572012344
1.133,0.5331295924145416,126,-0.09328227035411993,2.2147929572012344
1.342,0.748329998503106,126,-0.09328227035411993,2.2147929572012344
1.465,0.8819519269494698,126,-0.09328227035411993,2.2147929572012344
1.472,0.8895800707207919,126,-0.09328227035411993,2.2147929572012344
2.086,1.4956946721981914,126,-0.09328227035411993,2.2147929572012344
2.367,1.698874206861788,126,-0.09328227035411993,2.2147929572012344
-1.917,0.3721733140802367,127,-5.124221141871342,3.02284564148834
-1.724,0.1778112033067864,127,-5.124221141871342,3.02284564148834
-1.426,-0.08986832616302448,127,-5.124221141871342,3.02284564148834
-1.119,-0.2925307463778734,127,-5.124221141871342,3.02284564148834
-1.015,-0.33833244374040383,127,-5.124221141871342,3.02284564148834
-0.935,-0.3642981000422398,127,-5.124221141871342,3.02284564148834
-0.927,-0.3664256626003074,127,-5.124221141871342,3.02284564148834
-0.807,-0.38753200679973204,127,-5.124221141871342,3.02284564148834
-0.803,-0.3878755257877991,127,-5.124221141871342,3.02284564148834
-0.803,-0.3878755257877991,127,-5.124221141871342,3.02284564148834
-0.793,-0.38862963701021375,127,-5.124221141871342,3.02284564148834
-0.702,-0.38862710633010183,127,-5.124221141871342,3.02284564148834
-0.576,-0.3686591493447204,127,-5.124221141871342,3.02284564148834
-0.455,-0.32936095148159444,127,-5.124221141871342,3.02284564148834
-0.432,-0.31988325829092007,127,-5.124221141871342,3.02284564148834
-0.265,-0.23491071185138707,127,-5.124221141871342,3.02284564148834
-0.262,-0.23315778664668538,127,-5.124221141871342,3.02284564148834
-0.182,-0.18400438080350454,127,-5.124221141871342,3.02284564148834
-0.178,-0.18143362859209852,127,-5.124221141871342,3.02284564148834
-0.021,-0.0737632771794514,127,-5.124221141871342,3.02284564148834
-0.015,-0.06943190685678435,127,-5.124221141871342,3.02284564148834
0.047,-0.024029333752707594,127,-5.124221141871342,3.02284564148834
0.055,-0.01810157616188755,127,-5.124221141871342,3.02284564148834
0.195,0.08616150703995488,127,-5.124221141871342,3.02284564148834
0.222,0.10597437838655206,127,-5.124221141871342,3.02284564148834
0.264,0.1362715971100318,127,-5.124221141871342,3.02284564148834
0.297,0.15947733521679322,127,-5.124221141871342,3.02284564148834
0.34,0.1887059156613248,127,-5.124221141871342,3.02284564148834
0.487,0.27751981951195587,127,-5.124221141871342,3.02284564148834
0.665,0.35782009873199055,127,-5.124221141871342,3.02284564148834
0.764,0.39012575278722533,127,-5.124221141871342,3.02284564148834
1.023,0.44398858386693657,127,-5.124221141871342,3.02284564148834
1.132,0.4608225297905354,127,-5.124221141871342,3.02284564148834
1.133,0.4609743187242409,127,-5.124221141871342,3.02284564148834
1.342,0.4923914081229694,127,-5.124221141871342,3.02284564148834
1.465,0.5099184152195884,127,-5.124221141871342,3.02284564148834
1.472,0.5108700236357211,127,-5.124221141871342,3.02284564148834
2.086,0.5760571016927575,127,-5.124221141871342,3.02284564148834
2.367,0.5990658123905098,127,-5.124221141871342,3.02284564148834
-1.917,-0.11826181841275829,128,-0.8034192443315902,0.6450862887672103
-1.724,-0.18830050934626627,128,-0.8034192443315902,0.6450862887672103
-1.426,-0.2962109385160367,128,-0.8034192443315902,0.6450862887672103
-1.119,-0.3998177948168212,128,-0.8034192443315902,0.6450862887672103
-1.015,-0.42785075752660207,128,-0.8034192443315902,0.6450862887672103
-0.935,-0.4453877835040977,128,-0.8034192443315902,0.6450862887672103
-0.927,-0.4469176529052174,128,-0.8034192443315902,0.6450862887672103
-0.807,-0.4642933725824425,128,-0.8034192443315902,0.6450862887672103
-0.803,-0.46467925116827247,128,-0.8034192443315902,0.6450862887672103
-0.803,-0.46467925116827247,128,-0.8034192443315902,0.6450862887672103
-0.793,-0.4655856341519825,128,-0.8034192443315902,0.6450862887672103
-0.702,-0.46994962020718567,128,-0.8034192443315902,0.6450862887672103
-0.576,-0.46435295971630564,128,-0.8034192443315902,0.6450862887672103
-0.455,-0.4466271847210364,128,-0.8034192443315902,0.6450862887672103
-0.432,-0.44194625193120096,128,-0.8034192443315902,0.6450862887672103
-0.265,-0.39590462017388645,128,-0.8034192443315902,0.6450862887672103
-0.262,-0.39488678689203666,128,-0.8034192443315902,0.6450862887672103
-0.182,-0.3652344280548752,128,-0.8034192443315902,0.6450862887672103
-0.178,-0.36362153377148004,128,-0.8034192443315902,0.6450862887672103
-0.021,-0.2896574421705813,128,-0.8034192443315902,0.6450862887672103
-0.015,-0.2863932152142761,128,-0.8034192443315902,0.6450862887672103
0.047,-0.25063018511995494,128,-0.8034192443315902,0.6450862887672103
0.055,-0.2457390944097041,128,-0.8034192443315902,0.6450862887672103
0.195,-0.1496018015663527,128,-0.8034192443315902,0.6450862887672103
0.222,-0.12873608940581732,128,-0.8034192443315902,0.6450862887672103
0.264,-0.09481027964121302,128,-0.8034192443315902,0.6450862887672103
0.297,-0.06696727807532424,128,-0.8034192443315902,0.6450862887672103
0.34,-0.02926115200952326,128,-0.8034192443315902,0.6450862887672103
0.487,0.10914018113196268,128,-0.8034192443315902,0.6450862887672103
0.665,0.2864795292539002,128,-0.8034192443315902,0.6450862887672103
0.764,0.38454946013884145,128,-0.8034192443315902,0.6450862887672103
1.023,0.6312985574451067,128,-0.8034192443315902,0.6450862887672103
1.132,0.7321403323181833,128,-0.8034192443315902,0.6450862887672103
1.133,0.733060629271452,128,-0.8034192443315902,0.6450862887672103
1.342,0.9241568260650388,128,-0.8034192443315902,0.6450862887672103
1.465,1.0356813701558907,128,-0.8034192443315902,0.6450862887672103
1.472,1.04199570404204,128,-0.8034192443315902,0.6450862887672103
2.086,1.5500971863645203,128,-0.8034192443315902,0.6450862887672103
2.367,1.7349214703017453,128,-0.8034192443315902,0.6450862887672103
-1.917,1.1870005578934086,129,0.9163670299175324,-0.7609660227792929
-1.724,0.7466660675234722,129,0.9163670299175324,-0.7609660227792929
-1.426,0.1191901789434646,129,0.9163670299175324,-0.7609660227792929
-1.119,-0.3812061808759048,129,0.9163670299175324,-0.7609660227792929
-1.015,-0.501643182074696,129,0.9163670299175324,-0.7609660227792929
-0.935,-0.5737329145986219,129,0.9163670299175324,-0.7609660227792929
-0.927,-0.5798847014089978,129,0.9163670299175324,-0.7609660227792929
-0.807,-0.6474639367114372,129,0.9163670299175324,-0.7609660227792929
-0.803,-0.6488889059413357,129,0.9163670299175324,-0.7609660227792929
-0.803,-0.6488889059413357,129,0.9163670299175324,-0.7609660227792929
-0.793,-0.6522105298725793,129,0.9163670299175324,-0.7609660227792929
-0.702,-0.6669859958417734,129,0.9163670299175324,-0.7609660227792929
-0.576,-0.6449348956989605,129,0.9163670299175324,-0.7609660227792929
-0.455,-0.5861427143198915,129,0.9163670299175324,-0.7609660227792929
-0.432,-0.5716393221475593,129,0.9163670299175324,-0.7609660227792929
-0.265,-0.44469335922505643,129,0.9163670299175324,-0.7609660227792929
-0.262,-0.4421777992483875,129,0.9163670299175324,-0.7609660227792929
-0.182,-0.3737423192005106,129,0.9163670299175324,-0.7609660227792929
-0.178,-0.37027483873212946,129,0.9163670299175324,-0.7609660227792929
-0.021,-0.23343681041333095,129,0.9163670299175324,-0.7609660227792929
-0.015,-0.22822264345689866,129,0.9163670299175324,-0.7609660227792929
0.047,-0.17462640070908164,129,0.9163670299175324,-0.7609660227792929
0.055,-0.16775469401284296,129,0.9163670299175324,-0.7609660227792929
0.195,-0.04963384520767593,129,0.9163670299175324,-0.7609660227792929
0.222,-0.02740065033794036,129,0.9163670299175324,-0.7609660227792929
0.264,0.0067474694893618365,129,0.9163670299175324,-0.7609660227792929
0.297,0.03314819444938799,129,0.9163670299175324,-0.7609660227792929
0.34,0.06689275439689966,129,0.9163670299175324,-0.7609660227792929
0.487,0.17544610097954436,129,0.9163670299175324,-0.7609660227792929
0.665,0.29076110173411995,129,0.9163670299175324,-0.7609660227792929
0.764,0.348006321317264,129,0.9163670299175324,-0.7609660227792929
1.023,0.4856885636849879,129,0.9163670299175324,-0.7609660227792929
1.132,0.54255800660964415,129,0.9163670299175324,-0.7609660227792929
1.133,0.5430752900251941,129,0.9163670299175324,-0.7609660227792929
1.342,0.6447917666249152,129,0.9163670299175324,-0.7609660227792929
1.465,0.694074991957258,129,0.9163670299175324,-0.7609660227792929
1.472,0.6965278916833499,129,0.9163670299175324,-0.7609660227792929
2.086,0.7828481675151737,129,0.9163670299175324,-0.7609660227792929
2.367,0.7742589681666427,129,0.9163670299175324,-0.7609660227792929
-1.917,0.7225048058534513,130,-0.5364484695892341,-5.860353301187223
-1.724,0.3952260349296129,130,-0.5364484695892341,-5.860353301187223
-1.426,-0.07742812710585097,130,-0.5364484695892341,-5.860353301187223
-1.119,-0.46302322798598083,130,-0.5364484695892341,-5.860353301187223
-1.015,-0.557268975214811,130,-0.5364484695892341,-5.860353301187223
-0.935,-0.6141486374740798,130,-0.5364484695892341,-5.860353301187223
-0.927,-0.6190377893957189,130,-0.5364484695892341,-5.860353301187223
-0.807,-0.6742110796659341,130,-0.5364484695892341,-5.860353301187223
-0.803,-0.6754546020916838,130,-0.5364484695892341,-5.860353301187223
-0.803,-0.6754546020916838,130,-0.5364484695892341,-5.860353301187223
-0.793,-0.6783928943895097,130,-0.5364484695892341,-5.860353301187223
-0.702,-0.6941103428381412,130,-0.5364484695892341,-5.860353301187223
-0.576,-0.6844537671737954,130,-0.5364484695892341,-5.860353301187223
-0.455,-0.6430692946482536,130,-0.5364484695892341,-5.860353301187223
-0.432,-0.6318424170379621,130,-0.5364484695892341,-5.860353301187223
-0.265,-0.5206037492779829,130,-0.5364484695892341,-5.860353301187223
-0.262,-0.5181541535935251,130,-0.5364484695892341,-5.860353301187223
-0.182,-0.4474018644660598,130,-0.5364484695892341,-5.860353301187223
-0.178,-0.4435973341942181,130,-0.5364484695892341,-5.860353301187223
-0.021,-0.27509352851818725,130,-0.5364484695892341,-5.860353301187223
-0.015,-0.26792710044380574,130,-0.5364484695892341,-5.860353301187223
0.047,-0.19080876666789628,130,-0.5364484695892341,-5.860353301187223
0.055,-0.18045124002289634,130,-0.5364484695892341,-5.860353301187223
0.195,0.01576953008620777,130,-0.5364484695892341,-5.860353301187223
0.222,0.05684309924949492,130,-0.5364484695892341,-5.860353301187223
0.264,0.12271284023157837,130,-0.5364484695892341,-5.860353301187223
0.297,0.17602905190519744,130,-0.5364484695892341,-5.860353301187223
0.34,0.2473338769610653,130,-0.5364484695892341,-5.860353301187223
0.487,0.5007601774487159,130,-0.5364484695892341,-5.860353301187223
0.665,0.8039079709461033,130,-0.5364484695892341,-5.860353301187223
0.764,0.9576954172301168,130,-0.5364484695892341,-5.860353301187223
1.023,1.2655932347750614,130,-0.5364484695892341,-5.860353301187223
1.132,1.3449180261555718,130,-0.5364484695892341,-5.860353301187223
1.133,1.3454891640918434,130,-0.5364484695892341,-5.860353301187223
1.342,1.4082030370254082,130,-0.5364484695892341,-5.860353301187223
1.465,1.404166483947778,130,-0.5364484695892341,-5.860353301187223
1.472,1.4032792095751139,130,-0.5364484695892341,-5.860353301187223
2.086,1.1443127959608888,130,-0.5364484695892341,-5.860353301187223
2.367,0.9581866442424903,130,-0.5364484695892341,-5.860353301187223
-1.917,0.3219248509025169,131,-8.498451731582648,3.325207897575127
-1.724,0.17474057104362553,131,-8.498451731582648,3.325207897575127
-1.426,-0.03681532586114639,131,-8.498451731582648,3.325207897575127
-1.119,-0.20270308131728768,131,-8.498451731582648,3.325207897575127
-1.015,-0.23996587929364543,131,-8.498451731582648,3.325207897575127
-0.935,-0.26063979860214664,131,-8.498451731582648,3.325207897575127
-0.927,-0.26230564433616504,131,-8.498451731582648,3.325207897575127
-0.807,-0.2782444766702529,131,-8.498451731582648,3.325207897575127
-0.803,-0.2784796229864955,131,-8.498451731582648,3.325207897575127
-0.803,-0.2784796229864955,131,-8.498451731582648,3.325207897575127
-0.793,-0.2789828423434324,131,-8.498451731582648,3.325207897575127
-0.702,-0.278013647544166,131,-8.498451731582648,3.325207897575127
-0.576,-0.26036465152384936,131,-8.498451731582648,3.325207897575127
-0.455,-0.22642979032583135,131,-8.498451731582648,3.325207897575127
-0.432,-0.21821304458298607,131,-8.498451731582648,3.325207897575127
-0.265,-0.14334186467144505,131,-8.498451731582648,3.325207897575127
-0.262,-0.14177245103787495,131,-8.498451731582648,3.325207897575127
-0.182,-0.09736554533728874,131,-8.498451731582648,3.325207897575127
-0.178,-0.09502320053128473,131,-8.498451731582648,3.325207897575127
-0.021,0.0042677907956965066,131,-8.498451731582648,3.325207897575127
-0.015,0.008293889416034527,131,-8.498451731582648,3.325207897575127
0.047,0.05058405928592507,131,-8.498451731582648,3.325207897575127
0.055,0.05611788769124905,131,-8.498451731582648,3.325207897575127
0.195,0.15437418676607606,131,-8.498451731582648,3.325207897575127
0.222,0.1733733231761478,131,-8.498451731582648,3.325207897575127
0.264,0.2027789497705366,131,-8.498451731582648,3.325207897575127
0.297,0.2257005558742478,131,-8.498451731582648,3.325207897575127
0.34,0.25525062758956224,131,-8.498451731582648,3.325207897575127
0.487,0.3527218839036697,131,-8.498451731582648,3.325207897575127
0.665,0.46139544679927885,131,-8.498451731582648,3.325207897575127
0.764,0.5172938446561506,131,-8.498451731582648,3.325207897575127
1.023,0.6538194308355219,131,-8.498451731582648,3.325207897575127
1.132,0.7103313422946568,131,-8.498451731582648,3.325207897575127
1.133,0.7108531304091271,131,-8.498451731582648,3.325207897575127
1.342,0.8217839520040922,131,-8.498451731582648,3.325207897575127
1.465,0.8886925077977229,131,-8.498451731582648,3.325207897575127
1.472,0.8925223372767945,131,-8.498451731582648,3.325207897575127
2.086,1.2158970136872587,131,-8.498451731582648,3.325207897575127
2.367,1.3432267332769594,131,-8.498451731582648,3.325207897575127
-1.917,0.9455323165605116,132,-2.66943768382801,1.9910956373785196
-1.724,0.636599095046143,132,-2.66943768382801,1.9910956373785196
-1.426,0.18492228642957945,132,-2.66943768382801,1.9910956373785196
-1.119,-0.19310093682784704,132,-2.66943768382801,1.9910956373785196
-1.015,-0.2891537546999466,132,-2.66943768382801,1.9910956373785196
-0.935,-0.349702318355943,132,-2.66943768382801,1.9910956373785196
-0.927,-0.3550952564956309,132,-2.66943768382801,1.9910956373785196
-0.807,-0.4212730371057789,132,-2.66943768382801,1.9910956373785196
-0.803,-0.42300101944954466,132,-2.66943768382801,1.9910956373785196
-0.803,-0.42300101944954466,132,-2.66943768382801,1.9910956373785196
-0.793,-0.4271854357310132,132,-2.66943768382801,1.9910956373785196
-0.702,-0.4564276386754956,132,-2.66943768382801,1.9910956373785196
-0.576,-0.4710945203809205,132,-2.66943768382801,1.9910956373785196
-0.455,-0.4577519120581931,132,-2.66943768382801,1.9910956373785196
-0.432,-0.45224836236755545,132,-2.66943768382801,1.9910956373785196
-0.265,-0.38532445926806447,132,-2.66943768382801,1.9910956373785196
-0.262,-0.3837086282131765,132,-2.66943768382801,1.9910956373785196
-0.182,-0.3356620307276365,132,-2.66943768382801,1.9910956373785196
-0.178,-0.33301997514230935,132,-2.66943768382801,1.9910956373785196
-0.021,-0.2136097468372305,132,-2.66943768382801,1.9910956373785196
-0.015,-0.20850085190546622,132,-2.66943768382801,1.9910956373785196
0.047,-0.15378498284678735,132,-2.66943768382801,1.9910956373785196
0.055,-0.1464945022367895,132,-2.66943768382801,1.9910956373785196
0.195,-0.013378505268014202,132,-2.66943768382801,1.9910956373785196
0.222,0.012912186398131109,132,-2.66943768382801,1.9910956373785196
0.264,0.053770560698792845,132,-2.66943768382801,1.9910956373785196
0.297,0.0856789010093386,132,-2.66943768382801,1.9910956373785196
0.34,0.1267700489636362,132,-2.66943768382801,1.9910956373785196
0.487,0.26103787667698863,132,-2.66943768382801,1.9910956373785196
0.665,0.40648091154181115,132,-2.66943768382801,1.9910956373785196
0.764,0.4769851723589171,132,-2.66943768382801,1.9910956373785196
1.023,0.623331542386506,132,-2.66943768382801,1.9910956373785196
1.132,0.6716497878277197,132,-2.66943768382801,1.9910956373785196
1.133,0.6720654365253,132,-2.66943768382801,1.9910956373785196
1.342,0.7504905074866481,132,-2.66943768382801,1.9910956373785196
1.465,0.79088999613397,132,-2.66943768382801,1.9910956373785196
1.472,0.7931085693058566,132,-2.66943768382801,1.9910956373785196
2.086,0.9387955686984715,132,-2.66943768382801,1.9910956373785196
2.367,0.9600628296986675,132,-2.66943768382801,1.9910956373785196
-1.917,1.173176281382868,133,-2.5880876885475765,7.389154702205537
-1.724,0.8877214218561201,133,-2.5880876885475765,7.389154702205537
-1.426,0.467462789262583,133,-2.5880876885475765,7.389154702205537
-1.119,0.09088160519326129,133,-2.5880876885475765,7.389154702205537
-1.015,-0.017511034260038954,133,-2.5880876885475765,7.389154702205537
-0.935,-0.0928045529502136,133,-2.5880876885475765,7.389154702205537
-0.927,-0.09991941994630038,133,-2.5880876885475765,7.389154702205537
-0.807,-0.19694111935950942,133,-2.5880876885475765,7.389154702205537
-0.803,-0.1998484204436585,133,-2.5880876885475765,7.389154702205537
-0.803,-0.1998484204436585,133,-2.5880876885475765,7.389154702205537
-0.793,-0.20702058005898105,133,-2.5880876885475765,7.389154702205537
-0.702,-0.2658524589685027,133,-2.5880876885475765,7.389154702205537
-0.576,-0.32768542910305376,133,-2.5880876885475765,7.389154702205537
-0.455,-0.3655040082641002,133,-2.5880876885475765,7.389154702205537
-0.432,-0.3703353312631898,133,-2.5880876885475765,7.389154702205537
-0.265,-0.38329461432468376,133,-2.5880876885475765,7.389154702205537
-0.262,-0.38317635026244445,133,-2.5880876885475765,7.389154702205537
-0.182,-0.3754946965128105,133,-2.5880876885475765,7.389154702205537
-0.178,-0.3748809530871101,133,-2.5880876885475765,7.389154702205537
-0.021,-0.33323269540515477,133,-2.5880876885475765,7.389154702205537
-0.015,-0.33095152502201497,133,-2.5880876885475765,7.389154702205537
0.047,-0.30436633909928323,133,-2.5880876885475765,7.389154702205537
0.055,-0.30053568504390027,133,-2.5880876885475765,7.389154702205537
0.195,-0.21932580851555383,133,-2.5880876885475765,7.389154702205537
0.222,-0.2007528855534093,133,-2.5880876885475765,7.389154702205537
0.264,-0.1701627026897689,133,-2.5880876885475765,7.389154702205537
0.297,-0.14477489532156773,133,-2.5880876885475765,7.389154702205537
0.34,-0.11009960055935648,133,-2.5880876885475765,7.389154702205537
0.487,0.018115251148144565,133,-2.5880876885475765,7.389154702205537
0.665,0.17985410096061194,133,-2.5880876885475765,7.389154702205537
0.764,0.2666402621413785,133,-2.5880876885475765,7.389154702205537
1.023,0.4733435166243978,133,-2.5880876885475765,7.389154702205537
1.132,0.5525710920423563,133,-2.5880876885475765,7.389154702205537
1.133,0.5532802653288013,133,-2.5880876885475765,7.389154702205537
1.342,0.6946272206805643,133,-2.5880876885475765,7.389154702205537
1.465,0.7709396050684992,133,-2.5880876885475765,7.389154702205537
1.472,0.7751185341474711,133,-2.5880876885475765,7.389154702205537
2.086,1.0636428884898048,133,-2.5880876885475765,7.389154702205537
2.367,1.144071491283161,133,-2.5880876885475765,7.389154702205537
-1.917,0.5745514041716181,134,3.1251412866090384,2.6003209044385986
-1.724,0.3463295815179521,134,3.1251412866090384,2.6003209044385986
-1.426,-0.006054372631247549,134,3.1251412866090384,2.6003209044385986
-1.119,-0.34535474787142484,134,3.1251412866090384,2.6003209044385986
-1.015,-0.4351311449191805,134,3.1251412866090384,2.6003209044385986
-0.935,-0.48959691879246614,134,3.1251412866090384,2.6003209044385986
-0.927,-0.4942349634891415,134,3.1251412866090384,2.6003209044385986
-0.807,-0.5452249435992335,134,3.1251412866090384,2.6003209044385986
-0.803,-0.5463285178154311,134,3.1251412866090384,2.6003209044385986
-0.803,-0.5463285178154311,134,3.1251412866090384,2.6003209044385986
-0.793,-0.5489208267832139,134,3.1251412866090384,2.6003209044385986
-0.702,-0.5619817016183205,134,3.1251412866090384,2.6003209044385986
-0.576,-0.5519211562830203,134,3.1251412866090384,2.6003209044385986
-0.455,-0.5185662636439595,134,3.1251412866090384,2.6003209044385986
-0.432,-0.5104926639714457,134,3.1251412866090384,2.6003209044385986
-0.265,-0.4476599716778668,134,3.1251412866090384,2.6003209044385986
-0.262,-0.4466028244445861,134,3.1251412866090384,2.6003209044385986
-0.182,-0.421337358140258,134,3.1251412866090384,2.6003209044385986
-0.178,-0.4202428265935264,134,3.1251412866090384,2.6003209044385986
-0.021,-0.3861276486587404,134,3.1251412866090384,2.6003209044385986
-0.015,-0.3849498373839785,134,3.1251412866090384,2.6003209044385986
0.047,-0.37206536253896894,134,3.1251412866090384,2.6003209044385986
0.055,-0.37025165874095534,134,3.1251412866090384,2.6003209044385986
0.195,-0.3271532252150623,134,3.1251412866090384,2.6003209044385986
0.222,-0.31533573203650705,134,3.1251412866090384,2.6003209044385986
0.264,-0.29410146561039524,134,3.1251412866090384,2.6003209044385986
0.297,-0.2749677405285464,134,3.1251412866090384,2.6003209044385986
0.34,-0.2470290454158792,134,3.1251412866090384,2.6003209044385986
0.487,-0.1332392982287171,134,3.1251412866090384,2.6003209044385986
0.665,0.01617255674543983,134,3.1251412866090384,2.6003209044385986
0.764,0.09167489694264715,134,3.1251412866090384,2.6003209044385986
1.023,0.271022762396166,134,3.1251412866090384,2.6003209044385986
1.132,0.3581193962959318,134,3.1251412866090384,2.6003209044385986
1.133,0.35898302010967786,134,3.1251412866090384,2.6003209044385986
1.342,0.5524056884346844,134,3.1251412866090384,2.6003209044385986
1.465,0.6559259543027328,134,3.1251412866090384,2.6003209044385986
1.472,0.6610782975987937,134,3.1251412866090384,2.6003209044385986
2.086,0.8123449268181524,134,3.1251412866090384,2.6003209044385986
2.367,0.7693288379192499,134,3.1251412866090384,2.6003209044385986
-1.917,0.21412486065381586,135,7.551105225897487,-4.935711864581624
-1.724,0.011343308798135584,135,7.551105225897487,-4.935711864581624
-1.426,-0.3100056110699391,135,7.551105225897487,-4.935711864581624
-1.119,-0.6515595716286909,135,7.551105225897487,-4.935711864581624
-1.015,-0.7444411221165362,135,7.551105225897487,-4.935711864581624
-0.935,-0.7998493295793893,135,7.551105225897487,-4.935711864581624
-0.927,-0.8044703624575119,135,7.551105225897487,-4.935711864581624
-0.807,-0.8521061389962844,135,7.551105225897487,-4.935711864581624
-0.803,-0.8529887487413222,135,7.551105225897487,-4.935711864581624
-0.803,-0.8529887487413222,135,7.551105225897487,-4.935711864581624
-0.793,-0.8549952993886863,135,7.551105225897487,-4.935711864581624
-0.702,-0.8609480447037848,135,7.551105225897487,-4.935711864581624
-0.576,-0.8385816015197952,135,7.551105225897487,-4.935711864581624
-0.455,-0.7929542288787993,135,7.551105225897487,-4.935711864581624
-0.432,-0.7822794611436796,135,7.551105225897487,-4.935711864581624
-0.265,-0.6887589780087536,135,7.551105225897487,-4.935711864581624
-0.262,-0.6868352011999566,135,7.551105225897487,-4.935711864581624
-0.182,-0.632398556242402,135,7.551105225897487,-4.935711864581624
-0.178,-0.6295111554996312,135,7.551105225897487,-4.935711864581624
-0.021,-0.5017498477687383,135,7.551105225897487,-4.935711864581624
-0.015,-0.49624772883520074,135,7.551105225897487,-4.935711864581624
0.047,-0.4365048243307391,135,7.551105225897487,-4.935711864581624
0.055,-0.4284181549980851,135,7.551105225897487,-4.935711864581624
0.195,-0.27447032299858026,135,7.551105225897487,-4.935711864581624
0.222,-0.24242333297273833,135,7.551105225897487,-4.935711864581624
0.264,-0.19137287499702216,135,7.551105225897487,-4.935711864581624
0.297,-0.1503991823068039,135,7.551105225897487,-4.935711864581624
0.34,-0.0961435956339918,135,7.551105225897487,-4.935711864581624
0.487,0.09205839354716068,135,7.551105225897487,-4.935711864581624
0.665,0.31052297062379824,135,7.551105225897487,-4.935711864581624
0.764,0.42057211159965135,135,7.551105225897487,-4.935711864581624
1.023,0.64986176866953,135,7.551105225897487,-4.935711864581624
1.132,0.7150391340301254,135,7.551105225897487,-4.935711864581624
1.133,0.7155454210386343,135,7.551105225897487,-4.935711864581624
1.342,0.788678540726028,135,7.551105225897487,-4.935711864581624
1.465,0.8066409731514763,135,7.551105225897487,-4.935711864581624
1.472,0.8072252474269724,135,7.551105225897487,-4.935711864581624
2.086,0.7316041773753944,135,7.551105225897487,-4.935711864581624
2.367,0.6496394335822807,135,7.551105225897487,-4.935711864581624
-1.917,-0.1494946869742021,136,0.6523562704435116,1.997242837405699
-1.724,-0.2192870651638532,136,0.6523562704435116,1.997242837405699
-1.426,-0.3259594485684607,136,0.6523562704435116,1.997242837405699
-1.119,-0.4250418636623125,136,0.6523562704435116,1.997242837405699
-1.015,-0.45155949764602643,136,0.6523562704435116,1.997242837405699
-0.935,-0.4680150717321964,136,0.6523562704435116,1.997242837405699
-0.927,-0.4694388446220452,136,0.6523562704435116,1.997242837405699
-0.807,-0.4852105297017241,136,0.6523562704435116,1.997242837405699
-0.803,-0.48554150383508715,136,0.6523562704435116,1.997242837405699
-0.803,-0.48554150383508715,136,0.6523562704435116,1.997242837405699
-0.793,-0.4863100784783832,136,0.6523562704435116,1.997242837405699
-0.702,-0.48940832262281325,136,0.6523562704435116,1.997242837405699
-0.576,-0.48213357174720606,136,0.6523562704435116,1.997242837405699
-0.455,-0.46297626177346785,136,0.6523562704435116,1.997242837405699
-0.432,-0.4580489728381442,136,0.6523562704435116,1.997242837405699
-0.265,-0.4105876064023382,136,0.6523562704435116,1.997242837405699
-0.262,-0.4095528782191062,136,0.6523562704435116,1.997242837405699
-0.182,-0.3796847577041661,136,0.6523562704435116,1.997242837405699
-0.178,-0.3780778980610543,136,0.6523562704435116,1.997242837405699
-0.021,-0.3066423071422659,136,0.6523562704435116,1.997242837405699
-0.015,-0.3035908384080059,136,0.6523562704435116,1.997242837405699
0.047,-0.2706962715586687,136,0.6523562704435116,1.997242837405699
0.055,-0.2662727807806221,136,0.6523562704435116,1.997242837405699
0.195,-0.18265551175289918,136,0.6523562704435116,1.997242837405699
0.222,-0.165270547373028,136,0.6523562704435116,1.997242837405699
0.264,-0.13751936732540226,136,0.6523562704435116,1.997242837405699
0.297,-0.11518557007928833,136,0.6523562704435116,1.997242837405699
0.34,-0.08551969501154032,136,0.6523562704435116,1.997242837405699
0.487,0.018465329155499262,136,0.6523562704435116,1.997242837405699
0.665,0.14199851711255745,136,0.6523562704435116,1.997242837405699
0.764,0.20570706288147803,136,0.6523562704435116,1.997242837405699
1.023,0.35673192683980914,136,0.6523562704435116,1.997242837405699
1.132,0.41899066529095186,136,0.6523562704435116,1.997242837405699
1.133,0.4195709063850311,136,0.6523562704435116,1.997242837405699
1.342,0.5467635156477583,136,0.6523562704435116,1.997242837405699
1.465,0.6283084332307345,136,0.6523562704435116,1.997242837405699
1.472,0.6331249384191544,136,0.6523562704435116,1.997242837405699
2.086,1.0795314730427827,136,0.6523562704435116,1.997242837405699
2.367,1.2594375328118763,136,0.6523562704435116,1.997242837405699
-1.917,0.3468954327689451,137,-2.533240498365081,-1.5081849868107342
-1.724,0.14314872253549712,137,-2.533240498365081,-1.5081849868107342
-1.426,-0.15055325583872473,137,-2.533240498365081,-1.5081849868107342
-1.119,-0.3922911837487445,137,-2.533240498365081,-1.5081849868107342
-1.015,-0.4510531394931213,137,-2.533240498365081,-1.5081849868107342
-0.935,-0.4859374389855842,137,-2.533240498365081,-1.5081849868107342
-0.927,-0.4888884968206057,137,-2.533240498365081,-1.5081849868107342
-0.807,-0.5207201734172379,137,-2.533240498365081,-1.5081849868107342
-0.803,-0.521369746973191,137,-2.533240498365081,-1.5081849868107342
-0.803,-0.521369746973191,137,-2.533240498365081,-1.5081849868107342
-0.793,-0.5228750103605813,137,-2.533240498365081,-1.5081849868107342
-0.702,-0.5288816890726301,137,-2.533240498365081,-1.5081849868107342
-0.576,-0.5150862590504813,137,-2.533240498365081,-1.5081849868107342
-0.455,-0.4790022301360435,137,-2.533240498365081,-1.5081849868107342
-0.432,-0.4697548413320569,137,-2.533240498365081,-1.5081849868107342
-0.265,-0.38155995217347377,137,-2.533240498365081,-1.5081849868107342
-0.262,-0.37965660793374106,137,-2.533240498365081,-1.5081849868107342
-0.182,-0.3250746943285258,137,-2.533240498365081,-1.5081849868107342
-0.178,-0.3221577812572898,137,-2.533240498365081,-1.5081849868107342
-0.021,-0.19483811377627314,137,-2.533240498365081,-1.5081849868107342
-0.015,-0.18951205036691526,137,-2.533240498365081,-1.5081849868107342
0.047,-0.13272359702200442,137,-2.533240498365081,-1.5081849868107342
0.055,-0.12517616631620232,137,-2.533240498365081,-1.5081849868107342
0.195,0.013468749742210764,137,-2.533240498365081,-1.5081849868107342
0.222,0.041329905545969194,137,-2.533240498365081,-1.5081849868107342
0.264,0.08515482098099432,137,-2.533240498365081,-1.5081849868107342
0.297,0.11990417268844457,137,-2.533240498365081,-1.5081849868107342
0.34,0.16545347319973353,137,-2.533240498365081,-1.5081849868107342
0.487,0.32164277477498504,137,-2.533240498365081,-1.5081849868107342
0.665,0.5064391918266083,137,-2.533240498365081,-1.5081849868107342
0.764,0.6042915791890732,137,-2.533240498365081,-1.5081849868107342
1.023,0.8361749922777381,137,-2.533240498365081,-1.5081849868107342
1.132,0.9236065121529808,137,-2.533240498365081,-1.5081849868107342
1.133,0.9243820428031708,137,-2.533240498365081,-1.5081849868107342
1.342,1.0754037701955368,137,-2.533240498365081,-1.5081849868107342
1.465,1.1529689644233505,137,-2.533240498365081,-1.5081849868107342
1.472,1.1570979049753696,137,-2.533240498365081,-1.5081849868107342
2.086,1.3779379200117592,137,-2.533240498365081,-1.5081849868107342
2.367,1.3845738713735365,137,-2.533240498365081,-1.5081849868107342
-1.917,-0.076224444766988,138,-0.7782418038602275,-1.1603555630589588
-1.724,-0.18267821578286475,138,-0.7782418038602275,-1.1603555630589588
-1.426,-0.34633289462663497,138,-0.7782418038602275,-1.1603555630589588
-1.119,-0.5006316482615246,138,-0.7782418038602275,-1.1603555630589588
-1.015,-0.5405254160838329,138,-0.7782418038602275,-1.1603555630589588
-0.935,-0.5637905132705324,138,-0.7782418038602275,-1.1603555630589588
-0.927,-0.5656941886792242,138,-0.7782418038602275,-1.1603555630589588
-0.807,-0.5835924542912435,138,-0.7782418038602275,-1.1603555630589588
-0.803,-0.5838186216452108,138,-0.7782418038602275,-1.1603555630589588
-0.803,-0.5838186216452108,138,-0.7782418038602275,-1.1603555630589588
-0.793,-0.5842724121858128,138,-0.7782418038602275,-1.1603555630589588
-0.702,-0.5810108591952187,138,-0.7782418038602275,-1.1603555630589588
-0.576,-0.5547396572005168,138,-0.7782418038602275,-1.1603555630589588
-0.455,-0.5074181901677979,138,-0.7782418038602275,-1.1603555630589588
-0.432,-0.4962078953046671,138,-0.7782418038602275,-1.1603555630589588
-0.265,-0.3965512874421828,138,-0.7782418038602275,-1.1603555630589588
-0.262,-0.3944982371182319,138,-0.7782418038602275,-1.1603555630589588
-0.182,-0.33681859629176525,138,-0.7782418038602275,-1.1603555630589588
-0.178,-0.3337938801199105,138,-0.7782418038602275,-1.1603555630589588
-0.021,-0.2060728718472333,138,-0.7782418038602275,-1.1603555630589588
-0.015,-0.2008860910267744,138,-0.7782418038602275,-1.1603555630589588
0.047,-0.14621846666520463,138,-0.7782418038602275,-1.1603555630589588
0.055,-0.1390334600555293,138,-0.7782418038602275,-1.1603555630589588
0.195,-0.010048217517271044,138,-0.7782418038602275,-1.1603555630589588
0.222,0.015203389349549764,138,-0.7782418038602275,-1.1603555630589588
0.264,0.05445941450342488,138,-0.7782418038602275,-1.1603555630589588
0.297,0.08516234158531498,138,-0.7782418038602275,-1.1603555630589588
0.34,0.12480489657531295,138,-0.7782418038602275,-1.1603555630589588
0.487,0.25483900127386466,138,-0.7782418038602275,-1.1603555630589588
0.665,0.3937499233032566,138,-0.7782418038602275,-1.1603555630589588
0.764,0.45863270944838797,138,-0.7782418038602275,-1.1603555630589588
1.023,0.5868652120145729,138,-0.7782418038602275,-1.1603555630589588
1.132,0.6271920742740915,138,-0.7782418038602275,-1.1603555630589588
1.133,0.6275346256590526,138,-0.7782418038602275,-1.1603555630589588
1.342,0.689170494202107,138,-0.7782418038602275,-1.1603555630589588
1.465,0.715865730226357,138,-0.7782418038602275,-1.1603555630589588
1.472,0.7171629007609005,138,-0.7782418038602275,-1.1603555630589588
2.086,0.7583832305945715,138,-0.7782418038602275,-1.1603555630589588
2.367,0.750162913096317,138,-0.7782418038602275,-1.1603555630589588
-1.917,-0.2552632886541117,139,0.9612621709173788,-4.348447786593072
-1.724,-0.340945608860201,139,0.9612621709173788,-4.348447786593072
-1.426,-0.47324266285717453,139,0.9612621709173788,-4.348447786593072
-1.119,-0.5983788756531727,139,0.9612621709173788,-4.348447786593072
-1.015,-0.6290528106416258,139,0.9612621709173788,-4.348447786593072
-0.935,-0.6462229853664753,139,0.9612621709173788,-4.348447786593072
-0.927,-0.6475945194005785,139,0.9612621709173788,-4.348447786593072
-0.807,-0.6599355057758005,139,0.9612621709173788,-4.348447786593072
-0.803,-0.6600704207084499,139,0.9612621709173788,-4.348447786593072
-0.803,-0.6600704207084499,139,0.9612621709173788,-4.348447786593072
-0.793,-0.6603267877480719,139,0.9612621709173788,-4.348447786593072
-0.702,-0.6572953037670768,139,0.9612621709173788,-4.348447786593072
-0.576,-0.6368514178615337,139,0.9612621709173788,-4.348447786593072
-0.455,-0.5988878365692571,139,0.9612621709173788,-4.348447786593072
-0.432,-0.5895584807583425,139,0.9612621709173788,-4.348447786593072
-0.265,-0.5005128299631199,139,0.9612621709173788,-4.348447786593072
-0.262,-0.49855993180721153,139,0.9612621709173788,-4.348447786593072
-0.182,-0.4417677486756957,139,0.9612621709173788,-4.348447786593072
-0.178,-0.43869016746252787,139,0.9612621709173788,-4.348447786593072
-0.021,-0.3008179414000321,139,0.9612621709173788,-4.348447786593072
-0.015,-0.294921070430058,139,0.9612621709173788,-4.348447786593072
0.047,-0.23156850760275013,139,0.9612621709173788,-4.348447786593072
0.055,-0.22309639529260308,139,0.9612621709173788,-4.348447786593072
0.195,-0.06624373073133753,139,0.9612621709173788,-4.348447786593072
0.222,-0.034563136575311355,139,0.9612621709173788,-4.348447786593072
0.264,0.01529916164127648,139,0.9612621709173788,-4.348447786593072
0.297,0.05483579521344124,139,0.9612621709173788,-4.348447786593072
0.34,0.10663602632646248,139,0.9612621709173788,-4.348447786593072
0.487,0.2834298579943285,139,0.9612621709173788,-4.348447786593072
0.665,0.48862272414946767,139,0.9612621709173788,-4.348447786593072
0.764,0.5952417642499778,139,0.9612621709173788,-4.348447786593072
1.023,0.8460873405928767,139,0.9612621709173788,-4.348447786593072
1.132,0.9416064599796344,139,0.9612621709173788,-4.348447786593072
1.133,0.9424622952951428,139,0.9612621709173788,-4.348447786593072
1.342,1.1165038251253345,139,0.9612621709173788,-4.348447786593072
1.465,1.2174188506049881,139,0.9612621709173788,-4.348447786593072
1.472,1.2231703581006257,139,0.9612621709173788,-4.348447786593072
2.086,1.6857108189821086,139,0.9612621709173788,-4.348447786593072
2.367,1.8369635538451843,139,0.9612621709173788,-4.348447786593072
-1.917,1.3253091915649335,140,-5.128954094578877,-1.9488348668198487
-1.724,0.9102756440844736,140,-5.128954094578877,-1.9488348668198487
-1.426,0.30730465597771556,140,-5.128954094578877,-1.9488348668198487
-1.119,-0.19869286387885582,140,-5.128954094578877,-1.9488348668198487
-1.015,-0.3232597619616845,140,-5.128954094578877,-1.9488348668198487
-0.935,-0.3986643897344414,140,-5.128954094578877,-1.9488348668198487
-0.927,-0.4051895955837065,140,-5.128954094578877,-1.9488348668198487
-0.807,-0.48098418536589765,140,-5.128954094578877,-1.9488348668198487
-0.803,-0.48280875771581805,140,-5.128954094578877,-1.9488348668198487
-0.803,-0.48280875771581805,140,-5.128954094578877,-1.9488348668198487
-0.793,-0.487175335611796,140,-5.128954094578877,-1.9488348668198487
-0.702,-0.514328839641089,140,-5.128954094578877,-1.9488348668198487
-0.576,-0.5159540017004057,140,-5.128954094578877,-1.9488348668198487
-0.455,-0.4811713509801909,140,-5.128954094578877,-1.9488348668198487
-0.432,-0.47089143898855446,140,-5.128954094578877,-1.9488348668198487
-0.265,-0.36712768782396993,140,-5.128954094578877,-1.9488348668198487
-0.262,-0.3648674344125518,140,-5.128954094578877,-1.9488348668198487
-0.182,-0.3004942019127388,140,-5.128954094578877,-1.9488348668198487
-0.178,-0.2970805530869156,140,-5.128954094578877,-1.9488348668198487
-0.021,-0.14748100993448413,140,-5.128954094578877,-1.9488348668198487
-0.015,-0.14108529978335008,140,-5.128954094578877,-1.9488348668198487
0.047,-0.07160190273948941,140,-5.128954094578877,-1.9488348668198487
0.055,-0.06215955465432491,140,-5.128954094578877,-1.9488348668198487
0.195,0.1224524777044087,140,-5.128954094578877,-1.9488348668198487
0.222,0.16248968994548874,140,-5.128954094578877,-1.9488348668198487
0.264,0.22757995543961512,140,-5.128954094578877,-1.9488348668198487
0.297,0.2809580325243068,140,-5.128954094578877,-1.9488348668198487
0.34,0.3529312063775976,140,-5.128954094578877,-1.9488348668198487
0.487,0.6064559662402148,140,-5.128954094578877,-1.9488348668198487
0.665,0.8864690820989749,140,-5.128954094578877,-1.9488348668198487
0.764,1.0106826403292173,140,-5.128954094578877,-1.9488348668198487
1.023,1.1929690592413413,140,-5.128954094578877,-1.9488348668198487
1.132,1.2196900786887588,140,-5.128954094578877,-1.9488348668198487
1.133,1.2198364223400033,140,-5.128954094578877,-1.9488348668198487
1.342,1.2234943917039034,140,-5.128954094578877,-1.9488348668198487
1.465,1.2109058000241386,140,-5.128954094578877,-1.9488348668198487
1.472,1.2100948287060167,140,-5.128954094578877,-1.9488348668198487
2.086,1.1389382421412793,140,-5.128954094578877,-1.9488348668198487
2.367,1.1063730942183385,140,-5.128954094578877,-1.9488348668198487
-1.917,0.5793919372767747,141,5.617655937862365,3.3611626516689284
-1.724,0.3357425716635967,141,5.617655937862365,3.3611626516689284
-1.426,-0.014456064489216573,141,5.617655937862365,3.3611626516689284
-1.119,-0.31146563529447874,141,5.617655937862365,3.3611626516689284
-1.015,-0.3913540067425727,141,5.617655937862365,3.3611626516689284
-0.935,-0.4442650892900269,141,5.617655937862365,3.3611626516689284
-0.927,-0.4491280390562959,141,5.617655937862365,3.3611626516689284
-0.807,-0.5125614267307583,141,5.617655937862365,3.3611626516689284
-0.803,-0.5143683191408696,141,5.617655937862365,3.3611626516689284
-0.803,-0.5143683191408696,141,5.617655937862365,3.3611626516689284
-0.793,-0.5187986720605158,141,5.617655937862365,3.3611626516689284
-0.702,-0.5534927467347593,141,5.617655937862365,3.3611626516689284
-0.576,-0.5854009669528041,141,5.617655937862365,3.3611626516689284
-0.455,-0.5994328555157475,141,5.617655937862365,3.3611626516689284
-0.432,-0.600364192318451,141,5.617655937862365,3.3611626516689284
-0.265,-0.5915719500070579,141,5.617655937862365,3.3611626516689284
-0.262,-0.591173997039795,141,5.617655937862365,3.3611626516689284
-0.182,-0.5775461690116649,141,5.617655937862365,3.3611626516689284
-0.178,-0.5767120888607512,141,5.617655937862365,3.3611626516689284
-0.021,-0.5320706256748938,141,5.617655937862365,3.3611626516689284
-0.015,-0.5298866806473858,141,5.617655937862365,3.3611626516689284
0.047,-0.5051545044222853,141,5.617655937862365,3.3611626516689284
0.055,-0.5016706931267716,141,5.617655937862365,3.3611626516689284
0.195,-0.42968548356134756,141,5.617655937862365,3.3611626516689284
0.222,-0.4134005088799607,141,5.617655937862365,3.3611626516689284
0.264,-0.3865654539692909,141,5.617655937862365,3.3611626516689284
0.297,-0.36424661947170067,141,5.617655937862365,3.3611626516689284
0.34,-0.3336614672975302,141,5.617655937862365,3.3611626516689284
0.487,-0.2185511203497913,141,5.617655937862365,3.3611626516689284
0.665,-0.06515098856255054,141,5.617655937862365,3.3611626516689284
0.764,0.02259118008420046,141,5.617655937862365,3.3611626516689284
1.023,0.24698023910240702,141,5.617655937862365,3.3611626516689284
1.132,0.3359486163576667,141,5.617655937862365,3.3611626516689284
1.133,0.33674317475862375,141,5.617655937862365,3.3611626516689284
1.342,0.4939684181923754,141,5.617655937862365,3.3611626516689284
1.465,0.5790862526234335,141,5.617655937862365,3.3611626516689284
1.472,0.5837778166124012,141,5.617655937862365,3.3611626516689284
2.086,0.9254600361470241,141,5.617655937862365,3.3611626516689284
2.367,1.0355096363512393,141,5.617655937862365,3.3611626516689284
-1.917,0.6110933814385864,142,-7.300333216176865,0.08176618686339865
-1.724,0.3609823876128254,142,-7.300333216176865,0.08176618686339865
-1.426,0.008253920875977266,142,-7.300333216176865,0.08176618686339865
-1.119,-0.26311917615081426,142,-7.300333216176865,0.08176618686339865
-1.015,-0.3240937187628238,142,-7.300333216176865,0.08176618686339865
-0.935,-0.35911160651738466,142,-7.300333216176865,0.08176618686339865
-0.927,-0.36204156138264126,142,-7.300333216176865,0.08176618686339865
-0.807,-0.3935468814434304,142,-7.300333216176865,0.08176618686339865
-0.803,-0.39419782628661665,142,-7.300333216176865,0.08176618686339865
-0.803,-0.39419782628661665,142,-7.300333216176865,0.08176618686339865
-0.793,-0.3957132528843578,142,-7.300333216176865,0.08176618686339865
-0.702,-0.40214700860131675,142,-7.300333216176865,0.08176618686339865
-0.576,-0.3888953023942623,142,-7.300333216176865,0.08176618686339865
-0.455,-0.3511452167529984,142,-7.300333216176865,0.08176618686339865
-0.432,-0.341133094295161,142,-7.300333216176865,0.08176618686339865
-0.265,-0.24159945501162544,142,-7.300333216176865,0.08176618686339865
-0.262,-0.2393939780993695,142,-7.300333216176865,0.08176618686339865
-0.182,-0.17554955408098413,142,-7.300333216176865,0.08176618686339865
-0.178,-0.1721162737377982,142,-7.300333216176865,0.08176618686339865
-0.021,-0.02315048747735119,142,-7.300333216176865,0.08176618686339865
-0.015,-0.017029861076938577,142,-7.300333216176865,0.08176618686339865
0.047,0.04732793760147053,142,-7.300333216176865,0.08176618686339865
0.055,0.05574482034138426,142,-7.300333216176865,0.08176618686339865
0.195,0.20363375493895564,142,-7.300333216176865,0.08176618686339865
0.222,0.2316404457644627,142,-7.300333216176865,0.08176618686339865
0.264,0.2744539727847828,142,-7.300333216176865,0.08176618686339865
0.297,0.30735204356215756,142,-7.300333216176865,0.08176618686339865
0.34,0.3491183614335532,142,-7.300333216176865,0.08176618686339865
0.487,0.48227457865208007,142,-7.300333216176865,0.08176618686339865
0.665,0.625639716424721,142,-7.300333216176865,0.08176618686339865
0.764,0.6984561923418109,142,-7.300333216176865,0.08176618686339865
1.023,0.8696207743781507,142,-7.300333216176865,0.08176618686339865
1.132,0.9344330550037829,142,-7.300333216176865,0.08176618686339865
1.133,0.935009824659551,142,-7.300333216176865,0.08176618686339865
1.342,1.0486821396265045,142,-7.300333216176865,0.08176618686339865
1.465,1.1092400757694865,142,-7.300333216176865,0.08176618686339865
1.472,1.1125413530143367,142,-7.300333216176865,0.08176618686339865
2.086,1.3329586810872143,142,-7.300333216176865,0.08176618686339865
2.367,1.3878114180772805,142,-7.300333216176865,0.08176618686339865
-1.917,0.7717935272418369,143,4.9455831070314655,3.1964830105345245
-1.724,0.48894394859070234,143,4.9455831070314655,3.1964830105345245
-1.426,0.0791305796813264,143,4.9455831070314655,3.1964830105345245
-1.119,-0.2798300714193404,143,4.9455831070314655,3.1964830105345245
-1.015,-0.37960874085840696,143,4.9455831070314655,3.1964830105345245
-0.935,-0.4467867738429174,143,4.9455831070314655,3.1964830105345245
-0.927,-0.4529783242325796,143,4.9455831070314655,3.1964830105345245
-0.807,-0.5320251542936293,143,4.9455831070314655,3.1964830105345245
-0.803,-0.5341603803035365,143,4.9455831070314655,3.1964830105345245
-0.803,-0.5341603803035365,143,4.9455831070314655,3.1964830105345245
-0.793,-0.5393433225112794,143,4.9455831070314655,3.1964830105345245
-0.702,-0.576455593155176,143,4.9455831070314655,3.1964830105345245
-0.576,-0.6001474729986765,143,4.9455831070314655,3.1964830105345245
-0.455,-0.5989993267451557,143,4.9455831070314655,3.1964830105345245
-0.432,-0.5968280962844172,143,4.9455831070314655,3.1964830105345245
-0.265,-0.5679171204900553,143,4.9455831070314655,3.1964830105345245
-0.262,-0.5672224209575542,143,4.9455831070314655,3.1964830105345245
-0.182,-0.5466548048025444,143,4.9455831070314655,3.1964830105345245
-0.178,-0.5455142316596198,143,4.9455831070314655,3.1964830105345245
-0.021,-0.48982238602428885,143,4.9455831070314655,3.1964830105345245
-0.015,-0.4871968759156485,143,4.9455831070314655,3.1964830105345245
0.047,-0.457633015960085,143,4.9455831070314655,3.1964830105345245
0.055,-0.4534977005010136,143,4.9455831070314655,3.1964830105345245
0.195,-0.3703516725917673,143,4.9455831070314655,3.1964830105345245
0.222,-0.3522547841389579,143,4.9455831070314655,3.1964830105345245
0.264,-0.32302239309339625,143,4.9455831070314655,3.1964830105345245
0.297,-0.29925110338226285,143,4.9455831070314655,3.1964830105345245
0.34,-0.267402034112042,143,4.9455831070314655,3.1964830105345245
0.487,-0.15351254834756273,143,4.9455831070314655,3.1964830105345245
0.665,-0.011968024355094158,143,4.9455831070314655,3.1964830105345245
0.764,0.06504497433150205,143,4.9455831070314655,3.1964830105345245
1.023,0.2530120084662581,143,4.9455831070314655,3.1964830105345245
1.132,0.32415689009586246,143,4.9455831070314655,3.1964830105345245
1.133,0.3247831793119961,143,4.9455831070314655,3.1964830105345245
1.342,0.4435561791444053,143,4.9455831070314655,3.1964830105345245
1.465,0.5006421301194932,143,4.9455831070314655,3.1964830105345245
1.472,0.5035706155591296,143,4.9455831070314655,3.1964830105345245
2.086,0.6535133691971833,143,4.9455831070314655,3.1964830105345245
2.367,0.6822218999709332,143,4.9455831070314655,3.1964830105345245
-1.917,1.1845423127229737,144,0.9452063854862643,2.990355534629635
-1.724,0.7973094711553339,144,0.9452063854862643,2.990355534629635
-1.426,0.23934098266347745,144,0.9452063854862643,2.990355534629635
-1.119,-0.21393319014424095,144,0.9452063854862643,2.990355534629635
-1.015,-0.3277812082453278,144,0.9452063854862643,2.990355534629635
-0.935,-0.3991554168815831,144,0.9452063854862643,2.990355534629635
-0.927,-0.4054707191533893,144,0.9452063854862643,2.990355534629635
-0.807,-0.4811456149156251,144,0.9452063854862643,2.990355534629635
-0.803,-0.4830299046103005,144,0.9452063854862643,2.990355534629635
-0.803,-0.4830299046103005,144,0.9452063854862643,2.990355534629635
-0.793,-0.48755450675616396,144,0.9452063854862643,2.990355534629635
-0.702,-0.5167244161375065,144,0.9452063854862643,2.990355534629635
-0.576,-0.5237212481378982,144,0.9452063854862643,2.990355534629635
-0.455,-0.5006409903204032,144,0.9452063854862643,2.990355534629635
-0.432,-0.4936996866429404,144,0.9452063854862643,2.990355534629635
-0.265,-0.4271433928945285,144,0.9452063854862643,2.990355534629635
-0.262,-0.42576718382760453,144,0.9452063854862643,2.990355534629635
-0.182,-0.38784148616744685,144,0.9452063854862643,2.990355534629635
-0.178,-0.38589534429435024,144,0.9452063854862643,2.990355534629635
-0.021,-0.307114691951247,144,0.9452063854862643,2.990355534629635
-0.015,-0.30403123316068104,144,0.9452063854862643,2.990355534629635
0.047,-0.27199098826486506,144,0.9452063854862643,2.990355534629635
0.055,-0.2678415100653567,144,0.9452063854862643,2.990355534629635
0.195,-0.1957732932072662,144,0.9452063854862643,2.990355534629635
0.222,-0.1822122731066034,144,0.9452063854862643,2.990355534629635
0.264,-0.16150544638987815,144,0.9452063854862643,2.990355534629635
0.297,-0.14563420222303272,144,0.9452063854862643,2.990355534629635
0.34,-0.12554658190219084,144,0.9452063854862643,2.990355534629635
0.487,-0.06148167077091794,144,0.9452063854862643,2.990355534629635
0.665,0.013150529547241096,144,0.9452063854862643,2.990355534629635
0.764,0.06015843593961182,144,0.9452063854862643,2.990355534629635
1.023,0.24372598413033872,144,0.9452063854862643,2.990355534629635
1.132,0.362973800861286,144,0.9452063854862643,2.990355534629635
1.133,0.3642023219605493,144,0.9452063854862643,2.990355534629635
1.342,0.6680163401934389,144,0.9452063854862643,2.990355534629635
1.465,0.8800193895800762,144,0.9452063854862643,2.990355534629635
1.472,0.8925635713318997,144,0.9452063854862643,2.990355534629635
2.086,2.097568016875438,144,0.9452063854862643,2.990355534629635
2.367,2.672595628858428,144,0.9452063854862643,2.990355534629635
-1.917,0.6175459337473127,145,3.1571042058875545,-3.7212684961065405
-1.724,0.2693120762853039,145,3.1571042058875545,-3.7212684961065405
-1.426,-0.2205959422116005,145,3.1571042058875545,-3.7212684961065405
-1.119,-0.5938894748218237,145,3.1571042058875545,-3.7212684961065405
-1.015,-0.6755387850388657,145,3.1571042058875545,-3.7212684961065405
-0.935,-0.7191276593893908,145,3.1571042058875545,-3.7212684961065405
-0.927,-0.7224912220734356,145,3.1571042058875545,-3.7212684961065405
-0.807,-0.7506520987688371,145,3.1571042058875545,-3.7212684961065405
-0.803,-0.7508762321067228,145,3.1571042058875545,-3.7212684961065405
-0.803,-0.7508762321067228,145,3.1571042058875545,-3.7212684961065405
-0.793,-0.7512378823621197,145,3.1571042058875545,-3.7212684961065405
-0.702,-0.7423714869755559,145,3.1571042058875545,-3.7212684961065405
-0.576,-0.6996556852093327,145,3.1571042058875545,-3.7212684961065405
-0.455,-0.6347497453442109,145,3.1571042058875545,-3.7212684961065405
-0.432,-0.6206124885871811,145,3.1571042058875545,-3.7212684961065405
-0.265,-0.5084193872372003,145,3.1571042058875545,-3.7212684961065405
-0.262,-0.5063187170236378,145,3.1571042058875545,-3.7212684961065405
-0.182,-0.4500578048985856,145,3.1571042058875545,-3.7212684961065405
-0.178,-0.44723816338023675,145,3.1571042058875545,-3.7212684961065405
-0.021,-0.3339140582272308,145,3.1571042058875545,-3.7212684961065405
-0.015,-0.3293764228256638,145,3.1571042058875545,-3.7212684961065405
0.047,-0.28098988210034126,145,3.1571042058875545,-3.7212684961065405
0.055,-0.2745202118310356,145,3.1571042058875545,-3.7212684961065405
0.195,-0.15072661712821003,145,3.1571042058875545,-3.7212684961065405
0.222,-0.12421364181949623,145,3.1571042058875545,-3.7212684961065405
0.264,-0.08105141939068053,145,3.1571042058875545,-3.7212684961065405
0.297,-0.045512655993134754,145,3.1571042058875545,-3.7212684961065405
0.34,0.0027558744632075467,145,3.1571042058875545,-3.7212684961065405
0.487,0.17812376753258619,145,3.1571042058875545,-3.7212684961065405
0.665,0.386403531357503,145,3.1571042058875545,-3.7212684961065405
0.764,0.4870463571617207,145,3.1571042058875545,-3.7212684961065405
1.023,0.6855565431210291,145,3.1571042058875545,-3.7212684961065405
1.132,0.7491843166946793,145,3.1571042058875545,-3.7212684961065405
1.133,0.7497331690745908,145,3.1571042058875545,-3.7212684961065405
1.342,0.8575540580578919,145,3.1571042058875545,-3.7212684961065405
1.465,0.9208056000032908,145,3.1571042058875545,-3.7212684961065405
1.472,0.9244831678838095,145,3.1571042058875545,-3.7212684961065405
2.086,1.2244334446720992,145,3.1571042058875545,-3.7212684961065405
2.367,1.3049795597353138,145,3.1571042058875545,-3.7212684961065405
-1.917,0.8870812081316989,146,0.9932497655832525,-0.05963464852944102
-1.724,0.5727859750600206,146,0.9932497655832525,-0.05963464852944102
-1.426,0.1198056969573122,146,0.9932497655832525,-0.05963464852944102
-1.119,-0.2580062387825073,146,0.9932497655832525,-0.05963464852944102
-1.015,-0.3559879145986276,146,0.9932497655832525,-0.05963464852944102
-0.935,-0.4194540393654122,146,0.9932497655832525,-0.05963464852944102
-0.927,-0.4252144243609211,146,0.9932497655832525,-0.05963464852944102
-0.807,-0.49843063788165637,146,0.9932497655832525,-0.05963464852944102
-0.803,-0.500437090979238,146,0.9932497655832525,-0.05963464852944102
-0.803,-0.500437090979238,146,0.9932497655832525,-0.05963464852944102
-0.793,-0.5053286339556635,146,0.9932497655832525,-0.05963464852944102
-0.702,-0.5417479919144518,146,0.9932497655832525,-0.05963464852944102
-0.576,-0.5687908048784454,146,0.9932497655832525,-0.05963464852944102
-0.455,-0.5703851237348251,146,0.9932497655832525,-0.05963464852944102
-0.432,-0.5680747367392668,146,0.9932497655832525,-0.05963464852944102
-0.265,-0.5268564273541636,146,0.9932497655832525,-0.05963464852944102
-0.262,-0.5257259129831537,146,0.9932497655832525,-0.05963464852944102
-0.182,-0.4905334238138761,146,0.9932497655832525,-0.05963464852944102
-0.178,-0.4885185661682709,146,0.9932497655832525,-0.05963464852944102
-0.021,-0.39030286191102553,146,0.9932497655832525,-0.05963464852944102
-0.015,-0.3858116395715758,146,0.9932497655832525,-0.05963464852944102
0.047,-0.3362914439916156,146,0.9932497655832525,-0.05963464852944102
0.055,-0.32949768599719925,146,0.9932497655832525,-0.05963464852944102
0.195,-0.1969510635276082,146,0.9932497655832525,-0.05963464852944102
0.222,-0.16868891427422977,146,0.9932497655832525,-0.05963464852944102
0.264,-0.12319959503806219,146,0.9932497655832525,-0.05963464852944102
0.297,-0.08624642585886023,146,0.9932497655832525,-0.05963464852944102
0.34,-0.03666762532155992,146,0.9932497655832525,-0.05963464852944102
0.487,0.1418203832606897,146,0.9932497655832525,-0.05963464852944102
0.665,0.36504663484275063,146,0.9932497655832525,-0.05963464852944102
0.764,0.4867311709947101,146,0.9932497655832525,-0.05963464852944102
1.023,0.7835769272190714,146,0.9932497655832525,-0.05963464852944102
1.132,0.898019647160182,146,0.9932497655832525,-0.05963464852944102
1.133,0.8990416175155359,146,0.9932497655832525,-0.05963464852944102
1.342,1.103794210100326,146,0.9932497655832525,-0.05963464852944102
1.465,1.218609280215893,146,0.9932497655832525,-0.05963464852944102
1.472,1.2250582770600396,146,0.9932497655832525,-0.05963464852944102
2.086,1.7369245320054842,146,0.9932497655832525,-0.05963464852944102
2.367,1.922928591002723,146,0.9932497655832525,-0.05963464852944102
-1.917,0.020576223911338436,147,3.888000964452579,1.769285635683517
-1.724,-0.10437610794890365,147,3.888000964452579,1.769285635683517
-1.426,-0.297307687712387,147,3.888000964452579,1.769285635683517
-1.119,-0.4834816020941875,147,3.888000964452579,1.769285635683517
-1.015,-0.5332022036842573,147,3.888000964452579,1.769285635683517
-0.935,-0.5636710094132958,147,3.888000964452579,1.769285635683517
-0.927,-0.566280262520121,147,3.888000964452579,1.769285635683517
-0.807,-0.594480871810084,147,3.888000964452579,1.769285635683517
-0.803,-0.5950425308588901,147,3.888000964452579,1.769285635683517
-0.803,-0.5950425308588901,147,3.888000964452579,1.769285635683517
-0.793,-0.5963335043266357,147,3.888000964452579,1.769285635683517
-0.702,-0.6009216552658064,147,3.888000964452579,1.769285635683517
-0.576,-0.5880582906922441,147,3.888000964452579,1.769285635683517
-0.455,-0.5581016555250201,147,3.888000964452579,1.769285635683517
-0.432,-0.5507576963822729,147,3.888000964452579,1.769285635683517
-0.265,-0.48525760214823743,147,3.888000964452579,1.769285635683517
-0.262,-0.48392474795678414,147,3.888000964452579,1.769285635683517
-0.182,-0.44695118340940687,147,3.888000964452579,1.769285635683517
-0.178,-0.44503835842941225,147,3.888000964452579,1.769285635683517
-0.021,-0.36662186949514386,147,3.888000964452579,1.769285635683517
-0.015,-0.36353222382469647,147,3.888000964452579,1.769285635683517
0.047,-0.3314218890447665,147,3.888000964452579,1.769285635683517
0.055,-0.327264488842624,147,3.888000964452579,1.769285635683517
0.195,-0.25512302306279844,147,3.888000964452579,1.769285635683517
0.222,-0.24155475261432108,147,3.888000964452579,1.769285635683517
0.264,-0.22082923166500096,147,3.888000964452579,1.769285635683517
0.297,-0.2049252262471758,147,3.888000964452579,1.769285635683517
0.34,-0.18475638009685985,147,3.888000964452579,1.769285635683517
0.487,-0.1202069273070564,147,3.888000964452579,1.769285635683517
0.665,-0.04814917366596513,147,3.888000964452579,1.769285635683517
0.764,-0.008966617704512382,147,3.888000964452579,1.769285635683517
1.023,0.10997879659243605,147,3.888000964452579,1.769285635683517
1.132,0.17518255571495134,147,3.888000964452579,1.769285635683517
1.133,0.1758321731432246,147,3.888000964452579,1.769285635683517
1.342,0.3282387025935697,147,3.888000964452579,1.769285635683517
1.465,0.42738781638831574,147,3.888000964452579,1.769285635683517
1.472,0.43310457576305084,147,3.888000964452579,1.769285635683517
2.086,0.890968473890176,147,3.888000964452579,1.769285635683517
2.367,1.0352248064296374,147,3.888000964452579,1.769285635683517
-1.917,1.1681479035714866,148,-2.844516010575412,3.1623252930685277
-1.724,0.8071773892424828,148,-2.844516010575412,3.1623252930685277
-1.426,0.29568405805708214,148,-2.844516010575412,3.1623252930685277
-1.119,-0.11880762497924546,148,-2.844516010575412,3.1623252930685277
-1.015,-0.22664532191255626,148,-2.844516010575412,3.1623252930685277
-0.935,-0.297078499011133,148,-2.844516010575412,3.1623252930685277
-0.927,-0.30349082924740645,148,-2.844516010575412,3.1623252930685277
-0.807,-0.38496824536274005,148,-2.844516010575412,3.1623252930685277
-0.803,-0.3871889996364035,148,-2.844516010575412,3.1623252930685277
-0.803,-0.3871889996364035,148,-2.844516010575412,3.1623252930685277
-0.793,-0.3925953263064044,148,-2.844516010575412,3.1623252930685277
-0.702,-0.4320379174122481,148,-2.844516010575412,3.1623252930685277
-0.576,-0.4569415189384017,148,-2.844516010575412,3.1623252930685277
-0.455,-0.4488003323209383,148,-2.844516010575412,3.1623252930685277
-0.432,-0.44386326213805266,148,-2.844516010575412,3.1623252930685277
-0.265,-0.3788710125812568,148,-2.844516010575412,3.1623252930685277
-0.262,-0.377275850694161,148,-2.844516010575412,3.1623252930685277
-0.182,-0.329888089364449,148,-2.844516010575412,3.1623252930685277
-0.178,-0.3272869011799814,148,-2.844516010575412,3.1623252930685277
-0.021,-0.21083691833433935,148,-2.844516010575412,3.1623252930685277
-0.015,-0.2059177186663332,148,-2.844516010575412,3.1623252930685277
0.047,-0.1535980035332372,148,-2.844516010575412,3.1623252930685277
0.055,-0.14667746671411339,148,-2.844516010575412,3.1623252930685277
0.195,-0.022413927544172218,148,-2.844516010575412,3.1623252930685277
0.222,0.001645095690952727,148,-2.844516010575412,3.1623252930685277
0.264,0.038675686440997385,148,-2.844516010575412,3.1623252930685277
0.297,0.06725286486517676,148,-2.844516010575412,3.1623252930685277
0.34,0.10360901140418828,148,-2.844516010575412,3.1623252930685277
0.487,0.21976024317919993,148,-2.844516010575412,3.1623252930685277
0.665,0.3450281658118527,148,-2.844516010575412,3.1623252930685277
0.764,0.40831404039273267,148,-2.844516010575412,3.1623252930685277
1.023,0.5561533032815241,148,-2.844516010575412,3.1623252930685277
1.132,0.6119659953864477,148,-2.844516010575412,3.1623252930685277
1.133,0.6124605661780052,148,-2.844516010575412,3.1623252930685277
1.342,0.7052474312832022,148,-2.844516010575412,3.1623252930685277
1.465,0.7453274907228681,148,-2.844516010575412,3.1623252930685277
1.472,0.747189829072587,148,-2.844516010575412,3.1623252930685277
2.086,0.764933270557515,148,-2.844516010575412,3.1623252930685277
2.367,0.7186980634049867,148,-2.844516010575412,3.1623252930685277
-1.917,0.4031197009783642,149,3.1365034910708105,-1.9588411207858454
-1.724,0.2074926731421901,149,3.1365034910708105,-1.9588411207858454
-1.426,-0.1061465076882276,149,3.1365034910708105,-1.9588411207858454
-1.119,-0.45697684292960156,149,3.1365034910708105,-1.9588411207858454
-1.015,-0.5575203774146777,149,3.1365034910708105,-1.9588411207858454
-0.935,-0.6203083402119162,149,3.1365034910708105,-1.9588411207858454
-0.927,-0.6257371533384064,149,3.1365034910708105,-1.9588411207858454
-0.807,-0.686287286232711,149,3.1365034910708105,-1.9588411207858454
-0.803,-0.6875978880373375,149,3.1365034910708105,-1.9588411207858454
-0.803,-0.6875978880373375,149,3.1365034910708105,-1.9588411207858454
-0.793,-0.6906673346343829,149,3.1365034910708105,-1.9588411207858454
-0.702,-0.7057665348832388,149,3.1365034910708105,-1.9588411207858454
-0.576,-0.6939619220975359,149,3.1365034910708105,-1.9588411207858454
-0.455,-0.6567046541630607,149,3.1365034910708105,-1.9588411207858454
-0.432,-0.6474725511615986,149,3.1365034910708105,-1.9588411207858454
-0.265,-0.5610147315505323,149,3.1365034910708105,-1.9588411207858454
-0.262,-0.5591166079353604,149,3.1365034910708105,-1.9588411207858454
-0.182,-0.5035129043401959,149,3.1365034910708105,-1.9588411207858454
-0.178,-0.5004742032191317,149,3.1365034910708105,-1.9588411207858454
-0.021,-0.3604745082592895,149,3.1365034910708105,-1.9588411207858454
-0.015,-0.354287874466408,149,3.1365034910708105,-1.9588411207858454
0.047,-0.2869629821064983,149,3.1365034910708105,-1.9588411207858454
0.055,-0.27787887383737536,149,3.1365034910708105,-1.9588411207858454
0.195,-0.11129216797753813,149,3.1365034910708105,-1.9588411207858454
0.222,-0.07895120605912305,149,3.1365034910708105,-1.9588411207858454
0.264,-0.02959343136323534,149,3.1365034910708105,-1.9588411207858454
0.297,0.007995136700746423,149,3.1365034910708105,-1.9588411207858454
0.34,0.05498797695995176,149,3.1365034910708105,-1.9588411207858454
0.487,0.19696935453958775,149,3.1365034910708105,-1.9588411207858454
0.665,0.3332158301974165,149,3.1365034910708105,-1.9588411207858454
0.764,0.396193293319718,149,3.1365034910708105,-1.9588411207858454
1.023,0.53090051232642,149,3.1365034910708105,-1.9588411207858454
1.132,0.5783760939465257,149,3.1365034910708105,-1.9588411207858454
1.133,0.5787894750524037,149,3.1365034910708105,-1.9588411207858454
1.342,0.653295435795719,149,3.1365034910708105,-1.9588411207858454
1.465,0.6823636220476004,149,3.1365034910708105,-1.9588411207858454
1.472,0.6836292068996526,149,3.1365034910708105,-1.9588411207858454
2.086,0.665229044936701,149,3.1365034910708105,-1.9588411207858454
2.367,0.608502342553921,149,3.1365034910708105,-1.9588411207858454
-1.917,1.0885445147132624,150,0.17219020592887763,3.024261653006147
-1.724,0.7407271215816863,150,0.17219020592887763,3.024261653006147
-1.426,0.24247541160827757,150,0.17219020592887763,3.024261653006147
-1.119,-0.1661588492248796,150,0.17219020592887763,3.024261653006147
-1.015,-0.26950169161094595,150,0.17219020592887763,3.024261653006147
-0.935,-0.3352294922022248,150,0.17219020592887763,3.024261653006147
-0.927,-0.3411404068753949,150,0.17219020592887763,3.024261653006147
-0.807,-0.4157218905749509,150,0.17219020592887763,3.024261653006147
-0.803,-0.4177645569189117,150,0.17219020592887763,3.024261653006147
-0.803,-0.4177645569189117,150,0.17219020592887763,3.024261653006147
-0.793,-0.42274932086728123,150,0.17219020592887763,3.024261653006147
-0.702,-0.4602505913325501,150,0.17219020592887763,3.024261653006147
-0.576,-0.4896872150981347,150,0.17219020592887763,3.024261653006147
-0.455,-0.49482938371745705,150,0.17219020592887763,3.024261653006147
-0.432,-0.4933728283198639,150,0.17219020592887763,3.024261653006147
-0.265,-0.4608454374959292,150,0.17219020592887763,3.024261653006147
-0.262,-0.45992132648715855,150,0.17219020592887763,3.024261653006147
-0.182,-0.4311026493001566,150,0.17219020592887763,3.024261653006147
-0.178,-0.4294558210877017,150,0.17219020592887763,3.024261653006147
-0.021,-0.3505887831118499,150,0.17219020592887763,3.024261653006147
-0.015,-0.34706005829307224,150,0.17219020592887763,3.024261653006147
0.047,-0.3085946259317935,150,0.17219020592887763,3.024261653006147
0.055,-0.30337595874525364,150,0.17219020592887763,3.024261653006147
0.195,-0.20367627186035245,150,0.17219020592887763,3.024261653006147
0.222,-0.18282155058178973,150,0.17219020592887763,3.024261653006147
0.264,-0.14948452513375154,150,0.17219020592887763,3.024261653006147
0.297,-0.12258650813910703,150,0.17219020592887763,3.024261653006147
0.34,-0.08669987845543373,150,0.17219020592887763,3.024261653006147
0.487,0.041721331447529736,150,0.17219020592887763,3.024261653006147
0.665,0.2044958593999445,150,0.17219020592887763,3.024261653006147
0.764,0.2960192154033244,150,0.17219020592887763,3.024261653006147
1.023,0.5315507752881207,150,0.17219020592887763,3.024261653006147
1.132,0.6272787471333902,150,0.17219020592887763,3.024261653006147
1.133,0.6281450060150542,150,0.17219020592887763,3.024261653006147
1.342,0.8042271123327038,150,0.17219020592887763,3.024261653006147
1.465,0.9032098612701424,150,0.17219020592887763,3.024261653006147
1.472,0.9087355266867418,150,0.17219020592887763,3.024261653006147
2.086,1.3422561652670637,150,0.17219020592887763,3.024261653006147
2.367,1.5067561661122464,150,0.17219020592887763,3.024261653006147
