Title,US_Gross,Worldwide_Gross,US_DVD_Sales,Production_Budget,Release_Date,MPAA_Rating,Running_Time_min,Distributor,Source,Major_Genre,Creative_Type,Director,Rotten_Tomatoes_Rating,IMDB_Rating,IMDB_Votes,year
Slam,1009819,1087521,NA,1000000,Oct 09 1998,R,NA,Trimark,Original Screenplay,Drama,Contemporary Fiction,NA,62,3.4,165,1998
Pirates,1641825,6341825,NA,40000000,Jul 01 1986,R,NA,NA,NA,(Missing),NA,Roman Polanski,25,5.8,3275,1986
Duel in the Sun,20400000,20400000,NA,6000000,Dec 31 2046,(Missing),NA,NA,NA,(Missing),NA,NA,86,7,2906,2046
Tom Jones,37600000,37600000,NA,1000000,Oct 07 1963,(Missing),NA,NA,NA,(Missing),NA,NA,81,7,4035,1963
Oliver!,37402877,37402877,NA,10000000,Dec 11 1968,(Missing),NA,Sony Pictures,NA,Musical,NA,NA,84,7.5,9111,1968
To Kill A Mockingbird,13129846,13129846,NA,2000000,Dec 25 1962,(Missing),NA,Universal,NA,(Missing),NA,NA,97,8.4,82786,1962
Hollywood Shuffle,5228617,5228617,NA,100000,Mar 01 1987,(Missing),NA,NA,NA,(Missing),NA,NA,87,6.8,1532,1987
The Ten Commandments,80000000,80000000,NA,13500000,Oct 05 1956,(Missing),NA,NA,NA,(Missing),NA,NA,90,2.5,1677,1956
1776,0,0,NA,4000000,Nov 09 1972,PG,NA,Sony/Columbia,Based on Play,Drama,Historical Fiction,NA,57,7,4099,1972
1941,34175000,94875000,NA,32000000,Dec 14 1979,(Missing),NA,Universal,Original Screenplay,Comedy,Historical Fiction,Steven Spielberg,33,5.6,13364,1979
2001: A Space Odyssey,56700000,68700000,NA,10500000,Apr 02 1968,(Missing),NA,NA,Original Screenplay,(Missing),Science Fiction,Stanley Kubrick,96,8.4,160342,1968
Twin Falls Idaho,985341,1027228,NA,500000,Jul 30 1999,R,NA,Sony Pictures Classics,Original Screenplay,Drama,Contemporary Fiction,Michael Polish,77,7.1,2810,1999
3 Ninjas Kick Back,11744960,11744960,NA,20000000,May 06 1994,PG,NA,Walt Disney Pictures,Original Screenplay,Action,Contemporary Fiction,NA,17,3.2,3107,1994
42nd Street,2300000,2300000,NA,439000,Mar 09 2033,(Missing),NA,Warner Bros.,Based on Book/Short Story,Musical,NA,NA,95,7.7,4263,2033
Four Rooms,4301000,4301000,NA,4000000,Dec 25 1995,R,NA,Miramax,Original Screenplay,Comedy,Contemporary Fiction,Robert Rodriguez,14,6.4,34328,1995
The Four Seasons,42488161,42488161,NA,6500000,May 22 1981,(Missing),NA,Universal,Original Screenplay,Comedy,Contemporary Fiction,Alan Alda,71,7,1814,1981
Four Weddings and a Funeral,52700832,242895809,NA,4500000,Mar 09 1994,R,NA,Gramercy,Original Screenplay,Romantic Comedy,Contemporary Fiction,Mike Newell,96,7.1,39003,1994
51 Birch Street,84689,84689,NA,350000,Oct 18 2006,Not Rated,NA,Truly Indie,NA,(Missing),NA,NA,97,7.4,439,2006
55 Days at Peking,10000000,10000000,NA,17000000,Dec 31 1962,(Missing),NA,NA,Original Screenplay,Drama,NA,NA,57,6.8,2104,1962
The Abyss,54243125,54243125,NA,70000000,Aug 09 1989,PG-13,NA,20th Century Fox,Original Screenplay,Action,Science Fiction,James Cameron,88,7.6,51018,1989
Action Jackson,20257000,20257000,NA,7000000,Feb 12 1988,(Missing),NA,Lorimar Motion Pictures,Original Screenplay,Action,Contemporary Fiction,NA,10,4.6,3856,1988
Ace Ventura: Pet Detective,72217396,107217396,NA,12000000,Feb 04 1994,PG-13,NA,Warner Bros.,Original Screenplay,Comedy,Contemporary Fiction,Tom Shadyac,49,6.6,63543,1994
Annie Get Your Gun,8000000,8000000,NA,3768785,May 17 1950,(Missing),NA,MGM,Based on Book/Short Story,Musical,NA,NA,100,7.1,1326,1950
Alice in Wonderland,0,0,NA,3000000,Jul 28 1951,(Missing),NA,RKO Radio Pictures,Based on Book/Short Story,Musical,NA,NA,20,6.7,63458,1951
The Alamo,7900000,7900000,NA,12000000,Oct 24 1960,PG-13,NA,United Artists,Original Screenplay,Western,Historical Fiction,John Wayne,54,5.9,10063,1960
Alive,36299670,36299670,NA,32000000,Jan 15 1993,R,NA,Walt Disney Pictures,Based on Book/Short Story,Adventure,Dramatization,Frank Marshall,71,3.2,124,1993
American Graffiti,115000000,140000000,NA,777000,Aug 11 1973,(Missing),NA,Universal,Original Screenplay,Comedy,NA,George Lucas,97,7.6,30952,1973
The American President,60022813,107822813,NA,62000000,Nov 17 1995,PG-13,NA,Sony Pictures,Original Screenplay,Romantic Comedy,Contemporary Fiction,Rob Reiner,90,6.8,22780,1995
Annie Hall,38251425,38251425,NA,4000000,Apr 20 1977,(Missing),NA,MGM,Original Screenplay,Comedy,NA,Woody Allen,98,8.2,65406,1977
The Adventures of Huck Finn,24103594,24103594,NA,6500000,Apr 02 1993,PG,NA,Walt Disney Pictures,Based on Book/Short Story,Adventure,Historical Fiction,Stephen Sommers,62,5.8,3095,1993
The Apartment,18600000,24600000,NA,3000000,Dec 31 1959,(Missing),NA,United Artists,Original Screenplay,Romantic Comedy,NA,Billy Wilder,91,8.4,36485,1959
Apocalypse Now,78800000,78800000,3479242,31500000,Aug 15 1979,R,NA,MGM,Based on Book/Short Story,Action,Historical Fiction,Francis Ford Coppola,98,8.6,173141,1979
Arachnophobia,53208180,53208180,NA,31000000,Jul 18 1990,(Missing),NA,Walt Disney Pictures,Original Screenplay,Thriller/Suspense,Science Fiction,Frank Marshall,85,6.2,20528,1990
And Then Came Love,8158,8158,NA,989000,Jun 01 2007,Not Rated,NA,Fox Meadow,NA,Comedy,NA,NA,17,4.4,200,2007
Around the World in 80 Days,42000000,42000000,NA,6000000,Oct 17 1956,PG,NA,United Artists,Based on Book/Short Story,Adventure,NA,NA,73,5.6,21516,1956
Barbarella,0,0,NA,9000000,Oct 10 1968,(Missing),NA,Paramount Pictures,Based on Comic/Graphic Novel,Adventure,Science Fiction,NA,74,5.7,10794,1968
Barry Lyndon,20000000,20000000,NA,11000000,Dec 31 1974,(Missing),NA,Warner Bros.,Based on Book/Short Story,Drama,NA,Stanley Kubrick,94,8.1,39909,1974
Babe,63658910,246100000,NA,30000000,Aug 04 1995,G,NA,Universal,Based on Book/Short Story,Adventure,Contemporary Fiction,Chris Noonan,98,7.3,35644,1995
Baby's Day Out,16581575,16581575,NA,50000000,Jul 01 1994,PG,NA,20th Century Fox,Original Screenplay,Comedy,Contemporary Fiction,Patrick Read Johnson,21,5,8332,1994
"Bon Cop, Bad Cop",12671300,12671300,NA,8000000,Aug 04 2006,Not Rated,NA,Alliance,Original Screenplay,Comedy,Contemporary Fiction,NA,67,6.9,151,2006
Back to the Future,210609762,381109762,NA,19000000,Jul 03 1985,(Missing),NA,Universal,Original Screenplay,Adventure,Science Fiction,Robert Zemeckis,96,8.4,201598,1985
Back to the Future Part II,118450002,332000000,NA,40000000,Nov 22 1989,(Missing),NA,Universal,Original Screenplay,Adventure,Science Fiction,Robert Zemeckis,64,7.5,87341,1989
Back to the Future Part III,87666629,243700000,NA,40000000,May 24 1990,(Missing),NA,Universal,Original Screenplay,Adventure,Science Fiction,Robert Zemeckis,71,7.1,77541,1990
Butch Cassidy and the Sundance Kid,102308900,102308900,NA,6000000,Oct 24 1969,(Missing),NA,20th Century Fox,NA,Western,Historical Fiction,George Roy Hill,90,8.2,57602,1969
Bad Boys,65647413,141247413,NA,23000000,Apr 07 1995,R,NA,Sony Pictures,Original Screenplay,Action,Contemporary Fiction,Michael Bay,39,6.6,53929,1995
Body Double,8801940,8801940,NA,10000000,Oct 26 1984,(Missing),NA,Sony/Columbia,Original Screenplay,Thriller/Suspense,Contemporary Fiction,Brian De Palma,84,6.4,9738,1984
Beastmaster 2: Through the Portal of Time,773490,773490,NA,6000000,Aug 30 1991,(Missing),NA,New Line,Based on Book/Short Story,(Missing),Fantasy,NA,17,3.3,1327,1991
The Beastmaster,10751126,10751126,NA,5000000,Aug 20 1982,(Missing),NA,MGM,Based on Book/Short Story,Action,Fantasy,NA,50,5.7,5734,1982
Ben-Hur,73000000,73000000,NA,15000000,Nov 18 1959,(Missing),NA,MGM,Based on Book/Short Story,Adventure,NA,William Wyler,91,8.2,58510,1959
Benji,31559560,31559560,NA,500000,Nov 15 1974,(Missing),NA,NA,Original Screenplay,Adventure,NA,NA,83,5.8,1801,1974
Before Sunrise,5274005,5274005,NA,2500000,Jan 27 1995,R,NA,Sony Pictures,Original Screenplay,Drama,Contemporary Fiction,Richard Linklater,100,8,39705,1995
Beauty and the Beast,171340294,403476931,NA,20000000,Nov 13 1991,G,NA,Walt Disney Pictures,Based on Book/Short Story,Musical,Fantasy,Gary Trousdale,93,3.4,354,1991
The Best Years of Our Lives,23600000,23600000,NA,2100000,Nov 21 2046,(Missing),NA,RKO Radio Pictures,Based on Book/Short Story,Drama,NA,William Wyler,97,8.2,17338,2046
My Big Fat Independent Movie,4655,4655,NA,3000000,Sep 30 2005,R,NA,Big Fat Movies,NA,Comedy,Contemporary Fiction,NA,23,3.2,1119,2005
Battle for the Planet of the Apes,8800000,8800000,NA,1800000,Dec 31 1972,(Missing),NA,20th Century Fox,NA,(Missing),Science Fiction,Jack Lee Thompson,38,5,6094,1972
Bogus,4357406,4357406,NA,32000000,Sep 06 1996,PG,NA,Warner Bros.,Original Screenplay,Comedy,Fantasy,Norman Jewison,40,4.8,2742,1996
Beverly Hills Cop,234760478,316300000,NA,15000000,Dec 05 1984,(Missing),NA,Paramount Pictures,Original Screenplay,Action,Contemporary Fiction,Martin Brest,83,7.3,45065,1984
Beverly Hills Cop II,153665036,276665036,NA,20000000,May 20 1987,R,NA,Paramount Pictures,Original Screenplay,Action,Contemporary Fiction,Tony Scott,46,6.1,29712,1987
Beverly Hills Cop III,42586861,119180938,NA,50000000,May 25 1994,R,NA,Paramount Pictures,Original Screenplay,Action,Contemporary Fiction,John Landis,10,5,21199,1994
The Black Hole,35841901,35841901,NA,20000000,Dec 21 1979,(Missing),NA,Walt Disney Pictures,Original Screenplay,(Missing),Science Fiction,NA,42,5.6,7810,1979
Big,114968774,151668774,NA,18000000,Jun 03 1988,(Missing),NA,20th Century Fox,Original Screenplay,Comedy,Fantasy,Penny Marshall,96,7.2,49256,1988
The Big Parade,11000000,22000000,NA,245000,Jan 01 2025,(Missing),NA,MGM,Based on Play,Drama,NA,King Vidor,100,8.4,2600,2025
Boyz n the Hood,56190094,56190094,NA,6500000,Jul 12 1991,(Missing),NA,Sony Pictures,Original Screenplay,Drama,Contemporary Fiction,John Singleton,98,7.8,30299,1991
"Bright Lights, Big City",16118077,16118077,NA,25000000,Apr 01 1988,R,NA,United Artists,Based on Book/Short Story,Drama,Contemporary Fiction,NA,61,6.8,11929,1988
The Blue Butterfly,1610194,1610194,NA,10400000,Feb 20 2004,PG,NA,Alliance,Original Screenplay,Drama,Contemporary Fiction,NA,44,6.2,817,2004
Blade Runner,32656328,33139618,NA,28000000,Jun 25 1982,R,NA,Warner Bros.,Based on Book/Short Story,Thriller/Suspense,Science Fiction,Ridley Scott,92,8.3,185546,1982
The Blues Brothers,57229890,57229890,NA,27000000,Jun 20 1980,(Missing),NA,Universal,Original Screenplay,Musical,Contemporary Fiction,John Landis,84,7.9,62941,1980
Blow Out,13747234,13747234,NA,18000000,Jul 24 1981,(Missing),NA,Filmways Pictures,Original Screenplay,Thriller/Suspense,Contemporary Fiction,Brian De Palma,89,7.1,10239,1981
The Broadway Melody,2800000,4358000,NA,379000,Dec 31 1928,(Missing),NA,MGM,Original Screenplay,Musical,NA,NA,38,6.7,2017,1928
Bound,3802260,6300000,NA,4500000,Oct 04 1996,R,NA,Gramercy,Original Screenplay,Thriller/Suspense,Contemporary Fiction,Andy Wachowski,88,7.4,23564,1996
Bananas,NA,NA,NA,2000000,Apr 28 1971,PG-13,NA,MGM,Original Screenplay,Comedy,NA,Woody Allen,89,7.1,12415,1971
Bill & Ted's Bogus Journey,37537675,37537675,NA,20000000,Jul 19 1991,(Missing),NA,Orion Pictures,Original Screenplay,Comedy,Fantasy,Peter Hewitt,58,5.8,20188,1991
The Birth of a Nation,10000000,11000000,NA,110000,Feb 08 2015,(Missing),NA,NA,Based on Book/Short Story,Drama,NA,NA,100,7.1,8901,2015
The Ballad of Cable Hogue,3500000,5000000,NA,3716946,May 13 1970,(Missing),NA,Warner Bros.,Original Screenplay,Western,Historical Fiction,Sam Peckinpah,92,7.3,3125,1970
The Blood of My Brother: A Story of Death in Iraq,0,0,NA,120000,Jun 30 2006,(Missing),NA,Lifesize Entertainment,Based on Real Life Events,Documentary,Factual,NA,71,7.6,90,2006
Boomerang,70052444,131052444,NA,42000000,Jul 01 1992,(Missing),NA,Paramount Pictures,Original Screenplay,Comedy,Contemporary Fiction,NA,37,5.9,202,1992
The Bridge on the River Kwai,33300000,33300000,NA,3000000,Dec 18 1957,(Missing),NA,Sony/Columbia,Based on Book/Short Story,Drama,NA,David Lean,95,8.4,58641,1957
Born on the Fourth of July,70001698,70001698,NA,14000000,Dec 20 1989,(Missing),NA,Universal,Based on Book/Short Story,Drama,Dramatization,Oliver Stone,89,7.2,32108,1989
Basquiat,2962051,2962051,NA,3000000,Aug 09 1996,R,NA,Miramax,Based on Real Life Events,Drama,Dramatization,Julian Schnabel,69,6.7,7935,1996
Black Rain,45892212,45892212,NA,30000000,Sep 22 1989,(Missing),NA,Paramount Pictures,Original Screenplay,Thriller/Suspense,Contemporary Fiction,Ridley Scott,57,4.1,137,1989
Bottle Rocket,407488,407488,NA,5000000,Feb 21 1996,R,NA,Sony Pictures,Based on Short Film,Adventure,NA,Wes Anderson,79,7.2,21980,1996
The Bridges of Madison County,71516617,175516617,NA,22000000,Jun 02 1995,PG-13,NA,Warner Bros.,Based on Book/Short Story,Drama,Historical Fiction,Clint Eastwood,90,7.2,21923,1995
The Brothers McMullen,10426506,10426506,NA,25000,Aug 09 1995,R,NA,Fox Searchlight,Original Screenplay,Drama,Contemporary Fiction,Edward Burns,91,6.4,4365,1995
Broken Arrow,70645997,148345997,NA,65000000,Feb 09 1996,R,108,20th Century Fox,Original Screenplay,Action,Contemporary Fiction,John Woo,55,5.8,33584,1996
Brainstorm,8921050,8921050,NA,15000000,Sep 30 1983,(Missing),NA,MGM,Based on Book/Short Story,Thriller/Suspense,Science Fiction,NA,64,6.3,4410,1983
Braveheart,75545647,209000000,NA,72000000,May 24 1995,R,NA,Paramount Pictures,Based on Real Life Events,Drama,Dramatization,Mel Gibson,77,8.4,240642,1995
Brazil,9929135,9929135,NA,15000000,Dec 18 1985,R,136,Universal,Original Screenplay,Black Comedy,Fantasy,Terry Gilliam,98,8,76635,1985
Blazing Saddles,119500000,119500000,NA,2600000,Jan 01 1974,(Missing),NA,Warner Bros.,Original Screenplay,Comedy,NA,Mel Brooks,89,7.8,45771,1974
Bill & Ted's Excellent Adventure,39916091,39916091,NA,10000000,Feb 17 1989,(Missing),NA,Orion Pictures,Original Screenplay,Comedy,Science Fiction,Stephen Herek,81,6.7,30341,1989
A Bridge Too Far,50800000,50800000,NA,26000000,Jun 15 1977,(Missing),NA,MGM,Based on Book/Short Story,Action,NA,Sir Richard Attenborough,67,7.3,16882,1977
Batman Returns,162831698,266822354,NA,80000000,Jun 18 1992,PG-13,NA,Warner Bros.,Original Screenplay,Action,Super Hero,Tim Burton,78,6.9,78673,1992
Batman Forever,184031112,336529144,NA,100000000,Jun 16 1995,PG-13,NA,Warner Bros.,Original Screenplay,Action,Super Hero,Joel Schumacher,43,5.4,76218,1995
Batman,251188924,411348924,NA,35000000,Jun 23 1989,PG-13,NA,Warner Bros.,Based on Comic/Graphic Novel,Action,Super Hero,Tim Burton,71,7.6,111464,1989
Buffy the Vampire Slayer,14231669,14231669,NA,7000000,Jul 31 1992,(Missing),NA,20th Century Fox,Original Screenplay,Horror,Fantasy,NA,32,5.3,16056,1992
Beyond the Valley of the Dolls,9000000,9000000,NA,1000000,Jan 01 1970,(Missing),NA,20th Century Fox,Original Screenplay,Comedy,NA,NA,68,5.7,4626,1970
The Boys from Brazil,19000000,19000000,NA,12000000,Dec 31 1977,(Missing),NA,20th Century Fox,Based on Book/Short Story,Thriller/Suspense,NA,Franklin J. Schaffner,65,7,8741,1977
Caddyshack,39846344,39846344,NA,6000000,Jul 25 1980,(Missing),NA,Warner Bros.,Original Screenplay,Comedy,Contemporary Fiction,Harold Ramis,75,7.3,35436,1980
Cape Fear,79091969,182291969,NA,35000000,Nov 15 1991,R,NA,Universal,Remake,Thriller/Suspense,Contemporary Fiction,Martin Scorsese,76,7.3,47196,1991
Clear and Present Danger,122012656,207500000,NA,62000000,Aug 03 1994,PG-13,NA,Paramount Pictures,Based on Book/Short Story,Action,Contemporary Fiction,Phillip Noyce,78,6.8,29612,1994
Carrie,25878153,25878153,NA,1800000,Nov 16 1976,(Missing),NA,MGM,Based on Book/Short Story,Horror,Contemporary Fiction,Brian De Palma,90,7.4,38767,1976
Casino Royale,22744718,41744718,NA,12000000,Apr 28 1967,(Missing),NA,Sony Pictures,Based on Book/Short Story,Comedy,Contemporary Fiction,John Huston,30,8,172936,1967
The Cotton Club,25928721,25928721,NA,48000000,Dec 14 1984,(Missing),NA,Orion Pictures,Original Screenplay,Drama,Historical Fiction,Francis Ford Coppola,74,6.3,6940,1984
Crop Circles: Quest for Truth,0,0,NA,600000,Aug 23 2002,(Missing),NA,NA,NA,(Missing),NA,NA,60,7.1,153,2002
Close Encounters of the Third Kind,166000000,337700000,NA,20000000,Nov 16 1977,(Missing),NA,Sony Pictures,Original Screenplay,Adventure,Science Fiction,Steven Spielberg,95,7.8,59049,1977
The Cable Guy,60240295,102825796,NA,47000000,Jun 14 1996,PG-13,95,Sony Pictures,Original Screenplay,Comedy,Contemporary Fiction,Ben Stiller,52,5.8,51109,1996
Child's Play,33244684,44196684,NA,9000000,Nov 09 1988,(Missing),NA,United Artists,Original Screenplay,Horror,Fantasy,NA,70,6.3,16165,1988
Child's Play 2,26904572,34166572,NA,13000000,Nov 09 1990,(Missing),NA,Universal,Original Screenplay,Horror,Fantasy,NA,38,5.1,8666,1990
Chain Reaction,21226204,60209334,NA,55000000,Aug 02 1996,PG-13,106,20th Century Fox,Original Screenplay,Action,Contemporary Fiction,Andrew Davis,13,5.2,15817,1996
Chariots of Fire,57159946,57159946,NA,5500000,Sep 25 1981,(Missing),NA,Sony Pictures,Based on Real Life Events,Drama,Dramatization,Hugh Hudson,86,7.3,16138,1981
A Christmas Story,19294144,19294144,NA,3250000,Nov 18 1983,PG,NA,MGM,Based on Book/Short Story,Comedy,Historical Fiction,NA,88,8,51757,1983
Cat on a Hot Tin Roof,17570324,17570324,NA,3000000,Sep 20 1958,(Missing),NA,MGM,Based on Play,Drama,Contemporary Fiction,Richard Brooks,100,8,14540,1958
Crooklyn,13024170,13024170,NA,14000000,May 13 1994,PG-13,NA,Universal,Original Screenplay,Comedy,Historical Fiction,Spike Lee,75,6.5,3137,1994
Cleopatra,48000000,62000000,NA,36000000,Jun 12 1963,(Missing),NA,20th Century Fox,Based on Real Life Events,Drama,Dramatization,NA,40,6.8,7870,1963
Cliffhanger,84049211,255000000,NA,65000000,May 28 1993,(Missing),NA,Sony Pictures,Original Screenplay,Action,Contemporary Fiction,Renny Harlin,82,6.2,34447,1993
The Client,92115211,117615211,NA,45000000,Jul 20 1994,PG-13,NA,Warner Bros.,Based on Book/Short Story,Drama,Contemporary Fiction,Joel Schumacher,80,6.5,19299,1994
Clueless,56598476,56598476,NA,13700000,Jul 01 1995,PG-13,NA,Paramount Pictures,Based on Book/Short Story,Comedy,Contemporary Fiction,Amy Heckerling,83,6.7,39055,1995
The Color Purple,93589701,93589701,NA,15000000,Dec 18 1985,(Missing),NA,Warner Bros.,Based on Book/Short Story,Drama,Historical Fiction,Steven Spielberg,88,7.7,26962,1985
Clerks,3073428,3073428,NA,27000,Oct 19 1994,R,NA,Miramax,Original Screenplay,Comedy,Contemporary Fiction,Kevin Smith,88,7.9,89991,1994
Clash of the Titans,30000000,30000000,NA,15000000,Jun 12 1981,(Missing),108,MGM,Traditional/Legend/Fairytale,Adventure,Fantasy,NA,65,5.9,45773,1981
Commando,35073978,35073978,NA,10000000,Oct 04 1985,(Missing),NA,20th Century Fox,Original Screenplay,Action,Contemporary Fiction,NA,71,4.5,49,1985
The Color of Money,52293000,52293000,NA,10000000,Oct 17 1986,(Missing),NA,Walt Disney Pictures,NA,Drama,Contemporary Fiction,Martin Scorsese,91,6.9,25824,1986
Cinderella,85000000,85000000,NA,2900000,Feb 15 1950,(Missing),NA,Walt Disney Pictures,Traditional/Legend/Fairytale,Drama,Fantasy,NA,92,5.1,373,1950
Congo,81022333,152022333,NA,50000000,Jun 09 1995,PG-13,NA,Paramount Pictures,Based on Book/Short Story,Adventure,Contemporary Fiction,Frank Marshall,21,4.6,17954,1995
Conan the Barbarian,38264085,38264085,NA,20000000,May 14 1982,(Missing),NA,Universal,Based on Book/Short Story,Action,Fantasy,John Milius,76,6.8,38886,1982
Conan the Destroyer,26400000,26400000,NA,18000000,Jun 29 1984,(Missing),NA,Universal,Based on Book/Short Story,Action,Fantasy,Richard Fleischer,29,5.4,20368,1984
The Clan of the Cave Bear,1953732,1953732,NA,15000000,Jan 17 1986,(Missing),NA,Warner Bros.,Based on Book/Short Story,Adventure,Historical Fiction,NA,13,4.9,2763,1986
Coming Home,32653000,32653000,NA,3000000,Dec 31 1977,(Missing),NA,NA,NA,(Missing),NA,Hal Ashby,81,7.3,4410,1977
Cool Runnings,68856263,155056263,NA,14000000,Oct 01 1993,(Missing),NA,Walt Disney Pictures,Based on Real Life Events,Comedy,Contemporary Fiction,Jon Turteltaub,73,6.5,24533,1993
Conquest of the Planet of the Apes,9700000,9700000,NA,1700000,Dec 31 1971,(Missing),NA,NA,NA,(Missing),NA,Jack Lee Thompson,44,5.8,6188,1971
Crocodile Dundee,174803506,328000000,NA,5000000,Sep 26 1986,(Missing),NA,Paramount Pictures,Original Screenplay,Comedy,Contemporary Fiction,NA,88,6.5,27277,1986
Creepshow,20036244,20036244,NA,8000000,Nov 10 1982,(Missing),NA,Warner Bros.,Based on Book/Short Story,Horror,Fantasy,George A. Romero,67,6.5,12530,1982
Creepshow 2,14000000,14000000,NA,3500000,May 01 1987,(Missing),NA,New World,Based on Book/Short Story,Horror,Fantasy,NA,26,5.4,5910,1987
The Crying Game,62546695,62546695,NA,4000000,Nov 25 1992,R,NA,Miramax,Original Screenplay,Drama,Contemporary Fiction,Neil Jordan,100,7.3,21195,1992
Crimson Tide,91387195,159387195,NA,55000000,May 12 1995,R,NA,Walt Disney Pictures,Original Screenplay,Action,Contemporary Fiction,Tony Scott,86,7.2,33354,1995
Casablanca,10462500,10462500,NA,950000,Dec 31 1941,(Missing),NA,Warner Bros.,Based on Play,Drama,Historical Fiction,Michael Curtiz,97,8.8,167939,1941
Casino,42438300,110400000,NA,52000000,Nov 22 1995,R,NA,Universal,Based on Book/Short Story,Drama,Historical Fiction,Martin Scorsese,81,8.1,108634,1995
Casper,100328194,282300000,NA,55000000,May 26 1995,PG,NA,Universal,Based on TV,Comedy,Fantasy,Brad Silberling,41,5.7,26121,1995
Catch-22,24911670,24911670,NA,18000000,Jun 24 1970,(Missing),NA,Paramount Pictures,Based on Book/Short Story,Comedy,Historical Fiction,Mike Nichols,87,7.1,9671,1970
City Hall,20278055,20278055,NA,40000000,Feb 16 1996,R,111,Sony Pictures,Original Screenplay,Drama,Contemporary Fiction,Harold Becker,55,6.1,9908,1996
Cutthroat Island,10017322,10017322,NA,92000000,Dec 22 1995,PG-13,NA,MGM,Original Screenplay,Adventure,Historical Fiction,Renny Harlin,45,5.3,10346,1995
Cat People,4000000,8000000,NA,134000,Nov 16 2042,(Missing),NA,RKO Radio Pictures,Original Screenplay,Drama,Fantasy,NA,91,5.9,6791,2042
Courage Under Fire,59003384,100833145,NA,46000000,Jul 12 1996,R,115,20th Century Fox,Original Screenplay,Drama,Historical Fiction,Edward Zwick,85,6.6,19682,1996
The Conversation,4420000,4420000,NA,1600000,Apr 07 1974,(Missing),NA,Paramount Pictures,Original Screenplay,Thriller/Suspense,Contemporary Fiction,Francis Ford Coppola,98,8.1,33005,1974
Copycat,32051917,32051917,NA,20000000,Oct 27 1995,R,NA,Warner Bros.,Original Screenplay,Thriller/Suspense,Contemporary Fiction,Jon Amiel,75,6.5,17182,1995
Desperado,25532388,25532388,NA,7000000,Aug 25 1995,R,NA,Sony Pictures,Original Screenplay,Action,Contemporary Fiction,Robert Rodriguez,61,7,51515,1995
Diamonds Are Forever,43800000,116000000,NA,7200000,Dec 17 1971,(Missing),NA,MGM,Based on Book/Short Story,Action,NA,Guy Hamilton,67,6.7,25354,1971
Dante's Peak,67163857,178200000,NA,115000000,Feb 07 1997,PG-13,108,Universal,Original Screenplay,Drama,Contemporary Fiction,Roger Donaldson,28,5.6,23472,1997
Daylight,32908290,158908290,NA,80000000,Dec 06 1996,PG-13,115,Universal,Original Screenplay,Action,Contemporary Fiction,Rob Cohen,22,5.4,20052,1996
Dick Tracy,103738726,162738726,NA,47000000,Jun 15 1990,(Missing),NA,Walt Disney Pictures,Based on Comic/Graphic Novel,Action,Super Hero,Warren Beatty,65,5.9,25364,1990
The Addams Family,113502246,191502246,NA,30000000,Nov 22 1991,(Missing),NA,Paramount Pictures,Based on TV,Comedy,Fantasy,Barry Sonnenfeld,59,6.6,28907,1991
Death Becomes Her,58422650,149022650,NA,55000000,Jul 31 1992,(Missing),NA,Universal,Original Screenplay,Comedy,Fantasy,Robert Zemeckis,53,6,27681,1992
Dead Poets' Society,95860116,239500000,NA,16400000,Jun 02 1989,(Missing),NA,Walt Disney Pictures,Original Screenplay,Drama,Contemporary Fiction,Peter Weir,86,7.8,89662,1989
The Day the Earth Stood Still,3700000,3700000,NA,1200000,Mar 04 2003,(Missing),NA,NA,NA,(Missing),NA,NA,94,5.5,51517,2003
Dragonheart,51364680,104364680,NA,57000000,May 31 1996,PG-13,108,Universal,Original Screenplay,Adventure,Fantasy,Rob Cohen,50,6.2,26309,1996
Die Hard,81350242,139109346,NA,28000000,Jul 15 1988,(Missing),NA,20th Century Fox,Based on Book/Short Story,Action,Contemporary Fiction,John McTiernan,94,7.3,237,1988
Diner,12592907,12592907,NA,5000000,Apr 02 1982,(Missing),NA,MGM,Original Screenplay,Comedy,Historical Fiction,Barry Levinson,96,7.1,7803,1982
Don Juan DeMarco,22032635,22032635,NA,25000000,Apr 07 1995,PG-13,NA,New Line,Original Screenplay,Drama,Contemporary Fiction,NA,73,6.6,20386,1995
Dead Man Walking,39387284,83088295,NA,11000000,Dec 29 1995,R,NA,Gramercy,Based on Real Life Events,Drama,Dramatization,Tim Robbins,94,7.6,32159,1995
Dances with Wolves,184208842,424200000,NA,19000000,Nov 09 1990,(Missing),NA,Orion Pictures,Based on Book/Short Story,Western,Historical Fiction,Kevin Costner,76,8,71399,1990
Dangerous Liaisons,34700000,34700000,NA,14000000,Dec 21 1988,(Missing),NA,Warner Bros.,Based on Book/Short Story,Drama,Historical Fiction,Stephen Frears,93,7.7,25761,1988
Donovan's Reef,6600000,6600000,NA,2686000,Dec 31 1962,(Missing),NA,NA,NA,(Missing),NA,John Ford,60,6.6,2907,1962
Double Impact,29090445,29090445,NA,16000000,Aug 09 1991,(Missing),NA,Sony Pictures,Original Screenplay,Action,Contemporary Fiction,Sheldon Lettich,8,4.7,10426,1991
The Doors,34167219,34167219,NA,40000000,Mar 01 1991,(Missing),NA,Sony Pictures,Based on Real Life Events,Drama,Dramatization,Oliver Stone,57,7,29750,1991
Day of the Dead,5804262,34004262,NA,3500000,Jul 03 1985,(Missing),NA,United Film Distribution Co.,NA,Horror,NA,George A. Romero,78,4.5,8395,1985
Days of Thunder,82670733,157670733,NA,60000000,Jun 27 1990,(Missing),NA,Paramount Pictures,Original Screenplay,Action,Contemporary Fiction,Tony Scott,40,5.4,25395,1990
Death Race 2000,NA,NA,NA,300000,Apr 01 1975,R,NA,NA,Based on Book/Short Story,(Missing),Science Fiction,NA,84,6.1,10015,1975
Dragonslayer,6000000,6000000,NA,18000000,Jun 26 1981,(Missing),NA,Paramount Pictures,Original Screenplay,Action,Fantasy,NA,82,6.8,4945,1981
Driving Miss Daisy,106593296,106593296,NA,7500000,Dec 13 1989,(Missing),NA,Warner Bros.,Based on Play,Drama,Historical Fiction,Bruce Beresford,78,7.5,22566,1989
Dressed to Kill,31899000,31899000,NA,6500000,Jan 01 1980,(Missing),NA,NA,NA,(Missing),NA,Brian De Palma,84,7.1,9556,1980
Do the Right Thing,26004026,26004026,NA,6000000,Jun 30 1989,(Missing),NA,Universal,Original Screenplay,Comedy,Contemporary Fiction,Spike Lee,98,7.9,26877,1989
Dune,27447471,27447471,NA,45000000,Dec 14 1984,(Missing),NA,Universal,Based on Book/Short Story,Action,Science Fiction,David Lynch,62,6.5,38489,1984
Dream With The Fishes,542909,542909,NA,1000000,Jun 20 1997,R,NA,Sony Pictures Classics,Original Screenplay,Drama,Contemporary Fiction,NA,58,6.6,1188,1997
Doctor Zhivago,111721000,111721000,NA,11000000,Dec 22 1965,PG-13,NA,MGM,Based on Book/Short Story,Drama,Historical Fiction,David Lean,84,8,27671,1965
Ed and his Dead Mother,673,673,NA,1800000,Dec 31 1992,(Missing),NA,NA,NA,(Missing),NA,NA,50,5.6,829,1992
Edward Scissorhands,53976987,53976987,NA,20000000,Dec 07 1990,(Missing),NA,20th Century Fox,Original Screenplay,Comedy,Fantasy,Tim Burton,91,8,102485,1990
Ed Wood,5828466,5828466,NA,18000000,Sep 30 1994,R,NA,Walt Disney Pictures,Based on Book/Short Story,Comedy,Dramatization,Tim Burton,91,8.1,74171,1994
Everyone Says I Love You,9725847,34600000,NA,20000000,Dec 06 1996,R,NA,Miramax,Original Screenplay,Musical,Contemporary Fiction,Woody Allen,80,6.8,16481,1996
The Elephant Man,26010864,26010864,NA,5000000,Oct 03 1980,(Missing),NA,NA,NA,(Missing),NA,David Lynch,91,8.4,58194,1980
Escape from New York,25244700,25244700,NA,6000000,Jul 10 1981,(Missing),NA,Avco Embassy,Original Screenplay,Action,Science Fiction,John Carpenter,82,7.1,34497,1981
Escape from L.A.,25426861,25426861,NA,50000000,Aug 09 1996,R,101,Paramount Pictures,Original Screenplay,Action,Science Fiction,John Carpenter,56,5.3,23262,1996
Escape from the Planet of the Apes,12300000,12300000,NA,2500000,Dec 31 1970,(Missing),NA,NA,NA,(Missing),Science Fiction,NA,78,6.1,7686,1970
Eraser,101295562,234400000,NA,100000000,Jun 21 1996,R,115,Warner Bros.,Original Screenplay,Action,Contemporary Fiction,Chuck Russell,34,5.9,37287,1996
Eraserhead,7000000,7000000,NA,100000,Dec 31 1976,(Missing),NA,NA,NA,(Missing),NA,David Lynch,90,7.4,26595,1976
Exotica,5046118,5046118,NA,1500000,Sep 23 1994,R,NA,Miramax,Original Screenplay,Drama,Contemporary Fiction,Atom Egoyan,96,7.1,8402,1994
Force 10 from Navarone,7100000,7100000,NA,5000000,Dec 22 1978,(Missing),NA,Sony/Columbia,NA,Action,NA,Guy Hamilton,64,6,5917,1978
Fatal Attraction,156645693,320100000,NA,14000000,Sep 18 1987,(Missing),NA,Paramount Pictures,Original Screenplay,Thriller/Suspense,Contemporary Fiction,Adrian Lyne,81,6.8,22328,1987
Family Plot,13200000,13200000,NA,3000000,Apr 09 1976,(Missing),NA,Universal,NA,(Missing),NA,Alfred Hitchcock,95,6.8,7290,1976
The French Connection,41158757,41158757,NA,2200000,Oct 09 1971,(Missing),NA,NA,NA,(Missing),NA,William Friedkin,98,7.9,33674,1971
From Dusk Till Dawn,25728961,25728961,NA,20000000,Jan 19 1996,R,107,Miramax/Dimension,Original Screenplay,Horror,Fantasy,Robert Rodriguez,63,7.1,80234,1996
Friday the 13th,39754601,59754601,NA,550000,May 09 1980,(Missing),NA,Paramount Pictures,NA,Horror,NA,NA,60,5.6,26798,1980
Friday the 13th Part 3,36690067,36690067,NA,2250000,Aug 13 1982,(Missing),NA,Paramount Pictures,NA,Horror,Contemporary Fiction,Steve Miner,14,5.5,13395,1982
The Fall of the Roman Empire,4750000,4750000,NA,19000000,Jan 01 1964,(Missing),NA,NA,NA,(Missing),NA,NA,100,6.6,3184,1964
Friday the 13th Part 2,21722776,21722776,NA,1250000,Apr 30 1981,(Missing),NA,NA,NA,Horror,NA,Steve Miner,33,5.5,13395,1981
Faithful,2104439,2104439,NA,13000000,Apr 05 1996,R,NA,New Line,Based on Play,Black Comedy,Contemporary Fiction,Paul Mazursky,7,5.7,989,1996
Fair Game,11497497,11497497,NA,50000000,Nov 03 1995,R,NA,Warner Bros.,Based on Book/Short Story,Action,Contemporary Fiction,NA,13,6.6,194,1995
A Few Good Men,141340178,236500000,NA,33000000,Dec 11 1992,(Missing),NA,Sony Pictures,Based on Play,Drama,Contemporary Fiction,Rob Reiner,83,7.6,63541,1992
The Fugitive,183875760,368900000,NA,44000000,Aug 06 1993,PG-13,NA,Warner Bros.,Based on TV,Thriller/Suspense,Contemporary Fiction,Andrew Davis,94,7.8,96914,1993
From Here to Eternity,30500000,30500000,NA,1650000,Aug 05 1953,(Missing),NA,NA,NA,(Missing),NA,Fred Zinnemann,86,7.9,15115,1953
Flashdance,90463574,201463574,NA,7000000,Apr 15 1983,(Missing),NA,Paramount Pictures,Original Screenplay,Drama,Contemporary Fiction,Adrian Lyne,29,5.6,12485,1983
Fled,17192205,19892205,NA,30000000,Jul 19 1996,R,98,MGM,Original Screenplay,Action,Contemporary Fiction,NA,14,4.9,4215,1996
Flash Gordon,27107960,27107960,NA,35000000,Dec 05 1980,(Missing),NA,Universal,Based on Comic/Graphic Novel,Action,Science Fiction,NA,81,6.2,14894,1980
The Flintstones,130531208,358500000,NA,45000000,May 27 1994,PG,NA,Universal,Based on TV,Comedy,Historical Fiction,Brian Levant,20,4.6,26521,1994
Flatliners,61308153,61308153,NA,26000000,Aug 10 1990,R,NA,Sony Pictures,Original Screenplay,Thriller/Suspense,Science Fiction,Joel Schumacher,52,6.4,23295,1990
The Funeral,1212799,1412799,NA,12500000,Nov 01 1996,R,NA,October Films,Original Screenplay,Drama,Historical Fiction,Abel Ferrara,83,6.4,4084,1996
Fantasia,83320000,83320000,NA,2280000,Nov 13 2040,(Missing),NA,Walt Disney Pictures,Compilation,Musical,Multiple Creative Types,NA,98,7.8,29914,2040
The Fog,21378361,21378361,NA,1000000,Feb 01 1980,(Missing),NA,Avco Embassy,NA,Horror,NA,John Carpenter,69,3.3,15760,1980
Forrest Gump,329694499,679400525,NA,55000000,Jul 06 1994,PG-13,NA,Paramount Pictures,Based on Book/Short Story,Drama,Historical Fiction,Robert Zemeckis,70,8.6,300455,1994
Fortress,6730578,46730578,NA,12000000,Sep 03 1993,(Missing),NA,Miramax,Original Screenplay,Action,Science Fiction,NA,36,5.5,7026,1993
Fiddler on the Roof,80500000,80500000,NA,9000000,Jan 01 1971,(Missing),NA,United Artists,Based on Musical/Opera,Musical,Historical Fiction,Norman Jewison,88,7.7,14260,1971
The Front Page,15000000,15000000,NA,4000000,Dec 17 1974,(Missing),NA,Universal,Based on Play,Comedy,Contemporary Fiction,Billy Wilder,67,7.2,3875,1974
Friday,27467564,27936778,NA,3500000,Apr 26 1995,R,NA,New Line,Original Screenplay,Comedy,Contemporary Fiction,F. Gary Gray,77,7,21623,1995
Freeze Frame,0,91062,NA,2000000,Dec 10 2004,R,NA,First Look,Original Screenplay,Thriller/Suspense,Contemporary Fiction,NA,83,6.3,1723,2004
Firefox,45785720,45785720,NA,21000000,Jun 18 1982,(Missing),NA,Warner Bros.,Based on Book/Short Story,Action,Science Fiction,Clint Eastwood,42,5.6,9348,1982
Fargo,24567751,51204567,NA,7000000,Mar 08 1996,R,87,Gramercy,Based on Real Life Events,Thriller/Suspense,Contemporary Fiction,Joel Coen,94,8.3,165159,1996
First Knight,37361412,127361412,NA,75000000,Jul 07 1995,PG-13,NA,Sony Pictures,Traditional/Legend/Fairytale,Drama,Historical Fiction,Jerry Zucker,45,5.6,20928,1995
The Firm,158340892,270340892,NA,42000000,Jun 30 1993,R,NA,Paramount Pictures,Based on Book/Short Story,Thriller/Suspense,Contemporary Fiction,Sydney Pollack,76,5.5,957,1993
Frenzy,12600000,12600000,NA,3500000,Jun 21 1972,(Missing),NA,Universal,NA,(Missing),NA,Alfred Hitchcock,87,7.5,13093,1972
Footloose,80000000,80000000,NA,8200000,Feb 17 1984,(Missing),NA,Paramount Pictures,Original Screenplay,Musical,Contemporary Fiction,Herbert Ross,56,6,15626,1984
Fast Times at Ridgemont High,27092880,27092880,NA,4500000,Aug 13 1982,(Missing),NA,Universal,Based on Book/Short Story,Comedy,Contemporary Fiction,Amy Heckerling,80,7.2,31362,1982
The First Wives Club,105489203,181489203,NA,30000000,Sep 20 1996,PG,90,Paramount Pictures,Based on Book/Short Story,Comedy,Contemporary Fiction,Hugh Wilson,41,5.6,14682,1996
Flirting with Disaster,14853474,14853474,NA,7000000,Mar 22 1996,R,NA,Miramax,Original Screenplay,Comedy,Contemporary Fiction,David O. Russell,86,6.7,8474,1996
For Your Eyes Only,54800000,195300000,NA,28000000,Jun 26 1981,(Missing),NA,MGM,Based on Book/Short Story,Action,Contemporary Fiction,John Glen,71,6.8,23527,1981
The Ghost and the Darkness,38564422,38564422,NA,55000000,Oct 11 1996,R,109,Paramount Pictures,Based on Real Life Events,Action,Dramatization,Stephen Hopkins,51,6.6,19735,1996
Gallipoli,5732587,5732587,NA,3000000,Aug 28 1981,(Missing),NA,NA,NA,(Missing),NA,Peter Weir,86,7.7,14139,1981
Goodfellas,46743809,46743809,NA,25000000,Sep 19 1990,(Missing),NA,Warner Bros.,Based on Book/Short Story,Drama,Dramatization,Martin Scorsese,97,8.8,229156,1990
The Godfather,134966411,268500000,NA,7000000,Mar 15 1972,(Missing),NA,Paramount Pictures,NA,(Missing),Historical Fiction,Francis Ford Coppola,100,9.2,411088,1972
God's Army,2637726,2652515,NA,300000,Mar 10 2000,PG,NA,Excel Entertainment,Original Screenplay,Drama,Contemporary Fiction,NA,50,6.8,638,2000
The Great Escape,11744471,11744471,NA,4000000,Aug 08 1963,(Missing),NA,MGM,NA,(Missing),NA,John Sturges,91,8.4,62074,1963
Ghost,217631306,517600000,NA,22000000,Jul 13 1990,(Missing),NA,Paramount Pictures,Original Screenplay,Drama,Fantasy,Jerry Zucker,81,6.9,51125,1990
Girl 6,4880941,4880941,NA,12000000,Mar 22 1996,R,NA,Fox Searchlight,Original Screenplay,Comedy,Contemporary Fiction,Spike Lee,34,4.9,3348,1996
Goldeneye,106429941,356429941,NA,60000000,Nov 17 1995,PG-13,NA,MGM,Based on Book/Short Story,Action,Contemporary Fiction,Martin Campbell,80,7.2,69199,1995
The Glimmer Man,20404841,36404841,NA,45000000,Oct 04 1996,R,92,Warner Bros.,Original Screenplay,Action,Contemporary Fiction,NA,13,4.9,7230,1996
Glory,26593580,26593580,NA,18000000,Dec 14 1989,(Missing),NA,Sony Pictures,Based on Book/Short Story,Action,Dramatization,Edward Zwick,93,8,56427,1989
Gandhi,52767889,52767889,NA,22000000,Dec 08 1982,(Missing),NA,Sony Pictures,Based on Real Life Events,Drama,Dramatization,Sir Richard Attenborough,85,8.2,50881,1982
Gentleman's Agreement,7800000,7800000,NA,2000000,Dec 31 1946,(Missing),NA,NA,NA,(Missing),NA,Elia Kazan,83,7.4,4637,1946
Get on the Bus,5691854,5691854,NA,2400000,Oct 16 1996,R,NA,Sony Pictures,Based on Real Life Events,Drama,Historical Fiction,Spike Lee,87,6.7,2701,1996
The Golden Child,79817937,79817937,NA,12000000,Dec 12 1986,(Missing),NA,Paramount Pictures,Original Screenplay,Action,Fantasy,Michael Ritchie,26,5.4,14471,1986
Goldfinger,51100000,124900000,NA,3000000,Dec 22 1964,(Missing),NA,MGM,Based on Book/Short Story,Action,NA,Guy Hamilton,96,7.9,47095,1964
Groundhog Day,70906973,70906973,NA,14600000,Feb 12 1993,PG,NA,Sony/Columbia,Original Screenplay,Comedy,Fantasy,Harold Ramis,96,8.2,134964,1993
Gremlins,148168459,148168459,NA,11000000,Jun 08 1984,(Missing),NA,Warner Bros.,Original Screenplay,Comedy,Fantasy,Joe Dante,78,7,42163,1984
The Greatest Story Ever Told,15473333,15473333,NA,20000000,Feb 15 1965,G,NA,MGM,Based on Book/Short Story,Drama,NA,David Lean,39,6.3,3300,1965
The Greatest Show on Earth,36000000,36000000,NA,4000000,Jan 10 1952,(Missing),NA,NA,NA,(Missing),NA,NA,41,6.8,4264,1952
Get Shorty,72021008,115021008,NA,30250000,Oct 20 1995,R,NA,MGM,Based on Book/Short Story,Comedy,Contemporary Fiction,Barry Sonnenfeld,86,6.9,33364,1995
Gettysburg,10731997,10731997,NA,25000000,Oct 08 1993,(Missing),NA,New Line,NA,Drama,NA,NA,87,7.6,11215,1993
Gone with the Wind,198680470,390525192,NA,3900000,Dec 15 2039,G,222,MGM,Based on Book/Short Story,Drama,Historical Fiction,George Cukor,97,8.2,78947,2039
Happiness,2746453,5746453,NA,3000000,Oct 16 1998,Not Rated,NA,Good Machine Releasing,Original Screenplay,Comedy,Contemporary Fiction,Todd Solondz,84,6.5,64,1998
Harley Davidson and the Marlboro Man,7018525,7018525,NA,23000000,Aug 23 1991,(Missing),NA,MGM,Original Screenplay,Action,Science Fiction,Simon Wincer,27,5.3,6995,1991
Heavy Metal,19571091,19571091,NA,9300000,Aug 07 1981,(Missing),NA,Sony/Columbia,Based on Comic/Graphic Novel,Adventure,Science Fiction,NA,60,6,45,1981
Hell's Angels,NA,NA,NA,4000000,Dec 31 1929,(Missing),NA,NA,NA,(Missing),NA,NA,90,7.9,2050,1929
Hang 'em High,6800000,6800000,NA,1800000,Aug 03 1968,(Missing),NA,United Artists,Original Screenplay,Western,Historical Fiction,NA,93,6.9,10292,1968
Hellraiser,14564000,14564000,NA,1000000,Sep 18 1987,(Missing),NA,New World,Based on Book/Short Story,Horror,Fantasy,NA,63,7,22442,1987
Highlander,5900000,12900000,NA,16000000,Mar 07 1986,R,NA,20th Century Fox,Original Screenplay,Action,Fantasy,Russell Mulcahy,66,7.2,40802,1986
How Green Was My Valley,0,0,NA,1250000,Oct 28 2041,(Missing),NA,20th Century Fox,Based on Book/Short Story,(Missing),NA,John Ford,88,7.9,7420,2041
High Noon,8000000,8000000,NA,730000,Dec 31 1951,(Missing),NA,NA,NA,(Missing),NA,Fred Zinnemann,95,8.3,34163,1951
Halloween II,25533818,25533818,NA,2500000,Oct 30 1981,(Missing),NA,Universal,NA,Horror,Contemporary Fiction,Rick Rosenthal,27,4.9,12197,1981
Halloween 4: The Return of Michael Myers,17768757,17768757,NA,5000000,Oct 01 1988,(Missing),NA,Universal,NA,Horror,Fantasy,Dwight H. Little,23,5.6,11079,1988
Halloween,47000000,70000000,NA,325000,Oct 17 1978,(Missing),NA,NA,NA,Horror,NA,John Carpenter,93,6,39866,1978
Home Alone 2: Lost in New York,173585516,358994850,NA,20000000,Nov 20 1992,PG,NA,20th Century Fox,Original Screenplay,Comedy,Contemporary Fiction,Chris Columbus,21,5.8,51408,1992
Home Alone,285761243,476684675,NA,15000000,Nov 16 1990,PG,NA,20th Century Fox,Original Screenplay,Comedy,Contemporary Fiction,Chris Columbus,47,7,79080,1990
The Hotel New Hampshire,5142858,5142858,NA,7500000,Mar 09 1984,(Missing),NA,Orion Pictures,Based on Book/Short Story,Drama,Contemporary Fiction,NA,69,5.8,4387,1984
Henry V,10161099,10161099,NA,9000000,Nov 08 1989,PG-13,NA,Goldwyn Entertainment,Based on Play,Action,Historical Fiction,Kenneth Branagh,100,7.9,14499,1989
Hook,119654823,300854823,NA,70000000,Dec 11 1991,(Missing),NA,Sony Pictures,Based on Book/Short Story,Adventure,Kids Fiction,Steven Spielberg,24,6.2,60159,1991
House Party 2,19438638,19438638,NA,5000000,Oct 23 1991,(Missing),NA,New Line,Original Screenplay,Comedy,Contemporary Fiction,NA,25,4.3,1596,1991
Hocus Pocus,39360491,39360491,NA,28000000,Jul 16 1993,(Missing),NA,Walt Disney Pictures,Original Screenplay,Comedy,Fantasy,NA,29,6,15893,1993
The Howling,17985000,17985000,NA,1000000,Apr 10 1981,(Missing),NA,NA,NA,(Missing),NA,Joe Dante,60,6.5,8731,1981
Hoop Dreams,7768371,11768371,NA,700000,Oct 14 1994,PG-13,NA,Fine Line,Based on Real Life Events,Documentary,Factual,NA,98,8,9492,1994
Happy Gilmore,38623460,38623460,NA,10000000,Feb 16 1996,PG-13,92,Universal,Original Screenplay,Comedy,Contemporary Fiction,Dennis Dugan,58,6.9,54111,1996
The Hudsucker Proxy,2816518,14938149,NA,40000000,Mar 11 1994,PG,NA,Warner Bros.,Original Screenplay,Comedy,NA,Joel Coen,58,7.4,32344,1994
A Hard Day's Night,12299668,12299668,NA,560000,Aug 11 1964,(Missing),NA,Universal,Original Screenplay,Comedy,Contemporary Fiction,NA,100,7.6,15291,1964
The Hunt for Red October,120709866,200500000,NA,30000000,Mar 02 1990,(Missing),NA,Paramount Pictures,Based on Book/Short Story,Thriller/Suspense,Historical Fiction,John McTiernan,95,7.6,55202,1990
Harriet the Spy,26570048,26570048,NA,13000000,Jul 10 1996,PG,101,Paramount Pictures,Based on Book/Short Story,Adventure,Kids Fiction,NA,45,5.8,2963,1996
The Hustler,7600000,7600000,NA,2000000,Sep 25 1961,(Missing),NA,NA,NA,(Missing),NA,NA,97,8.1,25385,1961
Hud,10000000,10000000,NA,2500000,May 29 1963,(Missing),NA,NA,NA,(Missing),NA,Martin Ritt,79,3.4,93,1963
Hudson Hawk,17218916,17218916,NA,65000000,May 24 1991,(Missing),NA,Sony Pictures,Original Screenplay,Action,Contemporary Fiction,Michael Lehmann,20,5.3,21920,1991
House of Wax,23800000,23800000,NA,658000,Apr 10 1953,R,NA,NA,NA,(Missing),NA,NA,94,5.4,32159,1953
Howard the Duck,16295774,16295774,NA,30000000,Aug 01 1986,(Missing),NA,Universal,Based on Comic/Graphic Novel,Action,Science Fiction,NA,16,4.1,16051,1986
High Anxiety,31063038,31063038,NA,3400000,Dec 23 1977,(Missing),NA,NA,NA,(Missing),NA,Mel Brooks,73,6.5,7025,1977
It's a Wonderful Life,6600000,6600000,19339789,3180000,Dec 31 1945,(Missing),NA,NA,NA,(Missing),NA,Frank Capra,94,8.7,101499,1945
The Ice Pirates,13075390,13075390,NA,9000000,Mar 16 1984,(Missing),NA,MGM/UA Classics,Original Screenplay,Comedy,Science Fiction,NA,11,5.1,3600,1984
Independence Day,306169255,817400878,NA,75000000,Jul 02 1996,PG-13,145,20th Century Fox,Original Screenplay,Adventure,Science Fiction,Roland Emmerich,61,6.5,149493,1996
The Island of Dr. Moreau,27682712,27682712,NA,40000000,Aug 23 1996,PG-13,95,New Line,Based on Book/Short Story,Adventure,Science Fiction,John Frankenheimer,23,4.1,13770,1996
Iraq for Sale: The War Profiteers,0,0,NA,775000,Sep 08 2006,(Missing),NA,NA,Based on Real Life Events,Documentary,Factual,NA,100,7.8,854,2006
The Indian in the Cupboard,35627222,35627222,NA,45000000,Jul 14 1995,PG,NA,Paramount Pictures,Based on Book/Short Story,Adventure,Kids Fiction,Frank Oz,68,5.7,4836,1995
In Cold Blood,13000000,13000000,NA,3500000,Dec 31 1966,(Missing),NA,NA,NA,(Missing),NA,Richard Brooks,88,8.1,10562,1966
In the Company of Men,2883661,2883661,NA,25000,Aug 01 1997,R,NA,Sony Pictures Classics,Based on Play,Drama,Contemporary Fiction,Neil LaBute,89,7.2,7601,1997
The Inkwell,8864699,8864699,NA,8000000,Apr 22 1994,R,NA,Walt Disney Pictures,Original Screenplay,Comedy,Historical Fiction,NA,29,5.7,542,1994
Invaders from Mars,4884663,4984663,NA,12000000,Jun 06 1986,(Missing),NA,Cannon,Remake,Horror,Science Fiction,Tobe Hooper,27,5,1933,1986
In the Heat of the Night,24379978,24379978,NA,2000000,Aug 02 1967,(Missing),NA,MGM,NA,(Missing),NA,Norman Jewison,96,8.1,22429,1967
Jack,58617334,58617334,NA,45000000,Aug 09 1996,PG-13,113,Walt Disney Pictures,Original Screenplay,Drama,Contemporary Fiction,Francis Ford Coppola,17,5.3,17267,1996
Jade,9812870,9812870,NA,50000000,Oct 13 1995,R,NA,Paramount Pictures,Original Screenplay,Thriller/Suspense,Contemporary Fiction,William Friedkin,16,4.8,5279,1995
Jingle All the Way,60592389,129832389,NA,60000000,Nov 22 1996,PG,89,20th Century Fox,Original Screenplay,Comedy,Kids Fiction,Brian Levant,16,4.9,22928,1996
Judge Dredd,34687912,113487912,NA,85000000,Jun 30 1995,R,NA,Walt Disney Pictures,Based on Comic/Graphic Novel,Action,Science Fiction,NA,15,4.9,30736,1995
The Jerky Boys,7555256,7555256,NA,4000000,Feb 03 1995,R,NA,Walt Disney Pictures,Original Screenplay,Comedy,Contemporary Fiction,NA,10,3.9,1481,1995
Jefferson in Paris,2461628,2461628,NA,14000000,Mar 31 1995,PG-13,NA,Walt Disney Pictures,Based on Real Life Events,Drama,Dramatization,James Ivory,36,5.6,1464,1995
JFK,70405498,205400000,NA,40000000,Dec 20 1991,R,NA,Warner Bros.,Based on Book/Short Story,Drama,Dramatization,Oliver Stone,83,8,59684,1991
Journey from the Fall,635305,635305,NA,1300000,Mar 23 2007,R,NA,Imaginasian,Original Screenplay,Drama,Historical Fiction,NA,92,7.2,586,2007
Jumanji,100458310,262758310,NA,65000000,Dec 15 1995,PG,NA,Sony Pictures,Based on Book/Short Story,Adventure,Fantasy,Joe Johnston,48,6.4,54973,1995
The Juror,22730924,22730924,NA,44000000,Feb 02 1996,R,120,Sony Pictures,Based on Book/Short Story,Thriller/Suspense,Contemporary Fiction,NA,16,5.3,6482,1996
Jurassic Park,357067947,923067947,NA,63000000,Jun 10 1993,PG-13,NA,Universal,Based on Book/Short Story,Action,Science Fiction,Steven Spielberg,87,7.9,151365,1993
Jaws,260000000,470700000,NA,12000000,Jun 20 1975,PG,NA,Universal,Based on Book/Short Story,Horror,Contemporary Fiction,Steven Spielberg,100,8.3,138017,1975
Jaws 2,102922376,208900376,NA,20000000,Jun 16 1978,PG,NA,Universal,Based on Book/Short Story,Horror,Contemporary Fiction,NA,56,5.6,18793,1978
Kabhi Alvida Naa Kehna,3275443,32575443,NA,10750000,Aug 11 2006,Not Rated,NA,Yash Raj Films,Original Screenplay,Drama,Contemporary Fiction,NA,67,5.6,4128,2006
Kids,7412216,20412216,NA,1500000,Jul 21 1995,Not Rated,90,Shining Excalibur,Original Screenplay,Drama,Contemporary Fiction,NA,50,6.7,26122,1995
Kingpin,25023424,32223424,NA,25000000,Jul 26 1996,R,113,MGM,Original Screenplay,Comedy,Contemporary Fiction,Bobby Farrelly,51,6.7,28404,1996
Kindergarten Cop,91457688,202000000,NA,26000000,Dec 21 1990,(Missing),NA,Universal,Original Screenplay,Comedy,Contemporary Fiction,Ivan Reitman,50,5.8,40433,1990
King Kong,52614445,90614445,NA,23000000,Dec 17 1976,(Missing),NA,NA,NA,(Missing),NA,John Guillermin,46,7.6,132720,1976
Kiss of Death,14942422,14942422,NA,40000000,Apr 21 1995,R,NA,20th Century Fox,Remake,Drama,Contemporary Fiction,Barbet Schroeder,67,7.6,2374,1995
Kingdom of the Spiders,17000000,17000000,NA,500000,Dec 31 1976,(Missing),NA,NA,NA,(Missing),NA,NA,44,5.7,1463,1976
Krrish,1430721,32430721,NA,10000000,Jun 23 2006,Not Rated,NA,AdLab Films,Original Screenplay,Action,Science Fiction,NA,100,6.1,2735,2006
Kansas City,1353824,1353824,NA,19000000,Aug 16 1996,R,NA,New Line,Original Screenplay,Drama,Historical Fiction,Robert Altman,58,6,2397,1996
The Last Emperor,43984000,43984000,NA,25000000,Nov 20 1987,(Missing),NA,Sony/Columbia,Based on Book/Short Story,Drama,Dramatization,Bernardo Bertolucci,91,7.9,24262,1987
Last Action Hero,50016394,137298489,NA,85000000,Jun 18 1993,(Missing),NA,Sony Pictures,Original Screenplay,Action,Fantasy,John McTiernan,38,5.9,43171,1993
Live and Let Die,35400000,161800000,NA,7000000,Jun 27 1973,(Missing),NA,MGM,Based on Book/Short Story,Action,NA,Guy Hamilton,64,6.8,24044,1973
The Land Before Time,48092846,81972846,NA,12300000,Nov 18 1988,(Missing),NA,Universal,Original Screenplay,Adventure,Historical Fiction,Don Bluth,71,6.9,14017,1988
The Longest Day,39100000,50100000,NA,10000000,Oct 04 1962,(Missing),NA,20th Century Fox,Based on Real Life Events,Action,Dramatization,NA,92,7.8,17712,1962
The Living Daylights,51185000,191200000,NA,40000000,Jul 31 1987,(Missing),NA,MGM,Based on Book/Short Story,Action,Contemporary Fiction,John Glen,73,6.7,23735,1987
Ladyhawke,18400000,18400000,NA,20000000,Apr 12 1985,(Missing),NA,Warner Bros.,Original Screenplay,Action,Fantasy,Richard Donner,63,6.7,15260,1985
Legal Eagles,49851591,49851591,NA,40000000,Jun 18 1986,(Missing),NA,Universal,Original Screenplay,Comedy,Contemporary Fiction,Ivan Reitman,50,5.6,4471,1986
The Last House on the Left,3100000,3100000,NA,87000,Aug 30 1972,R,NA,NA,NA,(Missing),NA,NA,63,6.7,22141,1972
Lifeforce,11603545,11603545,NA,25000000,Jun 21 1985,(Missing),NA,Sony/TriStar,Based on Book/Short Story,Horror,Science Fiction,Tobe Hooper,57,5.8,5727,1985
Lady in White,1705139,1705139,NA,4700000,Apr 22 1988,(Missing),NA,New Century Vista Film Company,Original Screenplay,Horror,Fantasy,NA,73,6.6,2221,1988
The Long Kiss Goodnight,33447612,33447612,NA,65000000,Oct 11 1996,R,120,New Line,Original Screenplay,Action,Contemporary Fiction,Renny Harlin,69,6.6,28257,1996
Elmer Gantry,10400000,10400000,NA,3000000,Dec 31 1959,(Missing),NA,NA,NA,(Missing),NA,Richard Brooks,96,7.8,4185,1959
Aliens,85160248,183316455,NA,17000000,Jul 18 1986,R,137,20th Century Fox,Original Screenplay,Action,Science Fiction,James Cameron,100,7.5,84,1986
Alien³,54927174,158500000,NA,55000000,May 22 1992,R,NA,20th Century Fox,Original Screenplay,Action,Science Fiction,David Fincher,37,6.3,78860,1992
The Lion King,328539505,783839505,NA,79300000,Jun 15 1994,G,NA,Walt Disney Pictures,Original Screenplay,Adventure,Kids Fiction,Rob Minkoff,92,8.2,136503,1994
Love and Death,20123742,20123742,NA,3000000,Jun 10 1975,(Missing),NA,MGM,Original Screenplay,Comedy,NA,Woody Allen,100,7.6,12111,1975
The Last of the Mohicans,72455275,72455275,NA,40000000,Sep 25 1992,(Missing),NA,20th Century Fox,Based on Book/Short Story,Action,Historical Fiction,Michael Mann,97,7.8,45410,1992
Love Me Tender,9000000,9000000,NA,1000000,Dec 31 1955,(Missing),NA,NA,NA,(Missing),NA,NA,38,5.9,1301,1955
The Long Riders,15198912,15198912,NA,10000000,May 16 1980,(Missing),NA,United Artists,Original Screenplay,Action,Historical Fiction,Walter Hill,79,7.1,3791,1980
The Loss of Sexual Innocence,399793,399793,NA,4000000,May 28 1999,(Missing),NA,Sony Pictures,NA,(Missing),NA,Mike Figgis,45,4.9,2263,1999
Legends of the Fall,66502573,66502573,NA,30000000,Dec 23 1994,R,NA,Sony Pictures,Based on Book/Short Story,Drama,Historical Fiction,Edward Zwick,63,7.1,39815,1994
A League of Their Own,107533925,132440066,NA,40000000,Jul 01 1992,(Missing),NA,Sony Pictures,Original Screenplay,Comedy,Historical Fiction,Penny Marshall,81,6.9,33426,1992
The Lost Weekend,11000000,11000000,NA,1250000,Dec 31 1944,(Missing),NA,NA,NA,(Missing),NA,Billy Wilder,100,8.2,11864,1944
Logan's Run,25000000,25000000,NA,7000000,Dec 31 1975,(Missing),NA,NA,NA,(Missing),Science Fiction,NA,70,6.7,14947,1975
Light Sleeper,1050861,1050861,NA,5000000,Sep 21 1992,(Missing),NA,NA,NA,(Missing),NA,NA,94,6.7,1986,1992
Little Shop of Horrors,38747385,38747385,NA,30000000,Dec 19 1986,(Missing),NA,Warner Bros.,Remake,Musical,Fantasy,Frank Oz,91,6.6,21521,1986
Lone Star,12961389,12961389,NA,5000000,Jun 21 1996,R,NA,Sony Pictures Classics,Original Screenplay,Drama,Contemporary Fiction,John Sayles,92,7.6,14599,1996
Lethal Weapon,65192350,120192350,NA,15000000,Mar 06 1987,(Missing),NA,Warner Bros.,Original Screenplay,Action,Contemporary Fiction,Richard Donner,90,7.6,54994,1987
Lethal Weapon 3,144731527,319700000,NA,35000000,May 15 1992,R,NA,Warner Bros.,Original Screenplay,Action,Contemporary Fiction,Richard Donner,56,6.5,39735,1992
Little Voice,4595000,4595000,NA,6000000,Dec 04 1998,R,NA,Miramax,Based on Play,Musical,Contemporary Fiction,NA,83,6.9,8453,1998
The Last Temptation of Christ,8373585,8373585,NA,7000000,Aug 12 1988,(Missing),NA,Universal,Based on Book/Short Story,Drama,Historical Fiction,Martin Scorsese,83,7.5,20934,1988
Leaving Las Vegas,31983777,49800000,NA,4000000,Oct 27 1995,R,NA,MGM,Based on Book/Short Story,Drama,Contemporary Fiction,Mike Figgis,89,7.6,42131,1995
The Lawnmower Man,32100816,32100816,NA,10000000,Mar 06 1992,(Missing),NA,New Line,Original Screenplay,Action,Science Fiction,NA,47,5.1,12607,1992
Little Women,50003303,50003303,NA,15000000,Dec 21 1994,PG,NA,Sony Pictures,Based on Book/Short Story,Drama,Historical Fiction,NA,89,7.1,16514,1994
Lawrence of Arabia,37495385,69995385,NA,15000000,Dec 16 1962,(Missing),NA,Sony Pictures,Based on Book/Short Story,Adventure,Dramatization,David Lean,98,8.6,79421,1962
Menace II Society,27731527,27731527,NA,3500000,May 26 1993,R,NA,New Line,Original Screenplay,Action,Contemporary Fiction,Albert Hughes,85,7.4,14807,1993
Much Ado About Nothing,22549338,22549338,NA,8000000,May 07 1993,(Missing),NA,Goldwyn Entertainment,Based on Play,Drama,Historical Fiction,Kenneth Branagh,90,7.4,22470,1993
Major Dundee,14873,14873,NA,3800000,Apr 07 1965,PG-13,NA,Sony Pictures,Based on Book/Short Story,Western,Historical Fiction,NA,97,6.7,2588,1965
Malcolm X,48169910,48169910,NA,35000000,Nov 18 1992,(Missing),NA,Warner Bros.,Based on Book/Short Story,Drama,Dramatization,Spike Lee,90,7.7,23062,1992
Mary Poppins,102300000,102300000,NA,6000000,Aug 26 1964,(Missing),NA,NA,NA,Musical,NA,NA,100,7.7,34302,1964
Mary Reilly,5707094,6370115,NA,47000000,Feb 23 1996,R,NA,Sony Pictures,Based on Book/Short Story,Drama,Historical Fiction,Stephen Frears,27,5.5,6864,1996
Maximum Risk,14102929,51702929,NA,25000000,Sep 13 1996,R,NA,Sony Pictures,Original Screenplay,Action,Contemporary Fiction,NA,29,4.9,7064,1996
The Mask,119920129,343900000,NA,18000000,Jul 29 1994,PG-13,NA,New Line,Based on Comic/Graphic Novel,Comedy,Fantasy,Chuck Russell,75,6.6,72981,1994
Mars Attacks!,37771017,101371017,NA,80000000,Dec 13 1996,PG-13,110,Warner Bros.,Original Screenplay,Comedy,Science Fiction,Tim Burton,50,6.3,76396,1996
Mo' Better Blues,16153000,16153000,NA,10000000,Aug 03 1990,(Missing),NA,Universal,Original Screenplay,Drama,Contemporary Fiction,Spike Lee,72,6.3,4210,1990
Moby Dick,10400000,10400000,NA,4500000,Dec 31 1955,(Missing),NA,NA,Based on Book/Short Story,Adventure,Historical Fiction,John Huston,67,7.4,5969,1955
Michael Jordan to the MAX,18642318,18642318,NA,7000000,May 05 2000,Not Rated,46,Giant Screen Films,Based on Real Life Events,Documentary,Factual,NA,64,7.2,746,2000
Michael Collins,11092559,27572844,NA,25000000,Oct 11 1996,R,NA,Warner Bros.,Based on Real Life Events,Drama,Dramatization,Neil Jordan,77,6.9,11805,1996
My Cousin Vinny,52929168,52929168,NA,11000000,Mar 13 1992,(Missing),NA,20th Century Fox,Original Screenplay,Comedy,Contemporary Fiction,NA,86,7.3,30524,1992
Medicine Man,44948240,44948240,NA,40000000,Feb 07 1992,(Missing),87,Walt Disney Pictures,Original Screenplay,Drama,Contemporary Fiction,John McTiernan,22,5.7,9307,1992
Amadeus,51973029,51973029,NA,18000000,Sep 19 1984,R,NA,Warner Bros.,Based on Play,Drama,Dramatization,Milos Forman,96,8.4,96997,1984
Modern Times,163245,163245,NA,1500000,Feb 05 2036,(Missing),NA,Kino International,NA,Comedy,NA,NA,100,8.5,35773,2036
The Mighty Ducks,50752337,50752337,NA,10000000,Oct 02 1992,PG,NA,Walt Disney Pictures,Original Screenplay,Comedy,Contemporary Fiction,Stephen Herek,8,5.9,15479,1992
A Man for All Seasons,28350000,28350000,NA,3900000,Dec 12 1966,(Missing),NA,Sony Pictures,NA,(Missing),NA,Fred Zinnemann,85,8.1,12460,1966
The Mirror Has Two Faces,41267469,41267469,NA,42000000,Nov 15 1996,PG-13,127,Sony Pictures,Original Screenplay,Romantic Comedy,Contemporary Fiction,Barbra Streisand,54,6,6055,1996
Midnight Cowboy,44785053,44785053,NA,3600000,May 25 1969,R,NA,MGM,NA,(Missing),NA,John Schlesinger,90,8,34053,1969
Midnight Run,38413606,81613606,NA,30000000,Jul 20 1988,(Missing),NA,Universal,Original Screenplay,Action,Contemporary Fiction,Martin Brest,96,7.5,24104,1988
Major League,49793054,49793054,NA,11000000,Apr 07 1989,(Missing),NA,Paramount Pictures,Original Screenplay,Comedy,Contemporary Fiction,NA,84,6.9,20798,1989
The Molly Maguires,2200000,2200000,NA,11000000,Dec 31 1969,PG,NA,NA,NA,(Missing),NA,Martin Ritt,89,6.8,1304,1969
Malevolence,126021,257516,NA,200000,Sep 10 2004,R,NA,Painted Zebra Releasing,Original Screenplay,Horror,NA,NA,31,5,248,2004
The Man From Snowy River,20659423,20659423,NA,5000000,Nov 03 1982,(Missing),NA,20th Century Fox,Original Screenplay,Drama,Historical Fiction,George Miller,80,7,3101,1982
Men with Brooms,4239767,4239767,NA,7500000,Mar 08 2002,R,NA,Artisan,Original Screenplay,Comedy,Contemporary Fiction,NA,63,5.8,2559,2002
Mutiny on The Bounty,13680000,13680000,NA,19000000,Nov 08 1962,(Missing),NA,MGM,NA,(Missing),NA,NA,69,7.9,7608,1962
Mommie Dearest,19032000,25032000,NA,5000000,Sep 18 1981,(Missing),NA,Paramount Pictures,Based on Book/Short Story,Drama,Dramatization,Frank Perry,57,6.3,4905,1981
Memoirs of an Invisible Man,14358033,14358033,NA,40000000,Feb 28 1992,(Missing),NA,Warner Bros.,Based on Book/Short Story,Comedy,Science Fiction,John Carpenter,24,5.8,8522,1992
My Own Private Idaho,6401336,6401336,NA,2500000,Sep 29 1991,(Missing),NA,Fine Line,Based on Book/Short Story,Black Comedy,Contemporary Fiction,Gus Van Sant,84,7,17604,1991
Moonraker,70300000,210300000,NA,31000000,Jun 29 1979,(Missing),NA,MGM,Based on Book/Short Story,Action,Contemporary Fiction,NA,64,6.1,26760,1979
Money Train,35324232,77224232,NA,68000000,Nov 22 1995,R,NA,Sony Pictures,Original Screenplay,Action,Contemporary Fiction,Joseph Ruben,17,5.2,13972,1995
Metropolitan,2938000,2938000,NA,430000,Aug 03 1990,(Missing),NA,NA,NA,(Missing),NA,Whit Stillman,88,7.2,3355,1990
Mallrats,2108367,2108367,NA,6100000,Oct 20 1995,R,NA,Gramercy,Original Screenplay,Comedy,Contemporary Fiction,Kevin Smith,53,7.1,52807,1995
American Desi,902835,1366235,NA,250000,Mar 16 2001,Not Rated,NA,Eros Entertainment,Original Screenplay,Romantic Comedy,Contemporary Fiction,NA,42,6.7,1047,2001
Mrs. Winterbourne,10039566,10039566,NA,25000000,Apr 19 1996,PG-13,NA,Sony Pictures,Based on Book/Short Story,Romantic Comedy,Contemporary Fiction,Richard Benjamin,7,5.8,2987,1996
Mrs. Doubtfire,219195051,441286003,NA,25000000,Nov 24 1993,PG-13,NA,20th Century Fox,Based on Book/Short Story,Comedy,Contemporary Fiction,Chris Columbus,64,6.6,56917,1993
Mr. Smith Goes To Washington,9000000,9000000,NA,1500000,Dec 31 1938,(Missing),NA,Sony/Columbia,Original Screenplay,Drama,NA,Frank Capra,97,8.2,33315,1938
Mortal Kombat,70433227,122133227,NA,20000000,Aug 18 1995,PG-13,NA,New Line,Based on Game,Action,Fantasy,Paul Anderson,35,5.4,29605,1995
The Misfits,8200000,8200000,NA,4000000,Dec 31 1960,(Missing),NA,NA,NA,(Missing),NA,John Huston,100,7.4,6351,1960
My Stepmother Is an Alien,13854000,13854000,NA,16000000,Dec 09 1988,(Missing),NA,Sony Pictures,Original Screenplay,Comedy,Science Fiction,Richard Benjamin,13,4.8,9073,1988
The Man Who Shot Liberty Valance,8000000,8000000,NA,3200000,Jan 01 1962,(Missing),NA,NA,NA,(Missing),NA,John Ford,97,8.1,22681,1962
Meteor,8400000,8400000,NA,16000000,Dec 31 1978,(Missing),NA,NA,NA,(Missing),NA,Ronald Neame,9,4.7,2969,1978
Multiplicity,20133326,20133326,NA,45000000,Jul 17 1996,PG-13,117,Sony Pictures,Based on Book/Short Story,Comedy,Science Fiction,Harold Ramis,44,5.7,11935,1996
The Muppet Christmas Carol,27281507,27281507,NA,12000000,Dec 11 1992,(Missing),NA,Walt Disney Pictures,Based on TV,Comedy,NA,NA,67,7.5,10853,1992
The Man with the Golden Gun,21000000,97600000,NA,7000000,Dec 20 1974,(Missing),NA,MGM,Based on Book/Short Story,Action,NA,Guy Hamilton,52,6.7,22431,1974
My Fair Lady,72000000,72000000,NA,17000000,Oct 22 1964,(Missing),NA,NA,Based on Musical/Opera,Musical,Historical Fiction,George Cukor,94,7.9,28039,1964
Mystic Pizza,12793213,12793213,NA,6000000,Oct 21 1988,(Missing),NA,Samuel Goldwyn Films,Original Screenplay,Comedy,Contemporary Fiction,Donald Petrie,82,5.9,8413,1988
Indiana Jones and the Temple of Doom,179880271,333080271,18998388,28000000,May 23 1984,(Missing),NA,Paramount Pictures,Original Screenplay,Adventure,Historical Fiction,Steven Spielberg,85,7.5,110761,1984
Indiana Jones and the Last Crusade,197171806,474171806,18740425,48000000,May 24 1989,(Missing),NA,Paramount Pictures,Original Screenplay,Adventure,Historical Fiction,Steven Spielberg,89,8.3,171572,1989
Nighthawks,14600000,19600000,NA,5000000,Apr 10 1981,(Missing),NA,Universal,Original Screenplay,Action,Contemporary Fiction,NA,71,6.3,5649,1981
The English Patient,78716374,231716374,NA,35000000,Nov 15 1996,R,160,Miramax,Based on Book/Short Story,Drama,Historical Fiction,Anthony Minghella,83,7.3,54484,1996
Night of the Living Dead,12000000,30000000,NA,114000,Oct 01 1968,Not Rated,NA,Walter Reade Organization,Original Screenplay,Horror,Science Fiction,NA,96,6.6,10083,1968
No Looking Back,143273,143273,NA,5000000,Mar 27 1998,R,NA,Gramercy,NA,(Missing),NA,Edward Burns,38,5.7,1145,1998
The Nun's Story,12800000,12800000,NA,3500000,Dec 31 1958,(Missing),NA,NA,NA,(Missing),NA,Fred Zinnemann,93,7.5,3313,1958
A Nightmare on Elm Street,25504513,25504513,NA,1800000,Nov 09 1984,(Missing),NA,New Line,Original Screenplay,Horror,Fantasy,Wes Craven,95,5.3,12554,1984
Night of the Living Dead,5835247,5835247,NA,4200000,Oct 19 1990,R,NA,Sony/Columbia,Remake,Horror,Fantasy,NA,67,6.6,10083,1990
Notorious,24464742,24464742,NA,2000000,Dec 31 1945,(Missing),NA,NA,NA,(Missing),NA,Alfred Hitchcock,97,6.3,9811,1945
Never Say Never Again,55500000,160000000,NA,36000000,Oct 07 1983,(Missing),NA,Warner Bros.,Based on Book/Short Story,Action,Contemporary Fiction,NA,65,6,21247,1983
The Nutcracker,2119994,2119994,NA,19000000,Dec 31 1992,(Missing),NA,NA,NA,(Missing),NA,Emile Ardolino,50,5.2,561,1992
Nowhere to Run,22189039,52189039,NA,15000000,Jan 15 1993,(Missing),NA,Sony/Columbia,Original Screenplay,Action,Contemporary Fiction,NA,26,5,6746,1993
The Nutty Professor,128814019,273814019,NA,55000000,Jun 28 1996,PG-13,95,Universal,Remake,Comedy,Kids Fiction,Tom Shadyac,67,5.6,32234,1996
Interview with the Assassin,47329,47329,NA,750000,Nov 15 2002,R,NA,NA,NA,(Missing),NA,NA,67,6.6,1107,2002
Nixon,13668249,34668249,NA,45000000,Dec 20 1995,R,NA,Walt Disney Pictures,Based on Real Life Events,Drama,Dramatization,Oliver Stone,75,7.1,13761,1995
"New York, New York",13800000,13800000,NA,14000000,Jun 22 1977,(Missing),NA,MGM,Original Screenplay,Musical,NA,Martin Scorsese,63,6.7,1692,1977
New York Stories,10763469,10763469,NA,15000000,Mar 01 1989,(Missing),NA,Walt Disney Pictures,Original Screenplay,Drama,Contemporary Fiction,Francis Ford Coppola,74,6.1,6906,1989
Octopussy,67900000,187500000,NA,27500000,Jun 10 1983,(Missing),NA,MGM,Based on Book/Short Story,Action,Contemporary Fiction,John Glen,47,6.6,23167,1983
One Flew Over the Cuckoo's Nest,108981275,108981275,NA,4400000,Nov 19 1975,(Missing),NA,MGM,Based on Book/Short Story,(Missing),NA,Milos Forman,96,8.9,214457,1975
On Her Majesty's Secret Service,22800000,82000000,NA,8000000,Dec 18 1969,(Missing),NA,MGM,Based on Book/Short Story,Action,NA,NA,81,6.9,23159,1969
The Omen,48570885,48570885,NA,2800000,Jun 25 1976,(Missing),NA,20th Century Fox,Original Screenplay,Horror,NA,Richard Donner,84,5.4,24523,1976
The Omega Code,12610552,12678312,NA,7200000,Oct 15 1999,PG-13,NA,Providence Entertainment,Original Screenplay,Action,Fantasy,NA,8,3.3,3814,1999
Out of Africa,79096868,258210860,NA,31000000,Dec 18 1985,(Missing),NA,Universal,Based on Book/Short Story,Drama,Historical Fiction,Sydney Pollack,63,7,19638,1985
Ordinary People,52302978,52302978,NA,6000000,Sep 19 1980,(Missing),NA,Paramount Pictures,Based on Book/Short Story,Drama,Contemporary Fiction,Robert Redford,91,7,138,1980
Othello,2844379,2844379,NA,11000000,Dec 14 1995,R,NA,Sony Pictures,Based on Play,Drama,Historical Fiction,NA,68,6.9,4289,1995
On the Waterfront,9600000,9600000,NA,910000,Jul 28 1954,(Missing),NA,NA,NA,(Missing),NA,Elia Kazan,100,8.4,41162,1954
Outbreak,67823573,67823573,NA,50000000,Mar 10 1995,R,NA,Warner Bros.,Original Screenplay,Thriller/Suspense,Contemporary Fiction,Wolfgang Petersen,59,6.4,33192,1995
The Outsiders,25697647,25697647,NA,10000000,Mar 25 1983,PG-13,NA,Warner Bros.,Based on Book/Short Story,Drama,Historical Fiction,Francis Ford Coppola,65,7,23607,1983
The Oxford Murders,3607,8667348,NA,10000000,Aug 06 2010,R,NA,Magnolia Pictures,Based on Book/Short Story,Thriller/Suspense,Contemporary Fiction,NA,10,6.1,8066,2010
Police Academy,81198894,81198894,NA,4500000,Mar 23 1984,(Missing),NA,Warner Bros.,Original Screenplay,Comedy,Contemporary Fiction,Hugh Wilson,47,6.3,23192,1984
Paa,199228,9791282,NA,4300000,Dec 04 2009,(Missing),NA,Reliance Big Pictures,NA,(Missing),NA,NA,60,7.3,1059,2009
Pale Rider,41410568,41410568,NA,6900000,Jun 28 1985,(Missing),NA,Warner Bros.,Original Screenplay,Western,Historical Fiction,Clint Eastwood,92,7.1,15352,1985
Patriot Games,83287363,178100000,NA,45000000,Jun 05 1992,(Missing),NA,Paramount Pictures,Based on Book/Short Story,Action,Contemporary Fiction,Phillip Noyce,75,6.9,29544,1992
The Pallbearer,5656388,5656388,NA,8000000,May 03 1996,PG-13,NA,Miramax,Original Screenplay,Romantic Comedy,Contemporary Fiction,Matt Reeves,39,4.7,4166,1996
Pocahontas,141579773,347100000,NA,55000000,Jun 10 1995,G,NA,Walt Disney Pictures,Based on Real Life Events,Adventure,Historical Fiction,NA,55,6,26690,1995
Pocketful of Miracles,5000000,5000000,NA,2900000,Dec 31 1960,(Missing),NA,NA,NA,(Missing),NA,Frank Capra,63,7.2,2365,1960
PCU,4333569,4333569,NA,9000000,Apr 29 1994,PG-13,NA,20th Century Fox,Original Screenplay,Comedy,Contemporary Fiction,NA,47,6,6967,1994
Pete's Dragon,36000000,36000000,NA,10000000,Nov 03 1977,(Missing),NA,NA,NA,(Missing),NA,NA,50,6,4620,1977
Poltergeist,74706019,121706019,NA,10700000,Jun 04 1982,(Missing),NA,MGM,Original Screenplay,Horror,Fantasy,Tobe Hooper,86,7.4,32817,1982
Poltergeist III,14114000,14114000,NA,9500000,Jun 10 1988,(Missing),NA,MGM,Original Screenplay,Horror,Fantasy,NA,14,3.8,5387,1988
Phantasm II,7000000,7000000,NA,3000000,Jul 08 1988,(Missing),NA,Universal,NA,Horror,Fantasy,NA,29,6.3,3781,1988
Phenomenon,104636382,142836382,NA,32000000,Jul 05 1996,PG,124,Walt Disney Pictures,Original Screenplay,Drama,Contemporary Fiction,Jon Turteltaub,50,6.3,26823,1996
Philadelphia,77324422,201324422,NA,26000000,Dec 22 1993,(Missing),NA,Sony/TriStar,Original Screenplay,Drama,Contemporary Fiction,Jonathan Demme,74,7.6,53283,1993
The Phantom,17220599,17220599,NA,45000000,Jun 07 1996,PG,100,Paramount Pictures,Based on Comic/Graphic Novel,Action,Super Hero,Simon Wincer,43,4.8,9477,1996
Pi,3221152,4678513,NA,68000,Jul 10 1998,R,NA,Live Entertainment,Original Screenplay,Thriller/Suspense,Science Fiction,Darren Aronofsky,86,7.5,53699,1998
The Pirate,2956000,2956000,NA,3700000,Dec 31 1947,(Missing),NA,NA,NA,(Missing),NA,Vincente Minnelli,71,7.1,1635,1947
Platoon,137963328,137963328,NA,6000000,Dec 19 1986,(Missing),NA,Orion Pictures,Original Screenplay,Drama,Historical Fiction,Oliver Stone,86,8.2,108641,1986
Panic,779137,889279,NA,1000000,Dec 01 2000,R,NA,Roxie Releasing,Original Screenplay,Drama,Contemporary Fiction,NA,92,2.7,473,2000
The Adventures of Pinocchio,15382170,36682170,NA,25000000,Jul 26 1996,G,94,New Line,Based on Book/Short Story,Adventure,Fantasy,Steve Barron,27,5.3,1734,1996
Poetic Justice,27450453,27450453,NA,14000000,Jul 23 1993,(Missing),NA,Sony/Columbia,Original Screenplay,Drama,Contemporary Fiction,John Singleton,36,5.1,3689,1993
Popeye,49823037,49823037,NA,20000000,Dec 12 1980,(Missing),NA,Paramount Pictures,NA,(Missing),NA,Robert Altman,56,4.9,11433,1980
Predator 2,28317513,54768418,NA,35000000,Nov 21 1990,(Missing),NA,20th Century Fox,Original Screenplay,Action,Science Fiction,Stephen Hopkins,23,6,35411,1990
Predator,59735548,98267558,NA,18000000,Jun 12 1987,(Missing),NA,20th Century Fox,Original Screenplay,Action,Science Fiction,John McTiernan,76,7.8,88522,1987
The Princess Bride,30857000,30857000,NA,15000000,Sep 25 1987,(Missing),NA,20th Century Fox,Based on Book/Short Story,Adventure,Fantasy,Rob Reiner,95,8.1,123571,1987
Prophecy,21000000,21000000,NA,12000000,Jun 15 1979,(Missing),NA,NA,NA,(Missing),NA,John Frankenheimer,25,4.7,1381,1979
The Prince of Tides,74787599,74787599,NA,30000000,Dec 25 1991,(Missing),NA,Sony/Columbia,Based on Book/Short Story,Drama,Contemporary Fiction,Barbra Streisand,74,6.4,6829,1991
Pretty Woman,178406268,463400000,NA,14000000,Mar 23 1990,(Missing),NA,Walt Disney Pictures,Original Screenplay,Romantic Comedy,Contemporary Fiction,Garry Marshall,62,6.7,60742,1990
Partition,0,0,NA,10000000,Feb 02 2007,(Missing),NA,NA,Original Screenplay,Drama,Historical Fiction,NA,40,6.6,1275,2007
The Postman Always Rings Twice,12200000,44200000,NA,12000000,Mar 20 1981,(Missing),NA,NA,NA,(Missing),NA,Bob Rafelson,70,6.4,6886,1981
Peggy Sue Got Married,41382841,41382841,NA,18000000,Oct 10 1986,(Missing),NA,Sony/TriStar,Original Screenplay,Comedy,Fantasy,Francis Ford Coppola,88,6.3,12457,1986
Peter Pan,87400000,87400000,90536550,4000000,Feb 05 1953,PG,NA,RKO Radio Pictures,Based on Book/Short Story,Adventure,Fantasy,NA,83,7.1,16894,1953
Pet Sematary,57469179,57469179,NA,11500000,Apr 21 1989,(Missing),NA,Paramount Pictures,Based on Book/Short Story,Horror,Fantasy,NA,50,6.3,19257,1989
Patton,62500000,62500000,NA,12000000,Jan 01 1970,(Missing),NA,NA,NA,(Missing),NA,Franklin J. Schaffner,97,8.1,39570,1970
Pulp Fiction,107928762,212928762,NA,8000000,Oct 14 1994,R,NA,Miramax,Original Screenplay,Drama,Contemporary Fiction,Quentin Tarantino,94,8.9,417703,1994
Paint Your Wagon,31678778,31678778,NA,20000000,Oct 15 1969,PG-13,NA,Paramount Pictures,Based on Play,Musical,Historical Fiction,NA,23,6.5,5037,1969
The Perez Family,2794056,2794056,NA,11000000,May 12 1995,R,NA,Goldwyn Entertainment,Based on Book/Short Story,Comedy,Historical Fiction,Mira Nair,67,6,1177,1995
The Quick and the Dead,18552460,18552460,NA,32000000,Feb 10 1995,R,NA,Sony Pictures,Original Screenplay,Western,Historical Fiction,Sam Raimi,56,6.3,27352,1995
Quigley Down Under,21413105,21413105,NA,20000000,Oct 19 1990,(Missing),NA,MGM,Original Screenplay,Western,Historical Fiction,Simon Wincer,60,6.5,6001,1990
Quo Vadis?,30000000,30000000,NA,8250000,Feb 23 1951,(Missing),NA,NA,NA,(Missing),NA,NA,88,5.8,898,1951
Robin and Marian,8000000,8000000,NA,5000000,Mar 11 1976,(Missing),NA,NA,NA,(Missing),NA,NA,68,6.5,4800,1976
Ransom,136492681,308700000,NA,70000000,Nov 08 1996,R,121,Walt Disney Pictures,Original Screenplay,Action,Contemporary Fiction,Ron Howard,70,6.6,38524,1996
Rosemary's Baby,33395426,33395426,NA,3200000,Jun 12 1968,(Missing),NA,NA,NA,(Missing),NA,Roman Polanski,98,8.1,50860,1968
Rebecca,6000000,6000000,NA,1288000,Dec 31 1939,(Missing),NA,MGM,Based on Book/Short Story,Drama,NA,Alfred Hitchcock,100,8.4,35429,1939
Robin Hood: Prince of Thieves,165493908,390500000,NA,50000000,Jun 14 1991,PG-13,NA,Warner Bros.,Traditional/Legend/Fairytale,Adventure,Historical Fiction,Kevin Reynolds,56,6.7,54480,1991
Rob Roy,31390587,31390587,NA,28000000,Apr 07 1995,R,NA,MGM,Based on Real Life Events,Drama,Dramatization,Michael Caton-Jones,71,6.8,15630,1995
Raging Bull,23380203,23380203,NA,18000000,Nov 14 1980,Not Rated,NA,MGM,Based on Real Life Events,Drama,Dramatization,Martin Scorsese,98,8.4,90015,1980
Richard III,2684904,4204857,NA,9200000,Dec 29 1995,R,NA,MGM,Based on Play,Drama,Historical Fiction,NA,95,7.5,6625,1995
Raising Cain,21171695,21171695,NA,11000000,Aug 07 1992,(Missing),NA,Universal,Original Screenplay,Thriller/Suspense,Contemporary Fiction,Brian De Palma,53,5.7,5135,1992
RoboCop,53424681,53424681,NA,13000000,Jul 17 1987,(Missing),NA,Orion Pictures,Original Screenplay,Action,Science Fiction,Paul Verhoeven,88,7.6,52898,1987
Ri¢hie Ri¢h,38087756,38087756,NA,40000000,Dec 21 1994,PG,NA,Warner Bros.,Original Screenplay,Comedy,Contemporary Fiction,Donald Petrie,25,4.7,12687,1994
Radio Days,14792779,14792779,NA,16000000,Jan 30 1987,(Missing),NA,Orion Pictures,Original Screenplay,Comedy,Historical Fiction,Woody Allen,95,7.5,10839,1987
Radio Flyer,4651977,4651977,NA,35000000,Feb 21 1992,(Missing),NA,Sony Pictures,Original Screenplay,Drama,Historical Fiction,Richard Donner,43,6.5,6210,1992
Reservoir Dogs,2832029,2832029,18806836,1200000,Oct 23 1992,R,NA,Miramax,NA,(Missing),NA,Quentin Tarantino,96,8.4,212985,1992
Red River,9012000,9012000,NA,3000000,Dec 31 1947,(Missing),NA,NA,NA,(Missing),NA,Howard Hawks,100,7.8,10629,1947
Reds,50000000,50000000,NA,33500000,Dec 04 1981,(Missing),NA,Paramount Pictures,Based on Book/Short Story,Drama,Historical Fiction,Warren Beatty,94,7.4,8455,1981
Red Sonja,6905861,6905861,NA,17900000,Jun 28 1985,(Missing),NA,MGM,Based on Book/Short Story,Action,Fantasy,Richard Fleischer,20,4.4,11896,1985
Roger & Me,6706368,6706368,NA,140000,Dec 20 1989,(Missing),NA,Warner Bros.,Based on Real Life Events,Documentary,Factual,Michael Moore,100,7.5,14883,1989
The Right Stuff,21500000,21500000,NA,27000000,Oct 21 1983,(Missing),NA,Warner Bros.,Based on Book/Short Story,Action,Dramatization,Philip Kaufman,97,7.9,24275,1983
The Rocky Horror Picture Show,139876417,139876417,NA,1200000,Sep 26 1975,(Missing),NA,20th Century Fox,NA,Musical,NA,NA,77,7.1,41265,1975
Road House,30050028,30050028,NA,10000000,May 19 1989,(Missing),NA,United Artists,Original Screenplay,Action,Contemporary Fiction,NA,44,5.8,14085,1989
Romeo Is Bleeding,3275585,3275585,NA,10000000,Feb 04 1994,R,NA,Gramercy,Original Screenplay,Drama,Contemporary Fiction,NA,24,6.3,6537,1994
The R.M.,1111615,1111615,NA,500000,Jan 31 2003,PG,NA,Halestone,Original Screenplay,Comedy,Contemporary Fiction,NA,64,5.5,449,2003
Rambo: First Blood Part II,150415432,300400000,NA,44000000,May 22 1985,R,NA,Sony/TriStar,Based on Book/Short Story,Action,Contemporary Fiction,George P. Cosmatos,30,5.8,38548,1985
Rambo III,53715611,188715611,NA,58000000,May 25 1988,(Missing),NA,Sony/TriStar,Based on Book/Short Story,Action,Contemporary Fiction,NA,36,4.9,31551,1988
Rain Man,172825435,412800000,NA,25000000,Dec 16 1988,(Missing),NA,MGM,Original Screenplay,Comedy,Contemporary Fiction,Barry Levinson,87,8,106163,1988
The Robe,36000000,36000000,NA,5000000,Sep 16 1953,(Missing),NA,NA,NA,(Missing),NA,NA,38,6.7,2913,1953
The Rock,134069511,336069511,NA,75000000,Jun 07 1996,R,136,Walt Disney Pictures,Original Screenplay,Action,Contemporary Fiction,Michael Bay,66,7.2,108324,1996
The Remains of the Day,22954968,63954968,NA,15000000,Nov 05 1993,(Missing),NA,Sony/Columbia,Based on Book/Short Story,Drama,Historical Fiction,James Ivory,97,7.9,21736,1993
Airplane!,83453539,83453539,NA,3500000,Jul 04 1980,(Missing),NA,NA,Original Screenplay,Comedy,NA,Jerry Zucker,98,7.8,57000,1980
Repo Man,2300000,2300000,NA,1500000,Mar 02 1984,(Missing),NA,Universal,Original Screenplay,Comedy,Science Fiction,NA,97,6.7,12438,1984
Raise the Titanic,7000000,7000000,NA,40000000,Aug 01 1980,PG,NA,NA,NA,(Missing),NA,NA,60,3.9,1757,1980
The Return of the Living Dead,14237880,14237880,NA,4000000,Aug 16 1985,(Missing),NA,Orion Pictures,NA,Horror,Science Fiction,NA,88,7.1,13621,1985
Return to Oz,10618813,10618813,NA,27000000,Jun 21 1985,(Missing),NA,Walt Disney Pictures,Based on Book/Short Story,Adventure,Fantasy,NA,55,6.7,7491,1985
The Running Man,38122000,38122000,NA,30000000,Nov 13 1987,(Missing),NA,Sony/TriStar,Based on Book/Short Story,Action,Science Fiction,Paul Michael Glaser,63,6.4,36308,1987
The River Wild,46815000,94215000,NA,45000000,Sep 30 1994,PG-13,NA,Universal,Original Screenplay,Action,Contemporary Fiction,Curtis Hanson,56,6.2,14285,1994
Safe Men,21210,21210,NA,1000000,Aug 07 1998,R,NA,October Films,NA,(Missing),NA,NA,58,5.9,1743,1998
Secrets & Lies,13417292,13417292,NA,4500000,Sep 28 1996,R,NA,October Films,Original Screenplay,Drama,Contemporary Fiction,Mike Leigh,94,7.9,14364,1996
Sgt. Bilko,30356589,37956589,NA,39000000,Mar 29 1996,PG,93,Universal,Based on TV,Comedy,Contemporary Fiction,NA,33,5.2,9693,1996
Sabrina,53458319,87100000,NA,58000000,Dec 15 1995,PG,NA,Paramount Pictures,Remake,Romantic Comedy,Contemporary Fiction,Sydney Pollack,61,6,15749,1995
Subway,390659,1663296,NA,2000000,Nov 06 1985,(Missing),NA,Island/Alive,Original Screenplay,Drama,Contemporary Fiction,Luc Besson,86,6.2,5904,1985
School Daze,14545844,14545844,NA,6000000,Feb 12 1988,(Missing),NA,Sony Pictures,Original Screenplay,Drama,Contemporary Fiction,Spike Lee,58,5.3,2667,1988
Scarface,44942821,44942821,15386092,25000000,Dec 09 1983,Not Rated,NA,Universal,Remake,Drama,Historical Fiction,Brian De Palma,88,8.2,152262,1983
Schindler's List,96067179,321200000,NA,25000000,Dec 15 1993,R,NA,Universal,Based on Real Life Events,Drama,Dramatization,Steven Spielberg,97,8.9,276283,1993
Short Cut to Nirvana: Kumbh Mela,381225,439651,NA,200000,Oct 22 2004,Not Rated,NA,Mela Films,Based on Real Life Events,Documentary,Factual,NA,75,6.9,105,2004
Spartacus,30000000,60000000,NA,12000000,Oct 07 1960,(Missing),NA,Universal,Based on Book/Short Story,Action,Dramatization,Stanley Kubrick,96,8,50856,1960
Sunday,410919,450349,NA,450000,Aug 22 1997,(Missing),NA,NA,NA,Drama,NA,NA,79,6.9,436,1997
She Done Him Wrong,2000000,2000000,NA,200000,Feb 09 2033,(Missing),NA,NA,NA,(Missing),NA,NA,100,6.7,1795,2033
State Fair,3500000,3500000,NA,4500000,Mar 09 1962,(Missing),NA,NA,NA,(Missing),NA,NA,14,5.7,436,1962
She's Gotta Have It,7137502,7137502,NA,175000,Aug 08 1986,(Missing),NA,Island,Original Screenplay,Comedy,Contemporary Fiction,Spike Lee,93,6.2,2594,1986
Stargate,71565669,196565669,NA,55000000,Oct 28 1994,PG-13,NA,MGM,Original Screenplay,Action,Science Fiction,Roland Emmerich,46,6.7,47174,1994
The Shadow,31835600,31835600,NA,40000000,Jul 01 1994,PG-13,NA,Universal,Based on Comic/Graphic Novel,Action,Super Hero,Russell Mulcahy,34,5.6,9530,1994
Show Boat,11000000,11000000,NA,2300000,Sep 24 1951,(Missing),NA,NA,NA,(Missing),NA,NA,89,6.9,1788,1951
Shadowlands,25842377,25842377,NA,22000000,Dec 29 1993,R,NA,Savoy,Based on Play,Drama,Dramatization,Sir Richard Attenborough,96,7.4,7689,1993
Shanghai Surprise,2315000,2315000,NA,17000000,Aug 29 1986,(Missing),NA,MGM,NA,(Missing),NA,NA,14,2.6,2591,1986
Sheena,5778353,5778353,NA,25000000,Aug 17 1984,(Missing),NA,Sony/Columbia,Based on Comic/Graphic Novel,Adventure,Contemporary Fiction,John Guillermin,38,4.3,1598,1984
Shine,35811509,35811509,NA,5500000,Nov 22 1996,PG-13,105,Fine Line,Based on Real Life Events,Drama,Dramatization,Scott Hicks,90,7.6,22439,1996
The Shining,44017374,44017374,NA,19000000,May 23 1980,(Missing),NA,Warner Bros.,Based on Book/Short Story,Horror,Fantasy,Stanley Kubrick,87,8.5,177762,1980
Ishtar,14375181,14375181,NA,40000000,May 15 1987,(Missing),NA,Sony Pictures,Original Screenplay,Comedy,Contemporary Fiction,NA,19,3.7,6094,1987
Showgirls,20254932,20254932,NA,40000000,Sep 22 1995,NC-17,NA,MGM,Original Screenplay,Drama,Contemporary Fiction,Paul Verhoeven,12,4.1,27004,1995
The Shawshank Redemption,28241469,28241469,NA,25000000,Sep 23 1994,R,NA,Sony Pictures,Based on Book/Short Story,Drama,Historical Fiction,Frank Darabont,88,9.2,519541,1994
Silver Bullet,10803211,10803211,NA,7000000,Oct 11 1985,(Missing),NA,Paramount Pictures,Based on Book/Short Story,Horror,Fantasy,NA,50,5.9,6387,1985
Set It Off,36049108,36049108,NA,9000000,Nov 06 1996,R,120,New Line,Original Screenplay,Drama,Contemporary Fiction,F. Gary Gray,61,6.3,4570,1996
The Silence of the Lambs,130726716,275726716,NA,20000000,Feb 14 1991,(Missing),NA,Orion Pictures,Based on Book/Short Story,Thriller/Suspense,Contemporary Fiction,Jonathan Demme,96,8.7,244856,1991
Thinner,15171475,15171475,NA,14000000,Oct 25 1996,R,93,Paramount Pictures,Based on Book/Short Story,Horror,Fantasy,NA,18,5.3,7888,1996
Sling Blade,24475416,34175000,NA,4833610,Nov 20 1996,R,133,Miramax,Based on Short Film,Drama,Contemporary Fiction,NA,96,8,41785,1996
Slacker,1227508,1227508,NA,23000,Aug 01 1991,(Missing),NA,NA,NA,(Missing),NA,Richard Linklater,83,6.9,5907,1991
Some Like it Hot,25000000,25000000,NA,2883848,Mar 29 1959,(Missing),NA,NA,NA,(Missing),NA,Billy Wilder,97,8.3,67157,1959
The Scarlet Letter,10359006,10359006,NA,50000000,Oct 13 1995,R,NA,Walt Disney Pictures,Based on Book/Short Story,Drama,Historical Fiction,Roland Joffe,15,4.6,6155,1995
Sleeper,18344729,18344729,NA,2000000,Dec 17 1973,(Missing),NA,MGM,Original Screenplay,Comedy,NA,Woody Allen,100,7.3,15466,1973
Sleepers,53300852,165600852,NA,44000000,Oct 18 1996,R,105,Warner Bros.,Based on Book/Short Story,Drama,Dramatization,Barry Levinson,73,7.3,51874,1996
The Usual Suspects,23341568,23341568,NA,6000000,Aug 16 1995,R,NA,Gramercy,Original Screenplay,Drama,Contemporary Fiction,Bryan Singer,87,8.7,266890,1995
Silverado,33200000,33200000,NA,26000000,Jul 10 1985,(Missing),NA,Sony/Columbia,Original Screenplay,Western,Historical Fiction,Lawrence Kasdan,76,7,14243,1985
Salvador,1500000,1500000,NA,4500000,Apr 23 1986,(Missing),NA,Hemdale,Original Screenplay,Drama,NA,NA,91,7.5,7797,1986
Somewhere in Time,9709597,9709597,NA,5100000,Oct 03 1980,(Missing),NA,Universal,Based on Book/Short Story,Drama,Fantasy,NA,63,7,8787,1980
Smoke Signals,6719300,7756617,NA,2000000,Jun 26 1998,PG-13,NA,Miramax,Based on Book/Short Story,Comedy,Contemporary Fiction,NA,86,6.9,5058,1998
Serial Mom,7881335,7881335,NA,13000000,Apr 13 1994,R,NA,Savoy,Original Screenplay,Comedy,Contemporary Fiction,John Waters,61,6.4,10999,1994
Silent Movie,36145695,36145695,NA,4400000,Jun 25 1976,(Missing),NA,20th Century Fox,Original Screenplay,Comedy,NA,Mel Brooks,89,6.4,6248,1976
The Santa Clause,144833357,189800000,NA,22000000,Nov 11 1994,PG,NA,Walt Disney Pictures,Original Screenplay,Comedy,Kids Fiction,John Pasquin,79,6.1,17773,1994
The Singles Ward,1250798,1250798,NA,500000,Feb 01 2002,PG,NA,Halestorm Entertainment,Original Screenplay,Comedy,Contemporary Fiction,NA,50,5.7,736,2002
Sense and Sensibility,42993774,134993774,NA,16500000,Dec 11 1995,PG,NA,Sony Pictures,Based on Book/Short Story,Drama,Historical Fiction,Ang Lee,98,7.7,31279,1995
Singin' in the Rain,3600000,3600000,NA,2540000,Apr 10 1952,(Missing),NA,MGM,NA,(Missing),NA,Stanley Donen,100,8.4,55352,1952
The Sound of Music,163214286,286214286,NA,8200000,Apr 01 1965,(Missing),NA,20th Century Fox,Based on Book/Short Story,Musical,Historical Fiction,Robert Wise,81,6.3,45,1965
She's the One,9482579,13795053,NA,3500000,Aug 23 1996,R,NA,Fox Searchlight,Original Screenplay,Romantic Comedy,Contemporary Fiction,Edward Burns,60,6,8159,1996
Straight out of Brooklyn,2712293,2712293,NA,450000,Dec 31 1990,(Missing),NA,NA,NA,(Missing),NA,NA,100,5.6,263,1990
Spaceballs,38119483,38119483,NA,22700000,Jun 24 1987,(Missing),NA,MGM,Original Screenplay,Comedy,Science Fiction,Mel Brooks,65,6.9,52434,1987
Speed,121248145,283200000,NA,30000000,Jun 10 1994,R,NA,20th Century Fox,Original Screenplay,Action,Contemporary Fiction,Jan De Bont,90,2.6,4175,1994
Species,60054449,113354449,NA,35000000,Jul 07 1995,R,NA,MGM,Original Screenplay,Action,Science Fiction,Roger Donaldson,39,5.6,21917,1995
Spaced Invaders,15000000,15000000,NA,3000000,Apr 27 1990,(Missing),NA,Walt Disney Pictures,Original Screenplay,Comedy,Science Fiction,Patrick Read Johnson,9,4.8,1464,1990
Spellbound,7000000,7000000,NA,1500000,Dec 31 1944,G,NA,ThinkFilm,NA,(Missing),NA,Alfred Hitchcock,87,7.7,14665,1944
Splash,62599495,62599495,NA,8000000,Mar 09 1984,(Missing),NA,Walt Disney Pictures,Original Screenplay,Comedy,Fantasy,Ron Howard,91,6.2,21732,1984
Superman III,59950623,59950623,NA,39000000,Jun 17 1983,(Missing),NA,Warner Bros.,Based on Comic/Graphic Novel,Adventure,Super Hero,NA,23,4.7,18070,1983
Sparkler,5494,5494,NA,1000000,Mar 19 1999,R,NA,Strand,NA,(Missing),NA,NA,17,5.5,320,1999
Superman,134218018,300200000,NA,55000000,Dec 15 1978,PG,NA,Warner Bros.,Based on Comic/Graphic Novel,Adventure,Super Hero,Richard Donner,94,4.9,129,1978
The Specialist,57362581,57362581,NA,45000000,Oct 07 1994,R,NA,Warner Bros.,Based on Book/Short Story,Action,Contemporary Fiction,NA,4,4.9,18749,1994
Smilla's Sense of Snow,2221994,2221994,NA,35000000,Feb 28 1997,R,NA,Fox Searchlight,Based on Book/Short Story,Thriller/Suspense,Contemporary Fiction,Bille August,53,6.1,7280,1997
Assassins,30306268,83306268,NA,50000000,Oct 06 1995,R,NA,Warner Bros.,Original Screenplay,Action,Contemporary Fiction,Richard Donner,9,5.9,23370,1995
Star Trek: The Motion Picture,82258456,139000000,NA,35000000,Dec 07 1979,PG,NA,Paramount Pictures,Based on TV,Adventure,Science Fiction,Robert Wise,48,6.2,25454,1979
Stand by Me,52287414,52287414,NA,8000000,Aug 08 1986,(Missing),NA,Sony/Columbia,Based on Book/Short Story,Drama,Historical Fiction,Rob Reiner,94,8.2,90143,1986
Stone Cold,9286314,9286314,NA,25000000,May 17 1991,R,NA,Sony Pictures,Original Screenplay,Action,Contemporary Fiction,NA,29,4.6,52,1991
Street Fighter,33423000,99423000,NA,35000000,Dec 23 1994,PG-13,NA,Universal,Based on Game,Action,Contemporary Fiction,NA,13,3.3,25407,1994
The Sting,159616327,159616327,NA,5500000,Dec 25 1973,(Missing),NA,Universal,Original Screenplay,(Missing),Historical Fiction,George Roy Hill,91,8.4,65866,1973
Stripes,85300000,85300000,NA,10000000,Jun 26 1981,R,NA,Sony Pictures,Original Screenplay,Comedy,Contemporary Fiction,Ivan Reitman,88,6.8,19618,1981
Striptease,32773011,32773011,NA,50000000,Jun 28 1996,R,115,Sony Pictures,Based on Book/Short Story,Comedy,Contemporary Fiction,Andrew Bergman,12,3.9,18012,1996
Strangers on a Train,7000000,7000000,NA,1200000,Jul 03 1951,PG,NA,Warner Bros.,NA,(Missing),NA,Alfred Hitchcock,98,8.3,34284,1951
Sugar Hill,18272447,18272447,NA,10000000,Feb 25 1994,R,NA,20th Century Fox,Original Screenplay,Drama,Contemporary Fiction,NA,22,5.3,1627,1994
Stiff Upper Lips,69582,69582,NA,5700000,Aug 27 1999,(Missing),NA,Cowboy Pictures,NA,(Missing),NA,NA,29,6.1,543,1999
Sands of Iwo Jima,7800000,7800000,NA,1000000,Dec 31 1948,(Missing),NA,NA,NA,(Missing),NA,NA,100,7.1,4160,1948
The Spy Who Loved Me,46800000,185400000,NA,14000000,Jul 13 1977,(Missing),NA,MGM,Based on Book/Short Story,Action,Contemporary Fiction,NA,78,7.1,24938,1977
Swingers,4505922,6542637,NA,200000,Oct 18 1996,R,NA,Miramax,Original Screenplay,Comedy,Contemporary Fiction,Doug Liman,86,6.2,431,1996
Snow White and the Seven Dwarfs,184925485,184925485,NA,1488000,Dec 21 2037,(Missing),NA,Walt Disney Pictures,Traditional/Legend/Fairytale,Musical,Fantasy,NA,97,7.8,38141,2037
The Sweet Hereafter,4306697,4306697,NA,5000000,Oct 10 1997,R,NA,Fine Line,Based on Book/Short Story,Drama,Contemporary Fiction,Atom Egoyan,100,7.8,16280,1997
She Wore a Yellow Ribbon,5400000,5400000,NA,1600000,Dec 31 1948,(Missing),NA,NA,NA,(Missing),NA,John Ford,100,7.3,5825,1948
Sex with Strangers,247740,247740,NA,1100000,Feb 22 2002,Not Rated,NA,NA,Based on Real Life Events,Documentary,Factual,NA,39,5,151,2002
Spy Hard,26936265,26936265,NA,18000000,May 24 1996,PG-13,81,Walt Disney Pictures,Original Screenplay,Comedy,Contemporary Fiction,NA,7,4.7,12682,1996
The Age of Innocence,32014993,32014993,NA,34000000,Sep 17 1993,(Missing),NA,Sony/Columbia,Based on Book/Short Story,Drama,Historical Fiction,Martin Scorsese,81,7.1,16000,1993
Talk Radio,3468572,3468572,NA,4000000,Dec 01 1988,(Missing),NA,Universal,Based on Book/Short Story,Drama,Contemporary Fiction,Oliver Stone,80,7,5659,1988
The Texas Chainsaw Massacre,26572439,26572439,NA,140000,Oct 18 1974,R,NA,New Line,NA,Horror,NA,Tobe Hooper,90,6.1,39172,1974
The Texas Chainsaw Massacre 2,8025872,8025872,NA,4700000,Aug 22 1986,(Missing),NA,Cannon,Remake,Horror,Contemporary Fiction,Tobe Hooper,43,5.1,7702,1986
Timecop,44853581,102053581,NA,28000000,Sep 16 1994,R,NA,Universal,Based on Comic/Graphic Novel,Action,Science Fiction,Peter Hyams,47,5.5,16570,1994
Tin Cup,53854588,75854588,NA,45000000,Aug 16 1996,R,105,Warner Bros.,Original Screenplay,Romantic Comedy,Contemporary Fiction,Ron Shelton,69,6.1,17274,1996
Torn Curtain,13000000,13000000,NA,3000000,Jul 16 1966,(Missing),NA,NA,NA,(Missing),NA,Alfred Hitchcock,81,6.6,8670,1966
To Die For,21284514,27688744,NA,20000000,Sep 27 1995,R,NA,Sony Pictures,Based on Book/Short Story,Black Comedy,Contemporary Fiction,Gus Van Sant,87,6.8,18459,1995
Terror Train,8000000,8000000,NA,3500000,Dec 31 1979,(Missing),NA,NA,NA,(Missing),NA,Roger Spottiswoode,33,5.5,2479,1979
Teen Wolf Too,7888000,7888000,NA,3000000,Nov 20 1987,(Missing),NA,Atlantic,Original Screenplay,Comedy,Fantasy,NA,14,2.8,5207,1987
The Fan,18582965,18582965,NA,55000000,Aug 16 1996,R,117,Sony Pictures,Based on Book/Short Story,Thriller/Suspense,Contemporary Fiction,Tony Scott,40,5.6,20640,1996
Timber Falls,0,0,NA,2600000,Dec 07 2007,R,NA,Slowhand Cinema,Original Screenplay,Horror,Contemporary Fiction,NA,38,5.3,2213,2007
Tank Girl,4064333,4064333,NA,25000000,Mar 01 1995,R,NA,MGM,Based on Comic/Graphic Novel,Action,Science Fiction,NA,42,4.7,10772,1995
Top Gun,176786701,353786701,NA,15000000,May 16 1986,(Missing),NA,Paramount Pictures,Original Screenplay,Action,Contemporary Fiction,Tony Scott,45,6.5,80013,1986
Thunderball,63600000,141200000,NA,9000000,Dec 29 1965,(Missing),NA,MGM,Based on Book/Short Story,Action,NA,NA,91,7,27245,1965
The Craft,24769466,55669466,NA,15000000,May 03 1996,R,100,Sony Pictures,Original Screenplay,Thriller/Suspense,Fantasy,Andrew Fleming,45,5.9,21130,1996
It Happened One Night,2500000,2500000,NA,325000,Dec 31 1933,(Missing),NA,NA,NA,Romantic Comedy,NA,Frank Capra,97,8.3,25074,1933
The Net,50621733,110521733,NA,22000000,Jul 28 1995,PG-13,NA,Sony Pictures,Original Screenplay,Thriller/Suspense,Science Fiction,NA,33,5.6,24363,1995
They Live,13000000,13000000,NA,4000000,Nov 04 1988,(Missing),NA,Universal,Based on Book/Short Story,Thriller/Suspense,Science Fiction,John Carpenter,88,7,20995,1988
Tales from the Hood,11784569,11784569,NA,6000000,May 24 1995,R,NA,Savoy,Original Screenplay,Horror,Contemporary Fiction,NA,33,5.8,1860,1995
Time Bandits,37400000,37400000,NA,12000000,Nov 06 1981,(Missing),NA,Avco Embassy,Original Screenplay,Adventure,Fantasy,Terry Gilliam,94,6.9,22719,1981
Tombstone,56505000,56505000,NA,25000000,Dec 25 1993,R,NA,Walt Disney Pictures,Based on Real Life Events,Western,Dramatization,George P. Cosmatos,77,7.7,43688,1993
Time Changer,1500711,1500711,NA,825000,Oct 25 2002,PG,NA,Five & Two Pictures,Original Screenplay,Drama,Fantasy,NA,22,5,1029,2002
Teenage Mutant Ninja Turtles III,42273609,42273609,NA,21000000,Mar 19 1993,(Missing),NA,New Line,Based on Comic/Graphic Novel,Adventure,Fantasy,NA,30,4.3,9064,1993
Tango & Cash,63408614,63408614,NA,55000000,Dec 22 1989,(Missing),NA,Warner Bros.,Original Screenplay,Action,Contemporary Fiction,Andrei Konchalovsky,39,5.8,25248,1989
Topaz,6000000,6000000,NA,4000000,Dec 19 1969,(Missing),NA,Universal,NA,(Missing),NA,Alfred Hitchcock,71,6.2,6389,1969
Taps,35856053,35856053,NA,14000000,Dec 09 1981,(Missing),NA,20th Century Fox,Based on Book/Short Story,Drama,Contemporary Fiction,Harold Becker,79,6.5,6515,1981
Trainspotting,16501785,24000785,NA,3100000,Jul 19 1996,R,94,Miramax,Based on Book/Short Story,Drama,Contemporary Fiction,Danny Boyle,89,8.2,150483,1996
The Train,6800000,6800000,NA,5800000,Mar 07 1965,(Missing),NA,NA,NA,(Missing),NA,John Frankenheimer,83,7.8,4692,1965
Troop Beverly Hills,7190505,7190505,NA,18000000,Mar 22 1989,(Missing),NA,Sony/Columbia,Original Screenplay,Comedy,Contemporary Fiction,NA,8,4.7,3427,1989
True Lies,146282411,365300000,NA,100000000,Jul 15 1994,R,NA,20th Century Fox,Remake,Action,Contemporary Fiction,James Cameron,69,7.2,80581,1994
Terminator 2: Judgment Day,204859496,516816151,NA,100000000,Jul 02 1991,R,NA,Sony Pictures,Original Screenplay,Action,Science Fiction,James Cameron,98,8.5,237477,1991
The Terminator,38019031,78019031,NA,6400000,Oct 26 1984,(Missing),NA,Orion Pictures,Original Screenplay,Action,Science Fiction,James Cameron,100,8.1,179606,1984
Tremors,16667084,16667084,NA,10000000,Jan 19 1990,(Missing),NA,Universal,Original Screenplay,Action,Science Fiction,NA,88,7.2,29840,1990
True Romance,12281000,12281000,NA,12500000,Sep 10 1993,(Missing),NA,Warner Bros.,Original Screenplay,Thriller/Suspense,Contemporary Fiction,Tony Scott,91,7.9,73829,1993
Tron,26918576,26918576,NA,17000000,Jul 09 1982,(Missing),NA,Walt Disney Pictures,Original Screenplay,Action,Science Fiction,NA,68,2.9,923,1982
Trapeze,14400000,14400000,NA,4000000,Dec 31 1955,(Missing),NA,NA,NA,(Missing),NA,NA,60,6.7,1570,1955
Things to Do in Denver when You're Dead,529766,529766,NA,15000000,Dec 01 1995,R,NA,Miramax,Original Screenplay,Black Comedy,Contemporary Fiction,NA,33,6.6,12789,1995
A Time to Kill,108766007,152266007,NA,40000000,Jul 24 1996,R,150,Warner Bros.,Based on Book/Short Story,Drama,Contemporary Fiction,Joel Schumacher,68,7.1,38577,1996
Total Recall,119394839,261400000,NA,65000000,Jun 01 1990,(Missing),NA,Sony Pictures,Based on Book/Short Story,Action,Science Fiction,Paul Verhoeven,81,7.4,70355,1990
Tootsie,177200000,177200000,NA,15000000,Dec 17 1982,(Missing),NA,Sony Pictures,Original Screenplay,Comedy,Contemporary Fiction,Sydney Pollack,87,7.4,31669,1982
That Thing You Do!,25857416,31748615,NA,2500000,Oct 04 1996,PG,110,20th Century Fox,Original Screenplay,Drama,Historical Fiction,Tom Hanks,92,6.7,25916,1996
The Trouble With Harry,7000000,7000000,NA,1200000,Oct 03 1955,(Missing),NA,Paramount Pictures,NA,(Missing),NA,Alfred Hitchcock,89,7.2,11580,1955
Twister,241888385,495900000,NA,88000000,May 10 1996,PG-13,117,Warner Bros.,Based on Book/Short Story,Action,Contemporary Fiction,Jan De Bont,57,6,61665,1996
Taxi Driver,21100000,21100000,NA,1000000,Feb 08 1976,(Missing),NA,Sony Pictures,Original Screenplay,Drama,Contemporary Fiction,Martin Scorsese,98,8.6,155774,1976
Toy Story,191796233,361948825,NA,30000000,Nov 22 1995,G,NA,Walt Disney Pictures,Original Screenplay,Adventure,Kids Fiction,John Lasseter,100,8.2,151143,1995
Twilight Zone: The Movie,29500000,29500000,NA,10000000,Jun 24 1983,(Missing),NA,Warner Bros.,Based on TV,Horror,Fantasy,Steven Spielberg,67,6.3,12054,1983
Unforgettable,2483790,2483790,NA,18000000,Feb 23 1996,R,NA,MGM,Original Screenplay,Thriller/Suspense,Science Fiction,John Dahl,23,5.7,2284,1996
UHF,6157157,6157157,NA,5000000,Jul 21 1989,(Missing),NA,NA,NA,(Missing),NA,NA,55,6.6,12676,1989
Ulee's Gold,9054736,15600000,NA,2700000,Jun 13 1997,R,NA,Orion Pictures,Original Screenplay,Drama,Contemporary Fiction,NA,94,7,4041,1997
Under Siege 2: Dark Territory,50024083,104324083,NA,60000000,Jul 14 1995,R,NA,Warner Bros.,Original Screenplay,Action,Contemporary Fiction,NA,34,5.1,15218,1995
The Untouchables,76270454,76270454,NA,25000000,Jun 03 1987,(Missing),NA,Paramount Pictures,Based on TV,Action,Dramatization,Brian De Palma,81,8,86097,1987
Vampire in Brooklyn,19637147,19637147,NA,14000000,Oct 27 1995,R,NA,Paramount Pictures,Original Screenplay,Horror,Fantasy,Wes Craven,11,4.3,8200,1995
The Verdict,53977250,53977250,NA,16000000,Dec 08 1982,(Missing),NA,20th Century Fox,Based on Book/Short Story,Drama,Contemporary Fiction,Sidney Lumet,96,7.7,10864,1982
Virtuosity,23998226,23998226,NA,30000000,Aug 04 1995,R,NA,Paramount Pictures,Original Screenplay,Action,Science Fiction,NA,34,5.3,11079,1995
A View to a Kill,50327960,152627960,NA,30000000,May 24 1985,(Missing),NA,MGM,Based on Book/Short Story,Action,Contemporary Fiction,John Glen,39,6.1,23770,1985
A Walk on the Moon,4741987,4741987,NA,14000000,Mar 26 1999,R,NA,Miramax,Original Screenplay,Drama,Historical Fiction,Tony Goldwyn,74,6.4,4125,1999
The Work and the Glory,3347647,3347647,NA,7500000,Nov 24 2004,PG,NA,Excel Entertainment,Based on Book/Short Story,Drama,Contemporary Fiction,NA,17,6,531,2004
Who Framed Roger Rabbit?,154112492,351500000,NA,70000000,Jun 22 1988,(Missing),NA,Walt Disney Pictures,Based on Book/Short Story,Comedy,Fantasy,Robert Zemeckis,98,7.6,53541,1988
White Squall,10229300,10229300,NA,38000000,Feb 02 1996,PG-13,NA,Walt Disney Pictures,Based on Real Life Events,Adventure,Dramatization,Ridley Scott,63,6.4,8385,1996
What's Eating Gilbert Grape,9170214,9170214,NA,11000000,Dec 25 1993,(Missing),NA,Paramount Pictures,NA,Drama,NA,Lasse Hallstrom,88,7.8,51219,1993
The Wiz,13000000,13000000,NA,24000000,Oct 24 1978,(Missing),NA,NA,NA,Musical,NA,Sidney Lumet,37,4.5,4896,1978
Walking and Talking,1287480,1615787,NA,1000000,Jul 17 1996,R,NA,Miramax,Original Screenplay,Romantic Comedy,Contemporary Fiction,NA,86,6.5,1756,1996
The Wild Bunch,509424,509424,NA,6000000,Jun 18 1969,(Missing),NA,Warner Bros.,Original Screenplay,Western,Historical Fiction,Sam Peckinpah,97,8.2,31196,1969
Wall Street,43848100,43848100,NA,15000000,Dec 11 1987,(Missing),NA,20th Century Fox,Original Screenplay,Drama,Contemporary Fiction,Oliver Stone,78,7.3,35454,1987
The Wrong Man,2000000,2000000,NA,1200000,Dec 23 1956,(Missing),NA,Warner Bros.,NA,(Missing),NA,Alfred Hitchcock,89,7.5,7531,1956
Wings,NA,NA,NA,2000000,Aug 12 2027,(Missing),NA,NA,NA,(Missing),NA,NA,96,7.9,3035,2027
We're No Angels,10555348,10555348,NA,20000000,Dec 15 1989,(Missing),NA,Paramount Pictures,Based on Play,Comedy,Contemporary Fiction,Neil Jordan,50,5.6,7839,1989
Wolf,65011757,131011757,NA,70000000,Jun 17 1994,R,NA,Sony Pictures,Original Screenplay,Thriller/Suspense,Fantasy,Mike Nichols,60,6,20035,1994
Warriors of Virtue,6448817,6448817,NA,35000000,May 02 1997,PG,NA,MGM,Original Screenplay,Action,Contemporary Fiction,Ronny Yu,10,4,1202,1997
War and Peace,12500000,12500000,NA,6000000,Dec 31 1955,PG,NA,NA,NA,(Missing),NA,King Vidor,50,6.8,2923,1955
West Side Story,43700000,43700000,NA,6000000,Oct 18 1961,(Missing),NA,NA,NA,(Missing),NA,Robert Wise,92,7.7,29488,1961
Witness,65532576,65532576,NA,12000000,Feb 08 1985,(Missing),NA,Paramount Pictures,Original Screenplay,Thriller/Suspense,Contemporary Fiction,Peter Weir,94,7.6,30460,1985
Waterworld,88246220,264246220,NA,175000000,Jul 28 1995,PG-13,NA,Universal,Original Screenplay,Action,Science Fiction,Kevin Reynolds,42,5.7,54126,1995
Willy Wonka & the Chocolate Factory,4000000,4000000,NA,3000000,Jun 30 1971,(Missing),NA,NA,NA,(Missing),NA,NA,90,7.8,46824,1971
Wayne's World,121697323,183097323,NA,20000000,Feb 14 1992,PG-13,NA,Paramount Pictures,Based on TV,Comedy,Contemporary Fiction,Penelope Spheeris,84,6.9,42570,1992
Wyatt Earp,25052000,25052000,NA,63000000,Jun 24 1994,PG-13,NA,Warner Bros.,Based on Real Life Events,Western,Dramatization,Lawrence Kasdan,42,6.4,15614,1994
Executive Decision,56679192,122079192,NA,55000000,Mar 15 1996,R,132,Warner Bros.,Original Screenplay,Thriller/Suspense,Contemporary Fiction,NA,65,6.3,18569,1996
Exodus,21750000,21750000,NA,4000000,Jan 01 1960,(Missing),NA,NA,NA,(Missing),NA,NA,67,6.8,3546,1960
The Exorcist,204632868,402500000,NA,12000000,Dec 26 1973,R,NA,Warner Bros.,Based on Book/Short Story,Horror,Contemporary Fiction,William Friedkin,84,8.1,103131,1973
Extreme Measures,17378193,17378193,NA,38000000,Sep 27 1996,R,117,Sony Pictures,Based on Book/Short Story,Drama,Contemporary Fiction,Michael Apted,55,5.9,8038,1996
You Can't Take It With You,4000000,4000000,NA,1644000,Dec 31 1937,(Missing),NA,NA,NA,(Missing),NA,Frank Capra,96,8,8597,1937
Young Guns,44726644,44726644,NA,13000000,Aug 12 1988,(Missing),NA,20th Century Fox,Original Screenplay,Western,Historical Fiction,NA,40,6.6,21404,1988
Young Frankenstein,86300000,86300000,15500333,2800000,Dec 15 1974,(Missing),NA,20th Century Fox,NA,(Missing),NA,Mel Brooks,93,8,57106,1974
Yentl,39012241,39012241,NA,12000000,Nov 18 1983,(Missing),NA,MGM/UA Classics,Based on Book/Short Story,Musical,NA,Barbra Streisand,71,6.2,4952,1983
You Only Live Twice,43100000,111600000,NA,9500000,Jun 13 1967,(Missing),NA,MGM,Based on Book/Short Story,Action,NA,NA,70,7,24701,1967
Young Sherlock Holmes,19739000,19739000,NA,18000000,Dec 04 1985,(Missing),NA,Paramount Pictures,Based on Book/Short Story,Adventure,Historical Fiction,Barry Levinson,63,6.5,7293,1985
102 Dalmatians,66941559,66941559,NA,85000000,Nov 22 2000,G,100,Walt Disney Pictures,Based on Book/Short Story,Comedy,Kids Fiction,Kevin Lima,30,4.4,7147,2000
"10,000 B.C.",94784201,269065678,27044045,105000000,Mar 07 2008,PG-13,NA,Warner Bros.,Original Screenplay,Adventure,Historical Fiction,Roland Emmerich,9,5.8,134,2008
10th & Wolf,54702,54702,NA,8000000,Aug 18 2006,Not Rated,NA,ThinkFilm,Based on Real Life Events,Drama,Dramatization,Robert Moresco,19,6.3,3655,2006
Cloverfield,80048433,170764033,29180398,25000000,Jan 18 2008,PG-13,NA,Paramount Pictures,Original Screenplay,Action,Science Fiction,Matt Reeves,76,7.4,136068,2008
12 Rounds,12234694,18184083,8283859,20000000,Mar 27 2009,PG-13,108,20th Century Fox,Original Screenplay,Action,Contemporary Fiction,Renny Harlin,28,5.4,8914,2009
1408,71985628,128529299,49668544,22500000,Jun 22 2007,PG-13,102,MGM,Based on Book/Short Story,Horror,Contemporary Fiction,NA,78,6.9,72913,2007
15 Minutes,24375436,56331864,NA,42000000,Mar 09 2001,R,120,New Line,Original Screenplay,Thriller/Suspense,Contemporary Fiction,NA,32,6.1,25566,2001
16 Blocks,36895141,65595141,17523555,45000000,Mar 03 2006,PG-13,NA,Warner Bros.,Original Screenplay,Action,Contemporary Fiction,Richard Donner,55,6.7,41207,2006
First Daughter,9055010,10419084,NA,30000000,Sep 24 2004,PG,NA,20th Century Fox,Original Screenplay,Romantic Comedy,Contemporary Fiction,Forest Whitaker,8,4.7,6839,2004
2012,166112167,766812167,50736023,200000000,Nov 13 2009,PG-13,158,Sony Pictures,Original Screenplay,Action,Science Fiction,Roland Emmerich,39,6.2,396,2009
21,81159365,157852532,25789928,35000000,Mar 21 2008,PG-13,NA,Sony Pictures,Based on Book/Short Story,Thriller/Suspense,Contemporary Fiction,Robert Luketic,35,6.7,60918,2008
21 Grams,16248701,60448701,NA,20000000,Nov 21 2003,R,NA,Focus Features,Original Screenplay,Drama,Contemporary Fiction,Alejandro Gonzalez Inarritu,81,7.9,77910,2003
25th Hour,13084595,23928503,NA,4500000,Dec 19 2002,R,NA,Walt Disney Pictures,Based on Book/Short Story,Drama,Contemporary Fiction,Spike Lee,78,7.9,58781,2002
28 Days,37035515,62063972,NA,43000000,Apr 14 2000,PG-13,103,Sony Pictures,Original Screenplay,Comedy,Contemporary Fiction,Betty Thomas,30,5.8,17937,2000
28 Days Later...,45064915,82719885,NA,15000000,Jun 27 2003,R,113,Fox Searchlight,Original Screenplay,Horror,Science Fiction,Danny Boyle,89,7.6,103525,2003
Two Brothers,18947630,39925603,NA,72000000,Jun 25 2004,PG,NA,Universal,Original Screenplay,Drama,Kids Fiction,Jean-Jacques Annaud,77,6,127,2004
Cop Out,44875481,44875481,11433110,37000000,Feb 26 2010,R,NA,Warner Bros.,Original Screenplay,Comedy,Contemporary Fiction,Kevin Smith,19,5.7,16520,2010
Secondhand Lions,42023715,47855342,NA,30000000,Sep 19 2003,PG,111,New Line,Original Screenplay,Drama,Historical Fiction,NA,60,7.5,19040,2003
Two Can Play That Game,22235901,22391450,NA,13000000,Sep 07 2001,R,91,Sony Pictures,Original Screenplay,Romantic Comedy,Contemporary Fiction,NA,43,5.6,2370,2001
Two Weeks Notice,93354918,199043309,NA,60000000,Dec 20 2002,PG-13,110,Warner Bros.,Original Screenplay,Romantic Comedy,Contemporary Fiction,NA,42,5.8,35515,2002
300,210614939,456068181,261252400,60000000,Mar 09 2007,R,117,Warner Bros.,Based on Comic/Graphic Novel,Action,Historical Fiction,Zack Snyder,60,7.8,235508,2007
30 Days of Night,39568996,75066323,26908243,30000000,Oct 19 2007,R,NA,Sony Pictures,Based on Comic/Graphic Novel,Horror,Fantasy,NA,49,6.6,52518,2007
Three Kings,60652036,107752036,NA,48000000,Oct 01 1999,R,115,Warner Bros.,Original Screenplay,Action,Historical Fiction,David O. Russell,94,7.3,68726,1999
3000 Miles to Graceland,15738632,18708848,NA,62000000,Feb 23 2001,R,NA,Warner Bros.,Original Screenplay,Drama,Contemporary Fiction,NA,14,5.6,20094,2001
3:10 to Yuma,53606916,69791889,51359371,48000000,Sep 02 2007,R,117,Lionsgate,Remake,Western,Historical Fiction,James Mangold,89,7.9,98355,2007
40 Days and 40 Nights,37939782,95092667,NA,17000000,Mar 01 2002,R,96,Miramax,Original Screenplay,Romantic Comedy,Contemporary Fiction,Michael Lehmann,38,5.4,27912,2002
Four Brothers,74494381,92494381,NA,30000000,Aug 12 2005,R,109,Paramount Pictures,Original Screenplay,Drama,Contemporary Fiction,John Singleton,52,6.8,38311,2005
Four Christmases,120146040,163546040,26029004,80000000,Nov 26 2008,PG-13,NA,Warner Bros.,Original Screenplay,Comedy,Contemporary Fiction,Seth Gordon,25,5.7,14690,2008
The Four Feathers,18306166,29882645,NA,35000000,Sep 20 2002,PG-13,NA,Paramount Pictures,Based on Book/Short Story,Drama,Historical Fiction,Shekhar Kapur,41,6.3,13204,2002
The Fourth Kind,26218170,41826604,6244985,10000000,Nov 06 2009,PG-13,NA,Universal,Original Screenplay,Thriller/Suspense,Historical Fiction,NA,17,6,16107,2009
50 First Dates,120776832,196376832,NA,75000000,Feb 13 2004,PG-13,99,Sony Pictures,Original Screenplay,Romantic Comedy,Contemporary Fiction,Peter Segal,44,6.8,64701,2004
Six-String Samurai,134624,134624,NA,2000000,Sep 18 1998,PG-13,NA,Palm Pictures,NA,(Missing),NA,NA,60,6.4,3462,1998
The 6th Day,34543701,96024898,NA,82000000,Nov 17 2000,PG-13,123,Sony Pictures,Original Screenplay,Action,Science Fiction,Roger Spottiswoode,40,5.8,32606,2000
Seven Pounds,69951824,166617328,27601737,54000000,Dec 19 2008,PG-13,NA,Sony Pictures,Original Screenplay,Drama,Contemporary Fiction,Gabriele Muccino,27,7.6,62718,2008
88 Minutes,16930884,32955399,11385055,30000000,Apr 18 2008,R,106,Sony Pictures,Original Screenplay,Thriller/Suspense,Contemporary Fiction,Jon Avnet,5,5.9,31205,2008
Eight Below,81612565,120612565,104578578,40000000,Feb 17 2006,PG,NA,Walt Disney Pictures,Remake,Adventure,Contemporary Fiction,Frank Marshall,71,7.3,17717,2006
Eight Legged Freaks,17266505,17266505,NA,30000000,Jul 17 2002,PG-13,NA,Warner Bros.,Original Screenplay,Comedy,Contemporary Fiction,NA,47,5.4,18173,2002
8 Mile,116724075,242924075,NA,41000000,Nov 08 2002,R,110,Universal,Original Screenplay,Drama,Contemporary Fiction,Curtis Hanson,74,6.7,55877,2002
The Whole Ten Yards,16323969,26323969,NA,30000000,Apr 09 2004,PG-13,NA,Warner Bros.,Original Screenplay,Comedy,Contemporary Fiction,Howard Deutch,4,5.1,20807,2004
The Whole Nine Yards,57262492,85262492,NA,24000000,Feb 18 2000,R,99,Warner Bros.,Original Screenplay,Comedy,Contemporary Fiction,NA,45,6.6,42928,2000
About a Boy,40803000,129949664,NA,27000000,May 17 2002,PG-13,101,Universal,Based on Book/Short Story,Romantic Comedy,Contemporary Fiction,Paul Weitz,93,7.4,48875,2002
A Bug's Life,162798565,363109485,NA,45000000,Nov 20 1998,G,96,Walt Disney Pictures,Original Screenplay,Adventure,Fantasy,John Lasseter,91,7.3,56866,1998
Abandon,10719367,12219367,NA,25000000,Oct 18 2002,PG-13,NA,Paramount Pictures,Original Screenplay,Thriller/Suspense,Contemporary Fiction,NA,17,4.8,5361,2002
Absolute Power,50068310,50068310,NA,50000000,Feb 14 1997,R,120,Sony Pictures,Based on Book/Short Story,Thriller/Suspense,Contemporary Fiction,Clint Eastwood,46,6.5,20154,1997
Adaptation,22498520,22498520,NA,18500000,Dec 06 2002,R,NA,Sony Pictures,Based on Book/Short Story,Comedy,Contemporary Fiction,Spike Jonze,91,7.9,67135,2002
Anything Else,3203044,13203044,NA,18000000,Sep 19 2003,R,NA,Dreamworks SKG,Original Screenplay,Romantic Comedy,Contemporary Fiction,Woody Allen,40,6.4,13010,2003
Antwone Fisher,21078145,23367586,NA,12500000,Dec 19 2002,PG-13,NA,Fox Searchlight,Based on Real Life Events,Drama,Dramatization,Denzel Washington,79,7.3,13258,2002
Aeon Flux,25857987,47953341,21927972,55000000,Dec 02 2005,PG-13,88,Paramount Pictures,Based on TV,Action,Science Fiction,NA,10,8.1,1193,2005
After the Sunset,28328132,38329114,NA,57000000,Nov 12 2004,PG-13,97,New Line,Original Screenplay,Action,Contemporary Fiction,Brett Ratner,18,6.2,19793,2004
A Good Year,7459300,42064105,7342760,35000000,Nov 10 2006,PG-13,118,20th Century Fox,Based on Book/Short Story,Drama,Contemporary Fiction,Ridley Scott,24,6.8,23149,2006
Air Bud,24646936,27555061,NA,3000000,Aug 01 1997,PG,97,Walt Disney Pictures,Original Screenplay,Comedy,Kids Fiction,Charles Martin Smith,45,4.6,4698,1997
Air Force One,172956409,315268353,NA,85000000,Jul 25 1997,R,124,Sony Pictures,Original Screenplay,Action,Contemporary Fiction,Wolfgang Petersen,78,6.3,61394,1997
Akeelah and the Bee,18848430,18948425,25684049,8000000,Apr 28 2006,PG,NA,Lionsgate,Original Screenplay,Drama,Contemporary Fiction,NA,83,7.6,8245,2006
All the King's Men,7221458,9521458,NA,55000000,Sep 22 2006,PG-13,128,Sony Pictures,Based on Book/Short Story,Drama,Historical Fiction,Steven Zaillian,11,6,11994,2006
The Alamo,22406362,23911362,NA,92000000,Apr 09 2004,PG-13,137,Walt Disney Pictures,Based on Real Life Events,Western,Dramatization,NA,30,5.9,10063,2004
All About the Benjamins,25482931,25873145,NA,14000000,Mar 08 2002,R,95,New Line,Original Screenplay,Comedy,Contemporary Fiction,Kevin Bray,29,5.3,4366,2002
Sweet Home Alabama,127214072,163379330,NA,38000000,Sep 27 2002,PG-13,109,Walt Disney Pictures,Original Screenplay,Comedy,Contemporary Fiction,Andy Tennant,37,5.8,29891,2002
Fat Albert,48114556,48563556,NA,45000000,Dec 25 2004,PG,93,20th Century Fox,Based on TV,Comedy,Contemporary Fiction,Joel Zwick,21,4,4801,2004
Alice in Wonderland,334191110,1023291110,70909558,200000000,Mar 05 2010,PG,NA,Walt Disney Pictures,Based on Book/Short Story,Adventure,Fantasy,Tim Burton,51,6.7,63458,2010
Alfie,13395939,35195939,NA,40000000,Nov 05 2004,R,NA,Paramount Pictures,Remake,Comedy,Contemporary Fiction,Charles Shyer,49,6.1,20769,2004
Ali,58183966,84383966,NA,109000000,Dec 25 2001,R,159,Sony Pictures,Based on Real Life Events,Drama,Dramatization,Michael Mann,67,6.6,31785,2001
Alien,80930630,203630630,NA,9000000,May 25 1979,R,NA,20th Century Fox,Original Screenplay,Horror,Science Fiction,Ridley Scott,97,8.5,180387,1979
A Lot Like Love,21835784,47835784,NA,25000000,Apr 22 2005,PG-13,NA,Walt Disney Pictures,Original Screenplay,Comedy,Contemporary Fiction,NA,41,6.4,17929,2005
All the Pretty Horses,15527125,18120267,NA,45000000,Dec 25 2000,PG-13,NA,Miramax,Based on Book/Short Story,Western,Historical Fiction,Billy Bob Thornton,32,5.7,6511,2000
Almost Famous,32522352,47371191,NA,60000000,Sep 15 2000,R,123,Dreamworks SKG,Original Screenplay,Comedy,Dramatization,Cameron Crowe,88,8,94424,2000
Evan Almighty,100289690,173219280,38038256,175000000,Jun 22 2007,PG,78,Universal,Original Screenplay,Comedy,Fantasy,Tom Shadyac,23,5.5,43164,2007
Bruce Almighty,242704995,485004995,NA,81000000,May 23 2003,PG-13,101,Universal,Original Screenplay,Comedy,Fantasy,Tom Shadyac,48,6.6,92494,2003
Alone in the Dark,5178569,8178569,NA,20000000,Jan 28 2005,R,96,Lionsgate,Based on Game,Horror,Fantasy,Uwe Boll,1,2.3,26028,2005
Along Came a Spider,74058698,105159085,NA,28000000,Apr 06 2001,R,103,Paramount Pictures,Based on Book/Short Story,Thriller/Suspense,Contemporary Fiction,Lee Tamahori,32,6.1,22994,2001
The Dangerous Lives of Altar Boys,1779284,1779284,NA,12000000,Jun 14 2002,R,NA,ThinkFilm,Based on Book/Short Story,Drama,Contemporary Fiction,NA,77,6.9,7943,2002
Alvin and the Chipmunks,217326974,360578644,137516182,55000000,Dec 14 2007,PG,92,20th Century Fox,Based on TV,Comedy,Kids Fiction,Tim Hill,27,5.5,19200,2007
Alex & Emma,14208384,15358583,NA,30000000,Jun 20 2003,PG-13,NA,Warner Bros.,Original Screenplay,Drama,Contemporary Fiction,Rob Reiner,11,5.4,6539,2003
Alexander,34297191,167297191,NA,155000000,Nov 24 2004,R,175,Warner Bros.,Based on Real Life Events,Adventure,Dramatization,Oliver Stone,16,5.4,59498,2004
American Beauty,130058047,356258047,NA,15000000,Sep 15 1999,R,118,Dreamworks SKG,Original Screenplay,Drama,Contemporary Fiction,Sam Mendes,89,8.6,292562,1999
An American Carol,7013191,7013191,NA,20000000,Oct 03 2008,PG-13,84,Vivendi Entertainment,Original Screenplay,Comedy,Fantasy,David Zucker,12,4.5,6000,2008
American Dreamz,7314027,16510971,NA,17000000,Apr 21 2006,PG-13,NA,Universal,Original Screenplay,Black Comedy,Contemporary Fiction,Paul Weitz,40,5.7,15097,2006
Amelia,14246488,19722782,5763807,40000000,Oct 23 2009,PG,NA,Fox Searchlight,Based on Book/Short Story,Drama,Dramatization,Mira Nair,21,5.7,3238,2009
American History X,6719864,6719864,NA,10000000,Oct 30 1998,R,NA,New Line,Original Screenplay,Drama,Contemporary Fiction,NA,83,8.6,224857,1998
American Gangster,130164645,265697825,72653959,100000000,Nov 02 2007,R,157,Universal,Based on Real Life Events,Drama,Dramatization,Ridley Scott,79,7.9,114060,2007
An American Haunting,16298046,27844063,9905802,14000000,May 05 2006,PG-13,NA,Freestyle Releasing,Based on Book/Short Story,Horror,Historical Fiction,NA,12,4.9,13510,2006
Amistad,44212592,44212592,NA,40000000,Dec 12 1997,R,152,Dreamworks SKG,Based on Real Life Events,Drama,Dramatization,Steven Spielberg,77,7.1,28477,1997
American Pie 2,145096820,286500000,NA,30000000,Aug 10 2001,R,105,Universal,Original Screenplay,Comedy,Contemporary Fiction,NA,52,6.2,66751,2001
American Wedding,104354205,126425115,NA,55000000,Aug 01 2003,R,96,Universal,Original Screenplay,Comedy,Contemporary Fiction,NA,56,6.1,52210,2003
American Pie,101800948,234800000,NA,12000000,Jul 09 1999,R,95,Universal,Original Screenplay,Comedy,Contemporary Fiction,Paul Weitz,59,6.9,106624,1999
American Psycho,15070285,28674417,NA,8000000,Apr 14 2000,R,NA,Lionsgate,Based on Book/Short Story,Black Comedy,Historical Fiction,Mary Harron,66,7.4,99424,2000
American Splendor,6003587,7978681,NA,2000000,Aug 15 2003,R,NA,Fine Line,Based on Comic/Graphic Novel,Drama,Contemporary Fiction,NA,94,7.6,23686,2003
America's Sweethearts,93607673,157627733,NA,46000000,Jul 20 2001,PG-13,103,Sony Pictures,Original Screenplay,Romantic Comedy,Contemporary Fiction,NA,32,5.7,26899,2001
The Amityville Horror,65233369,108047131,NA,18500000,Apr 15 2005,R,89,MGM,Remake,Horror,Historical Fiction,NA,24,5.8,26303,2005
Anaconda,65598907,136998907,NA,45000000,Apr 11 1997,PG-13,89,Sony Pictures,Original Screenplay,Horror,Contemporary Fiction,NA,38,4.2,29430,1997
Anastasia,58403409,139801410,NA,53000000,Nov 14 1997,G,94,20th Century Fox,Based on Book/Short Story,Musical,Factual,Don Bluth,85,6.6,16513,1997
Angels & Demons,133375846,485975846,32746864,150000000,May 15 2009,PG-13,NA,Sony Pictures,Based on Book/Short Story,Thriller/Suspense,Contemporary Fiction,Ron Howard,35,6.7,60114,2009
Angela's Ashes,13038660,13038660,NA,25000000,Dec 24 1999,R,NA,Paramount Pictures,Based on Book/Short Story,Drama,Historical Fiction,Alan Parker,52,7,10185,1999
Angel Eyes,24044532,24044532,NA,38000000,May 18 2001,R,103,Warner Bros.,Original Screenplay,Drama,Contemporary Fiction,NA,32,5.5,11089,2001
Anger Management,135560942,195660942,NA,56000000,Apr 11 2003,PG-13,106,Sony Pictures,Original Screenplay,Comedy,Contemporary Fiction,Peter Segal,43,6.1,57088,2003
A Night at the Roxbury,30331165,30331165,NA,17000000,Oct 02 1998,PG-13,81,Paramount Pictures,Based on TV,Comedy,Contemporary Fiction,NA,11,5.7,23259,1998
The Animal,55762229,55762229,NA,22000000,Jun 01 2001,PG-13,83,Sony Pictures,Original Screenplay,Comedy,Contemporary Fiction,Luke Greenfield,30,4.6,18601,2001
Anna and the King,39251128,39251128,NA,75000000,Dec 17 1999,PG-13,147,20th Century Fox,Based on Book/Short Story,Drama,Dramatization,Andy Tennant,51,6.5,14881,1999
Analyze That,32122249,54994757,NA,60000000,Dec 06 2002,R,96,Warner Bros.,Original Screenplay,Comedy,Contemporary Fiction,Harold Ramis,27,5.6,24090,2002
Analyze This,106885658,176885658,NA,30000000,Mar 05 1999,R,103,Warner Bros.,Original Screenplay,Comedy,Contemporary Fiction,Harold Ramis,68,6.6,52894,1999
The Ant Bully,28142535,55181129,28562108,45000000,Jul 28 2006,PG,NA,Warner Bros.,Based on Book/Short Story,Adventure,Kids Fiction,NA,63,6.2,7766,2006
Antitrust,10965209,10965209,NA,30000000,Jan 12 2001,PG-13,NA,MGM,Original Screenplay,Thriller/Suspense,Contemporary Fiction,NA,25,6,16263,2001
Marie Antoinette,15962471,60862471,16636006,40000000,Oct 20 2006,PG-13,NA,Sony Pictures,Based on Book/Short Story,Drama,Dramatization,Sofia Coppola,55,6.4,31877,2006
Antz,90757863,152457863,NA,60000000,Oct 02 1998,PG,83,Dreamworks SKG,Original Screenplay,Adventure,Kids Fiction,Tim Johnson,95,6.8,37343,1998
Anywhere But Here,18653615,18653615,NA,23000000,Nov 12 1999,PG-13,114,20th Century Fox,Based on Book/Short Story,Drama,Contemporary Fiction,Wayne Wang,64,5.9,8514,1999
Appaloosa,20211394,26111394,10698987,20000000,Sep 19 2008,R,NA,Warner Bros.,Based on Book/Short Story,Western,Historical Fiction,Ed Harris,76,6.8,22836,2008
Apocalypto,50866635,117785051,43318599,40000000,Dec 08 2006,R,136,Walt Disney Pictures,Original Screenplay,Adventure,Historical Fiction,Mel Gibson,64,7.9,82162,2006
Pieces of April,2528664,3284124,NA,300000,Oct 17 2003,PG-13,NA,MGM,Original Screenplay,Comedy,Contemporary Fiction,NA,85,7.2,12153,2003
The Apostle,20733485,21277770,NA,5000000,Dec 17 1997,PG-13,148,October Films,Original Screenplay,Drama,Contemporary Fiction,Robert Duvall,91,7.1,7757,1997
Aquamarine,18597342,22978953,29637202,17000000,Mar 03 2006,PG,NA,20th Century Fox,Based on Book/Short Story,Comedy,Fantasy,NA,52,4.6,9116,2006
Ararat,1693000,1693000,NA,15500000,Nov 15 2002,R,NA,Miramax,Original Screenplay,Drama,Contemporary Fiction,Atom Egoyan,56,6.6,6763,2002
Are We There Yet?,82674398,97918663,NA,20000000,Jan 21 2005,PG,94,Sony Pictures,Original Screenplay,Romantic Comedy,Kids Fiction,Brian Levant,12,4.2,8740,2005
Arlington Road,24419219,24419219,NA,21500000,Jul 09 1999,R,117,Sony Pictures,Original Screenplay,Thriller/Suspense,Contemporary Fiction,NA,60,7.2,36051,1999
Armageddon,201578182,554600000,NA,140000000,Jul 01 1998,PG-13,150,Walt Disney Pictures,Original Screenplay,Adventure,Contemporary Fiction,Michael Bay,42,6.1,194,1998
Hey Arnold! The Movie,13684949,13684949,NA,10000000,Jun 28 2002,PG,NA,Paramount Pictures,Based on TV,Adventure,Kids Fiction,NA,30,5.3,1629,2002
Against the Ropes,5881504,6429865,NA,39000000,Feb 20 2004,PG-13,NA,Paramount Pictures,Based on Real Life Events,Drama,Dramatization,Charles S. Dutton,12,5.2,3547,2004
King Arthur,51877963,203877963,NA,90000000,Jul 07 2004,PG-13,126,Walt Disney Pictures,Traditional/Legend/Fairytale,Adventure,Historical Fiction,Antoine Fuqua,31,6.2,53106,2004
The Art of War,30199105,30199105,NA,40000000,Aug 25 2000,R,117,Warner Bros.,Original Screenplay,Thriller/Suspense,Contemporary Fiction,Christian Duguay,16,5.5,12484,2000
A Serious Man,9228788,30710147,3614635,7000000,Oct 02 2009,R,NA,Focus Features,Original Screenplay,Comedy,Historical Fiction,Joel Coen,88,7.2,32396,2009
As Good as it Gets,148478011,314111923,NA,50000000,Dec 24 1997,PG-13,138,Sony Pictures,Original Screenplay,Romantic Comedy,Contemporary Fiction,James L. Brooks,85,7.8,92240,1997
A Single Man,9176000,19112672,2010869,7000000,Dec 11 2009,R,NA,Weinstein Co.,Based on Book/Short Story,Drama,Historical Fiction,NA,85,7.6,14548,2009
A Simple Plan,16316273,16316273,NA,17000000,Dec 11 1998,R,121,Paramount Pictures,Based on Book/Short Story,Drama,Contemporary Fiction,Sam Raimi,90,7.6,29095,1998
Assault On Precinct 13,20040895,36040895,NA,30000000,Jan 19 2005,R,NA,Focus/Rogue Pictures,Remake,Action,Contemporary Fiction,NA,60,7.4,13456,2005
The Astronaut's Wife,10672566,10672566,NA,34000000,Aug 27 1999,R,NA,New Line,Original Screenplay,Thriller/Suspense,Science Fiction,NA,16,4.9,20259,1999
The A-Team,77222099,176047914,NA,110000000,Jun 11 2010,PG-13,119,20th Century Fox,Based on TV,Action,NA,Joe Carnahan,47,7.2,29886,2010
At First Sight,22365133,22365133,NA,40000000,Jan 15 1999,PG-13,128,MGM,Original Screenplay,Drama,Contemporary Fiction,NA,33,5.6,6872,1999
ATL,21170563,21170563,29368071,17000000,Mar 31 2006,PG-13,NA,Warner Bros.,Original Screenplay,Comedy,Contemporary Fiction,NA,63,4.7,5480,2006
Hearts in Atlantis,24185781,30885781,NA,31000000,Sep 28 2001,PG-13,101,Warner Bros.,Based on Book/Short Story,Drama,Fantasy,NA,49,6.8,16336,2001
Autumn in New York,37752931,90717684,NA,40000000,Aug 11 2000,PG-13,106,MGM,Original Screenplay,Drama,Contemporary Fiction,Joan Chen,21,4.8,9309,2000
Atonement,50980159,129425746,15678677,30000000,Dec 07 2007,R,130,Focus Features,Based on Book/Short Story,Drama,Contemporary Fiction,Joe Wright,83,7.9,75491,2007
The Rules of Attraction,6525762,11799060,NA,4000000,Oct 11 2002,R,NA,Lionsgate,Based on Book/Short Story,Black Comedy,Contemporary Fiction,NA,44,6.7,26634,2002
August Rush,31664162,65627510,22082092,25000000,Nov 17 2007,PG,113,Warner Bros.,Based on Real Life Events,Drama,Fantasy,NA,37,7.5,28650,2007
Across the Universe,24343673,29367143,25759408,45000000,Sep 14 2007,PG-13,133,Sony Pictures,Original Screenplay,Musical,Historical Fiction,NA,53,7.5,45611,2007
Austin Powers in Goldmember,213117789,292738626,NA,63000000,Jul 25 2002,PG-13,94,New Line,Original Screenplay,Comedy,Science Fiction,Jay Roach,54,6.2,69140,2002
Australia,49551662,207482792,28789275,78000000,Nov 26 2008,PG-13,NA,20th Century Fox,Original Screenplay,Drama,Historical Fiction,Baz Luhrmann,54,6.8,38089,2008
Auto Focus,2062066,2703821,NA,7000000,Oct 18 2002,R,NA,Sony Pictures Classics,Based on Book/Short Story,Drama,Dramatization,Paul Schrader,72,6.6,7236,2002
Avatar,760167650,2767891499,146153933,237000000,Dec 18 2009,PG-13,NA,20th Century Fox,Original Screenplay,Action,Science Fiction,James Cameron,83,8.3,261439,2009
The Avengers,23385416,48585416,NA,60000000,Aug 14 1998,PG-13,91,Warner Bros.,Based on TV,Action,Contemporary Fiction,NA,15,3.4,21432,1998
The Aviator,102608827,214608827,NA,110000000,Dec 17 2004,PG-13,170,Miramax,Based on Real Life Events,Drama,Dramatization,Martin Scorsese,88,7.6,85740,2004
Around the World in 80 Days,24004159,72004159,NA,110000000,Jun 16 2004,PG,120,Walt Disney Pictures,Remake,Adventure,Historical Fiction,Frank Coraci,30,5.6,21516,2004
Awake,14373825,30757745,13038208,8600000,Nov 30 2007,R,NA,Weinstein Co.,Original Screenplay,Thriller/Suspense,Contemporary Fiction,NA,24,6.5,26076,2007
Away We Go,9451946,10108016,3788940,21000000,Jun 05 2009,R,98,Focus Features,Original Screenplay,Comedy,Contemporary Fiction,Sam Mendes,66,7.3,14929,2009
Don't Say a Word,54997476,104488383,NA,50000000,Sep 28 2001,R,113,20th Century Fox,Based on Book/Short Story,Thriller/Suspense,Contemporary Fiction,NA,23,6.1,22157,2001
Babe: Pig in the City,18319860,69131860,NA,80000000,Nov 25 1998,G,75,Universal,Based on Book/Short Story,Adventure,Kids Fiction,George Miller,61,6.1,9918,1998
Babel,34302837,135302837,31459208,20000000,Oct 27 2006,R,NA,Paramount Vantage,Original Screenplay,Drama,Contemporary Fiction,Alejandro Gonzalez Inarritu,69,7.6,95122,2006
Babylon A.D.,22532572,70216497,16787309,45000000,Aug 29 2008,PG-13,100,20th Century Fox,Based on Book/Short Story,Action,Science Fiction,Mathieu Kassovitz,7,5.3,27189,2008
Baby Geniuses,27151490,27151490,NA,13000000,Mar 12 1999,PG,94,Sony Pictures,Original Screenplay,Comedy,Kids Fiction,NA,2,2.2,9038,1999
Bad Boys II,138540870,272940870,NA,130000000,Jul 18 2003,R,147,Sony Pictures,Original Screenplay,Action,Contemporary Fiction,Michael Bay,24,6.2,58002,2003
Bad Company,30157016,69157016,NA,70000000,Jun 07 2002,PG-13,117,Walt Disney Pictures,Original Screenplay,Action,Contemporary Fiction,Joel Schumacher,10,5.3,17901,2002
Burn After Reading,60355347,163415735,19163475,37000000,Sep 12 2008,R,NA,Focus Features,Original Screenplay,Black Comedy,Contemporary Fiction,Joel Coen,78,7.2,92553,2008
Bait,15325127,15471969,NA,35000000,Sep 15 2000,R,NA,Warner Bros.,Original Screenplay,Action,Contemporary Fiction,Antoine Fuqua,26,5.6,5143,2000
Boys and Girls,21799652,21799652,NA,16000000,Jun 16 2000,PG-13,94,Miramax,Original Screenplay,Romantic Comedy,Contemporary Fiction,NA,11,4.9,7779,2000
Bangkok Dangerous,15298133,46598133,15494886,45000000,Sep 05 2008,R,98,Lionsgate,Remake,Action,Contemporary Fiction,Oxide Pang Chun,9,5.4,20931,2008
The Banger Sisters,30306281,38067218,NA,10000000,Sep 20 2002,R,98,20th Century Fox,Original Screenplay,Comedy,Contemporary Fiction,NA,47,5.5,7435,2002
Basic Instinct 2,5946136,35417162,6188980,70000000,Mar 31 2006,R,NA,Sony Pictures,Original Screenplay,Thriller/Suspense,Contemporary Fiction,Michael Caton-Jones,7,3.9,16784,2006
Basic,26599248,42598498,NA,50000000,Mar 28 2003,R,98,Sony Pictures,Original Screenplay,Thriller/Suspense,Contemporary Fiction,John McTiernan,21,6.3,25960,2003
Batman Begins,205343774,372353017,NA,150000000,Jun 15 2005,PG-13,140,Warner Bros.,Based on Comic/Graphic Novel,Action,Super Hero,Christopher Nolan,84,8.3,270641,2005
The Dark Knight,533345358,1022345358,234119058,185000000,Jul 18 2008,PG-13,152,Warner Bros.,Based on Comic/Graphic Novel,Action,Super Hero,Christopher Nolan,93,8.9,465000,2008
Bats,10155691,10155691,NA,6500000,Oct 22 1999,R,NA,Sony/Columbia,Original Screenplay,Horror,Science Fiction,NA,17,3.3,5565,1999
The Battle of Shaker Heights,280351,280351,NA,1000000,Aug 22 2003,PG-13,NA,Miramax,Original Screenplay,Comedy,NA,NA,43,6.1,2524,2003
Baby Boy,28734552,28734552,NA,16000000,Jun 27 2001,R,130,Sony Pictures,Original Screenplay,Drama,Contemporary Fiction,John Singleton,69,6.1,4485,2001
The Curious Case of Benjamin Button,127509326,329809326,42850598,160000000,Dec 25 2008,PG-13,167,Paramount Pictures,Based on Book/Short Story,Drama,Fantasy,David Fincher,72,8,137120,2008
Baby Mama,60494212,64391484,24304275,NA,Apr 25 2008,PG-13,99,Universal,Original Screenplay,Comedy,Contemporary Fiction,NA,63,6.1,16128,2008
Bless the Child,29374178,40435694,NA,40000000,Aug 11 2000,R,108,Paramount Pictures,Based on Book/Short Story,Thriller/Suspense,Fantasy,Chuck Russell,3,4.8,7765,2000
The Bachelor,21731001,36882378,NA,21000000,Nov 05 1999,PG-13,101,New Line,Remake,Romantic Comedy,Contemporary Fiction,NA,9,4.8,9030,1999
Be Cool,55849401,94849401,NA,75000000,Mar 04 2005,PG-13,115,MGM,Based on Book/Short Story,Comedy,Contemporary Fiction,F. Gary Gray,30,5.6,32082,2005
Big Daddy,163479795,234779795,NA,30000000,Jun 25 1999,PG-13,95,Sony Pictures,Original Screenplay,Comedy,Contemporary Fiction,Dennis Dugan,40,4.7,48,1999
Bedazzled,37879996,90376224,NA,48000000,Oct 20 2000,PG-13,93,20th Century Fox,Remake,Comedy,Contemporary Fiction,Harold Ramis,49,5.9,30946,2000
Body of Lies,39394666,108394666,22024703,67500000,Oct 10 2008,R,129,Warner Bros.,Based on Book/Short Story,Thriller/Suspense,Contemporary Fiction,Ridley Scott,52,7.2,53921,2008
Blood Diamond,57377916,171377916,62588936,100000000,Dec 08 2006,R,143,Warner Bros.,Original Screenplay,Action,Historical Fiction,Edward Zwick,62,8,118925,2006
Mr. Bean's Holiday,33302167,229736344,28248145,25000000,Aug 24 2007,G,88,Universal,Based on TV,Comedy,Contemporary Fiction,NA,50,6,28950,2007
Beautiful,3134509,3134509,NA,9000000,Sep 29 2000,PG-13,NA,Destination Films,Original Screenplay,Drama,Contemporary Fiction,Sally Field,15,4.4,2238,2000
Beavis and Butt-head Do America,63118386,63118386,NA,12000000,Dec 20 1996,PG-13,80,Paramount Pictures,Based on TV,Comedy,Contemporary Fiction,Mike Judge,71,6.6,22918,1996
In the Bedroom,35930604,43430604,NA,1700000,Nov 23 2001,R,130,Miramax,Based on Book/Short Story,Drama,Contemporary Fiction,Todd Field,93,7.5,20888,2001
Bee Movie,126631277,287594577,79628881,150000000,Nov 02 2007,PG,90,Paramount Pictures,Original Screenplay,Comedy,Kids Fiction,Steve Hickner,51,6.3,30575,2007
Being John Malkovich,22858926,32382381,NA,13000000,Oct 29 1999,R,112,USA Films,Original Screenplay,Black Comedy,Fantasy,Spike Jonze,92,7.9,113568,1999
Behind Enemy Lines,58855732,58855732,NA,40000000,Nov 30 2001,PG-13,106,20th Century Fox,Original Screenplay,Action,Historical Fiction,NA,36,6.1,32575,2001
Beloved,22852487,22852487,NA,53000000,Oct 16 1998,R,172,Walt Disney Pictures,Based on Book/Short Story,Drama,Historical Fiction,Jonathan Demme,77,5.3,102,1998
Beyond the Mat,2047570,2047570,NA,500000,Oct 22 1999,R,NA,Universal,Based on Real Life Events,Documentary,Factual,NA,82,7.2,4067,1999
The Benchwarmers,59843754,64843754,32764806,35000000,Apr 07 2006,PG-13,NA,Sony Pictures,Original Screenplay,Comedy,Contemporary Fiction,Dennis Dugan,12,5.4,17824,2006
The Last Airbender,131591957,290191957,NA,150000000,Jul 01 2010,(Missing),103,Paramount Pictures,Based on TV,Adventure,Fantasy,M. Night Shyamalan,7,4.4,16600,2010
Beowulf,82195215,194995215,35961910,150000000,Nov 16 2007,PG-13,115,Paramount Pictures,Based on Book/Short Story,Adventure,Fantasy,Robert Zemeckis,70,6.6,62513,2007
The Importance of Being Earnest,8378141,8378141,NA,15000000,May 22 2002,PG,NA,Miramax,Based on Play,Comedy,Historical Fiction,NA,58,6.7,9345,2002
Beauty Shop,36351350,38351350,NA,25000000,Mar 30 2005,PG-13,NA,MGM,Spin-Off,Comedy,Contemporary Fiction,Bille Woodruff,38,5.3,5468,2005
Big Fat Liar,47811275,52375275,NA,15000000,Feb 08 2002,PG,88,Universal,Original Screenplay,Comedy,Contemporary Fiction,Shawn Levy,43,5.2,9877,2002
Big Fish,66432867,123432867,NA,70000000,Dec 10 2003,PG-13,125,Sony Pictures,Based on Book/Short Story,Drama,Fantasy,Tim Burton,77,8.1,141099,2003
Before Sunset,5792822,11293790,NA,2000000,Jul 02 2004,R,NA,Warner Independent,Original Screenplay,Drama,Contemporary Fiction,Richard Linklater,95,8,45535,2004
The Big Hit,27066941,27066941,NA,13000000,Apr 24 1998,R,91,Sony Pictures,Original Screenplay,Action,Contemporary Fiction,NA,41,5.8,14157,1998
The Big Lebowski,17498804,46189568,NA,15000000,Mar 06 1998,R,127,Gramercy,Original Screenplay,Comedy,Contemporary Fiction,Joel Coen,78,8.2,177960,1998
Big Momma's House,117559438,173559438,NA,33000000,Jun 02 2000,PG-13,98,20th Century Fox,Original Screenplay,Comedy,Contemporary Fiction,Raja Gosnell,30,4.7,21318,2000
Black Hawk Down,108638745,173638745,970318,95000000,Dec 28 2001,R,144,Sony Pictures,Based on Book/Short Story,Action,Dramatization,Ridley Scott,76,7.7,98653,2001
Big Trouble,7262288,8488871,NA,45000000,Apr 05 2002,PG-13,NA,Walt Disney Pictures,Based on Book/Short Story,Comedy,Contemporary Fiction,Barry Sonnenfeld,48,6.3,11610,2002
Billy Elliot,21995263,109280263,NA,5000000,Oct 13 2000,PG-13,110,Focus Features,Original Screenplay,Drama,Contemporary Fiction,Stephen Daldry,85,7.7,38403,2000
Bicentennial Man,58220776,87420776,NA,90000000,Dec 17 1999,PG,132,Walt Disney Pictures,Based on Book/Short Story,Drama,Science Fiction,Chris Columbus,38,6.4,28827,1999
Birth,5005899,14603001,NA,20000000,Oct 29 2004,R,NA,New Line,Original Screenplay,Drama,Contemporary Fiction,NA,39,6.3,25,2004
Becoming Jane,18663911,37304637,8061456,16500000,Aug 03 2007,PG,120,Miramax,Based on Real Life Events,Romantic Comedy,Dramatization,NA,58,7,15167,2007
Bridget Jones's Diary,71500556,281527158,NA,25000000,Apr 13 2001,R,97,Miramax,Based on Book/Short Story,Romantic Comedy,Contemporary Fiction,NA,80,6.8,58213,2001
The Bank Job,30060660,63060660,17254299,20000000,Mar 07 2008,R,NA,Lionsgate,Based on Real Life Events,Thriller/Suspense,Dramatization,Roger Donaldson,79,7.5,50848,2008
Blade,70141876,131237688,NA,45000000,Aug 21 1998,R,121,New Line,Based on Comic/Graphic Novel,Action,Super Hero,Stephen Norrington,55,7,64896,1998
The Blair Witch Project,140539099,248300000,NA,600000,Jul 14 1999,R,87,Artisan,Original Screenplay,Horror,Contemporary Fiction,NA,85,6.2,87629,1999
Blast from the Past,26613620,26613620,NA,35000000,Feb 12 1999,PG-13,111,New Line,Original Screenplay,Comedy,Contemporary Fiction,Hugh Wilson,60,6.4,23243,1999
Blades of Glory,118594548,145594548,49219041,61000000,Mar 30 2007,PG-13,94,Paramount Pictures,Original Screenplay,Comedy,Contemporary Fiction,NA,69,6.5,51929,2007
The Blind Side,255959475,301759475,86139819,35000000,Nov 20 2009,PG-13,NA,Warner Bros.,Based on Factual Book/Article,Drama,Dramatization,NA,66,7.7,42320,2009
Blood Work,26199517,26199517,NA,50000000,Aug 09 2002,R,110,Warner Bros.,Based on Book/Short Story,Thriller/Suspense,Contemporary Fiction,Clint Eastwood,54,6.3,16751,2002
Black Christmas,16235738,16235738,28729107,9000000,Dec 25 2006,R,90,MGM,Remake,Horror,Contemporary Fiction,NA,15,4.3,10424,2006
Black Snake Moan,9396870,9396870,12540785,15000000,Mar 02 2007,R,115,Paramount Vantage,Original Screenplay,Drama,Contemporary Fiction,NA,66,7.1,28145,2007
Blindness,3073392,14542658,NA,25000000,Oct 03 2008,R,NA,Miramax,Based on Book/Short Story,Thriller/Suspense,Contemporary Fiction,Fernando Meirelles,42,6.6,25508,2008
Legally Blonde,96493426,141743426,NA,18000000,Jul 13 2001,PG-13,97,MGM,Original Screenplay,Comedy,Contemporary Fiction,Robert Luketic,67,6.2,44128,2001
Blood and Wine,1083350,1083350,NA,26000000,Feb 21 1997,R,NA,Fox Searchlight,Original Screenplay,Thriller/Suspense,Contemporary Fiction,Bob Rafelson,61,6.1,4761,1997
Blow,52990775,83282296,NA,30000000,Apr 06 2001,R,123,New Line,Based on Book/Short Story,Drama,Dramatization,Ted Demme,54,7.4,70218,2001
Blue Crush,40118420,51327420,NA,30000000,Aug 16 2002,PG-13,105,Universal,Based on Magazine Article,Drama,Contemporary Fiction,NA,62,5.5,11699,2002
Bamboozled,2185266,2373937,NA,10000000,Oct 06 2000,R,NA,New Line,Original Screenplay,Drama,Contemporary Fiction,Spike Lee,47,6.3,5958,2000
A Beautiful Mind,170708996,316708996,NA,78000000,Dec 21 2001,PG-13,135,Universal,Based on Magazine Article,Drama,Dramatization,Ron Howard,78,8,126067,2001
Big Momma's House 2,70165972,137047376,21234176,40000000,Jan 27 2006,PG-13,NA,20th Century Fox,Original Screenplay,Comedy,Contemporary Fiction,NA,6,4,11368,2006
The Boondock Saints,30471,250000,7468574,7000000,Jan 21 2000,R,NA,Indican Pictures,Original Screenplay,Action,NA,NA,19,7.8,86172,2000
Bandidas,0,10496317,7921142,35000000,Sep 22 2006,PG-13,NA,20th Century Fox,Original Screenplay,Western,Historical Fiction,NA,62,5.6,12103,2006
Bandits,41523271,71523271,NA,75000000,Oct 12 2001,PG-13,123,MGM,Original Screenplay,Comedy,Contemporary Fiction,Barry Levinson,63,6.5,30732,2001
Bobby,11242801,20597806,12345494,14000000,Nov 17 2006,R,120,MGM,Based on Real Life Events,Drama,Dramatization,Emilio Estevez,46,7.1,23262,2006
The Book of Eli,94835059,146452390,36862324,80000000,Jan 15 2010,R,NA,Warner Bros.,Original Screenplay,Action,Science Fiction,NA,47,6.9,47733,2010
Boogeyman,46752382,67192859,NA,20000000,Feb 04 2005,PG-13,NA,Sony/Screen Gems,Original Screenplay,Horror,Contemporary Fiction,NA,13,3.9,13901,2005
Bolt,114053579,313953579,82600642,150000000,Nov 21 2008,PG,NA,Walt Disney Pictures,Original Screenplay,Comedy,Kids Fiction,NA,88,7.4,32473,2008
The Other Boleyn Girl,26814957,72944278,8245298,40000000,Feb 29 2008,PG-13,NA,Sony Pictures,Based on Book/Short Story,Drama,Historical Fiction,NA,41,6.7,26198,2008
The Bone Collector,66488090,151463090,NA,48000000,Nov 05 1999,R,118,Universal,Based on Book/Short Story,Thriller/Suspense,Contemporary Fiction,Phillip Noyce,27,6.3,46961,1999
Bones,7316658,8378853,NA,10000000,Oct 24 2001,R,NA,New Line,Original Screenplay,Horror,Contemporary Fiction,NA,22,3.9,3524,2001
Bon Voyage,2353728,8361736,NA,20000000,Mar 19 2004,PG-13,NA,Sony Pictures,Original Screenplay,Comedy,Historical Fiction,NA,76,6.5,622,2004
Boogie Nights,26410771,43111725,NA,15000000,Oct 10 1997,R,152,New Line,Original Screenplay,Drama,Historical Fiction,Paul Thomas Anderson,92,7.9,70962,1997
The Bourne Identity,121468960,213300000,NA,60000000,Jun 14 2002,PG-13,110,Universal,Based on Book/Short Story,Action,Contemporary Fiction,Doug Liman,82,7.7,122597,2002
The Bourne Supremacy,176087450,288587450,NA,85000000,Jul 23 2004,PG-13,108,Universal,Based on Book/Short Story,Action,Contemporary Fiction,Paul Greengrass,81,7.6,104614,2004
The Bourne Ultimatum,227471070,442161562,123314592,130000000,Aug 03 2007,PG-13,114,Universal,Based on Book/Short Story,Action,Contemporary Fiction,Paul Greengrass,93,8.2,146025,2007
My Boss's Daughter,15549702,15549702,NA,14000000,Aug 22 2003,PG-13,NA,Miramax/Dimension,Original Screenplay,Romantic Comedy,Contemporary Fiction,David Zucker,9,4.3,10919,2003
Bounce,36779296,53399300,NA,35000000,Nov 17 2000,PG-13,106,Miramax,Original Screenplay,Drama,Contemporary Fiction,NA,51,5.5,10702,2000
Bowling for Columbine,21576018,58576018,NA,3000000,Oct 11 2002,R,NA,MGM,Based on Real Life Events,Documentary,Factual,Michael Moore,96,8.2,76928,2002
Boys Don't Cry,11540607,20741000,NA,2000000,Oct 08 1999,R,NA,Fox Searchlight,Original Screenplay,Drama,Dramatization,Kimberly Peirce,88,7.6,34435,1999
Bulletproof Monk,23010607,23010607,NA,52000000,Apr 16 2003,PG-13,NA,MGM,Based on Comic/Graphic Novel,Action,Fantasy,NA,22,5.2,17130,2003
Heartbreakers,40334024,57753825,NA,38000000,Mar 23 2001,PG-13,124,MGM,Original Screenplay,Comedy,Contemporary Fiction,NA,52,6.2,20962,2001
Beyond Borders,4426297,11427090,NA,60000000,Oct 24 2003,R,NA,Paramount Pictures,Original Screenplay,Drama,Historical Fiction,Martin Campbell,14,6.2,9575,2003
Bride Wars,58715510,115150424,29943338,30000000,Jan 09 2009,PG,NA,20th Century Fox,Original Screenplay,Comedy,Contemporary Fiction,NA,12,5,15762,2009
Breakfast of Champions,178287,178287,NA,12000000,Sep 17 1999,R,NA,Walt Disney Pictures,Based on Book/Short Story,Comedy,NA,Alan Rudolph,25,4.3,5033,1999
Brigham City,852206,852206,NA,1000000,Apr 06 2001,PG-13,NA,Excel Entertainment,Original Screenplay,Thriller/Suspense,NA,NA,71,7.1,758,2001
Bringing Out The Dead,16640210,16640210,NA,32000000,Oct 22 1999,R,120,Paramount Pictures,Based on Book/Short Story,Black Comedy,Contemporary Fiction,Martin Scorsese,71,6.8,31079,1999
Brokeback Mountain,83043761,180343761,31338042,13900000,Dec 09 2005,R,134,Focus Features,Based on Book/Short Story,Drama,Historical Fiction,Ang Lee,87,7.8,115951,2005
Breakin' All the Rules,12232382,12512317,NA,9000000,May 14 2004,PG-13,NA,20th Century Fox,Original Screenplay,Romantic Comedy,Contemporary Fiction,NA,33,5.3,2643,2004
Boiler Room,16963963,28773637,NA,9000000,Feb 18 2000,R,NA,New Line,Original Screenplay,Drama,Contemporary Fiction,NA,67,6.9,22979,2000
The Brothers Solomon,900926,900926,NA,10000000,Sep 07 2007,R,NA,Sony/Screen Gems,Original Screenplay,Comedy,Contemporary Fiction,NA,15,5.2,6044,2007
The Brothers,27457409,27958191,NA,6000000,Mar 23 2001,R,102,Sony Pictures,Original Screenplay,Comedy,Contemporary Fiction,NA,63,2.8,153,2001
Brown Sugar,27362712,28315272,NA,8000000,Oct 11 2002,PG-13,109,20th Century Fox,Original Screenplay,Romantic Comedy,Contemporary Fiction,NA,64,6,2745,2002
In Bruges,7800825,30782621,3467377,15000000,Feb 08 2008,R,NA,Focus Features,Original Screenplay,Comedy,Contemporary Fiction,NA,80,8.1,97876,2008
Barbershop,75781642,77081642,NA,12000000,Sep 13 2002,PG-13,103,MGM,Original Screenplay,Comedy,Contemporary Fiction,Tim Story,82,6.2,11164,2002
Best in Show,18621249,20695413,NA,6000000,Sep 27 2000,PG-13,90,Warner Bros.,Original Screenplay,Comedy,Contemporary Fiction,Christopher Guest,94,7.4,24484,2000
Bad Santa,60060328,60063017,NA,18000000,Nov 26 2003,R,91,Miramax/Dimension,Original Screenplay,Comedy,Contemporary Fiction,Terry Zwigoff,77,7.3,45022,2003
Inglourious Basterds,120831050,320389438,58414604,70000000,Aug 21 2009,R,152,Weinstein Co.,Original Screenplay,Action,Historical Fiction,Quentin Tarantino,88,8.4,178742,2009
Blue Streak,68208190,117448157,NA,36000000,Sep 17 1999,PG-13,95,Sony Pictures,Original Screenplay,Action,Contemporary Fiction,Les Mayfield,35,5.9,23545,1999
The Butterfly Effect,57924679,96046844,NA,13000000,Jan 23 2004,R,113,New Line,Original Screenplay,Thriller/Suspense,Science Fiction,NA,33,7.8,102982,2004
Batman & Robin,107325195,238317814,NA,125000000,Jun 20 1997,PG-13,130,Warner Bros.,Original Screenplay,Action,Super Hero,Joel Schumacher,11,3.5,81283,1997
Boat Trip,8586376,14933713,NA,15000000,Mar 21 2003,R,NA,Artisan,Original Screenplay,Comedy,Contemporary Fiction,NA,7,4.7,13258,2003
Bubble Boy,5002310,5002310,NA,13000000,Aug 24 2001,PG-13,NA,Walt Disney Pictures,Original Screenplay,Comedy,Contemporary Fiction,NA,30,5.4,11073,2001
Buffalo '66,2380606,2380606,NA,1500000,Jun 26 1998,R,NA,Lionsgate,Original Screenplay,Comedy,Contemporary Fiction,Vincent Gallo,78,7.3,17762,1998
Bulworth,26528684,29203383,NA,30000000,May 15 1998,R,107,20th Century Fox,Original Screenplay,Comedy,Contemporary Fiction,Warren Beatty,75,6.8,15486,1998
Bowfinger,66458769,98699769,NA,55000000,Aug 13 1999,PG-13,96,Universal,Original Screenplay,Comedy,Contemporary Fiction,Frank Oz,79,6.4,33389,1999
Bewitched,63313159,131413159,NA,80000000,Jun 24 2005,PG-13,100,Sony Pictures,Based on TV,Comedy,Fantasy,Nora Ephron,24,4.8,26834,2005
Beyond the Sea,6144806,7061637,NA,24000000,Dec 17 2004,PG-13,NA,Lionsgate,Based on Real Life Events,Drama,Dramatization,Kevin Spacey,42,6.6,8002,2004
Cadillac Records,8138000,8138000,10049741,12000000,Dec 05 2008,R,108,Sony Pictures,Based on Real Life Events,Drama,Dramatization,NA,67,6.7,5026,2008
Can't Hardly Wait,25358996,25358996,NA,10000000,Jun 12 1998,PG-13,98,Sony Pictures,Original Screenplay,Comedy,Contemporary Fiction,NA,44,6.2,19470,1998
Capote,28750530,46309352,17031573,7000000,Sep 30 2005,R,NA,Sony Pictures Classics,Based on Real Life Events,Drama,Dramatization,Bennett Miller,90,7.6,41472,2005
The Rage: Carrie 2,17760244,17760244,NA,21000000,Mar 12 1999,R,101,MGM,Based on Book/Short Story,Horror,Contemporary Fiction,NA,16,4.3,7235,1999
Cars,244082982,461923762,246114559,70000000,Jun 09 2006,G,NA,Walt Disney Pictures,Original Screenplay,Comedy,Kids Fiction,John Lasseter,74,7.5,66809,2006
Cast Away,233632142,427230516,NA,85000000,Dec 22 2000,PG-13,144,20th Century Fox,Original Screenplay,Drama,Contemporary Fiction,Robert Zemeckis,89,7.5,102936,2000
Catch Me if You Can,164606800,351106800,NA,52000000,Dec 25 2002,PG-13,141,Dreamworks SKG,Based on Book/Short Story,Drama,Dramatization,Steven Spielberg,96,5.7,224,2002
Cats Don't Dance,3588602,3588602,NA,32000000,Mar 26 1997,G,NA,Warner Bros.,Original Screenplay,Musical,Fantasy,Mark Dindal,67,6.9,1663,1997
Catwoman,40202379,82102379,NA,100000000,Jul 23 2004,PG-13,104,Warner Bros.,Based on Comic/Graphic Novel,Action,Super Hero,NA,10,3.2,34651,2004
Cecil B. Demented,1276984,1953882,NA,10000000,Aug 11 2000,R,NA,Artisan,Original Screenplay,Black Comedy,Contemporary Fiction,John Waters,51,5.9,7565,2000
The Country Bears,16988996,16988996,NA,20000000,Jul 26 2002,G,NA,Walt Disney Pictures,Disney Ride,Adventure,Kids Fiction,NA,27,3.8,2021,2002
Center Stage,17200925,17200925,NA,18000000,May 12 2000,PG-13,NA,Sony Pictures,Original Screenplay,Drama,Contemporary Fiction,NA,42,6.2,7968,2000
Critical Care,220175,220175,NA,12000000,Oct 31 1997,R,NA,NA,NA,(Missing),NA,Sidney Lumet,53,6,895,1997
Connie & Carla,8047525,8047525,NA,20000000,Apr 16 2004,PG-13,NA,Universal,Original Screenplay,Comedy,Contemporary Fiction,Michael Lembeck,44,6,4359,2004
Crocodile Dundee in Los Angeles,25590119,39393111,NA,25000000,Apr 20 2001,PG,95,Paramount Pictures,Original Screenplay,Adventure,Contemporary Fiction,Simon Wincer,12,4.6,7082,2001
Celebrity,5078660,6200000,NA,12000000,Nov 20 1998,R,NA,Miramax,Original Screenplay,Comedy,Contemporary Fiction,Woody Allen,41,6.1,10978,1998
The Cell,61280963,61280963,NA,35000000,Aug 18 2000,R,109,New Line,Original Screenplay,Thriller/Suspense,Science Fiction,NA,46,6.2,36961,2000
Cellular,32003620,45261739,NA,45000000,Sep 10 2004,PG-13,94,New Line,Original Screenplay,Thriller/Suspense,Contemporary Fiction,David R. Ellis,54,6.5,32534,2004
City of Ember,7871693,11817059,6086988,38000000,Oct 10 2008,PG,94,20th Century Fox,Based on Book/Short Story,Adventure,Fantasy,Gil Kenan,53,6.4,14905,2008
Charlie and the Chocolate Factory,206459076,474459076,NA,150000000,Jul 15 2005,PG,115,Warner Bros.,Remake,Comedy,Kids Fiction,Tim Burton,82,7.1,102437,2005
Catch a Fire,4299773,5699773,NA,14000000,Oct 27 2006,PG-13,101,Focus Features,Based on Real Life Events,Thriller/Suspense,Dramatization,Phillip Noyce,76,6.8,5959,2006
Charlie's Angels,125305545,263200000,NA,90000000,Nov 03 2000,PG-13,98,Sony Pictures,Based on TV,Adventure,Contemporary Fiction,Joseph McGinty Nichol,67,5.5,60791,2000
Chasing Amy,12006514,15155095,NA,250000,Apr 04 1997,R,NA,Miramax,Original Screenplay,Romantic Comedy,Contemporary Fiction,Kevin Smith,91,7.5,63591,1997
Chicago,170687518,307687518,NA,30000000,Dec 27 2002,PG-13,113,Miramax,Based on Musical/Opera,Musical,Historical Fiction,Rob Marshall,88,7.2,82650,2002
Chicken Little,135386665,314432738,142108745,60000000,Nov 04 2005,G,80,Walt Disney Pictures,Original Screenplay,Adventure,Kids Fiction,Mark Dindal,36,5.8,17415,2005
Chicken Run,106793915,227793915,NA,42000000,Jun 21 2000,G,84,Dreamworks SKG,Original Screenplay,Adventure,Kids Fiction,Nick Park,96,7.3,48307,2000
Cheaper by the Dozen,138614544,189714544,NA,40000000,Dec 25 2003,PG,98,20th Century Fox,Remake,Comedy,Contemporary Fiction,Shawn Levy,24,5.6,24283,2003
Cheaper by the Dozen 2,82571173,135015330,26537982,60000000,Dec 21 2005,PG,94,20th Century Fox,Remake,Comedy,Contemporary Fiction,Adam Shankman,7,5.2,11858,2005
Cheri,2715657,2715657,NA,23000000,Jun 26 2009,R,NA,Miramax,Based on Book/Short Story,Drama,Historical Fiction,Stephen Frears,54,6.1,3307,2009
Chill Factor,11263966,11263966,NA,34000000,Sep 01 1999,R,NA,Warner Bros.,Original Screenplay,Action,Contemporary Fiction,NA,7,4.9,5374,1999
Bride of Chucky,32404188,50692188,NA,25000000,Oct 16 1998,R,89,Universal,Original Screenplay,Horror,Fantasy,Ronny Yu,43,5.3,13735,1998
Seed of Chucky,17016190,24716190,NA,29000000,Nov 12 2004,R,NA,Focus/Rogue Pictures,Original Screenplay,Horror,Contemporary Fiction,NA,32,5.1,9897,2004
Children of Men,35552383,69450202,25345271,76000000,Dec 25 2006,R,114,Universal,Based on Book/Short Story,Thriller/Suspense,Science Fiction,Alfonso Cuaron,93,8.1,158125,2006
Love in the Time of Cholera,4617608,31077418,NA,45000000,Nov 16 2007,R,139,New Line,Based on Book/Short Story,Drama,Historical Fiction,Mike Newell,27,6.2,8580,2007
Chocolat,71309760,152500343,NA,25000000,Dec 15 2000,PG-13,122,Miramax,Based on Book/Short Story,Drama,Historical Fiction,Lasse Hallstrom,62,7.3,56176,2000
The Children of Huang Shi,1031872,5527507,NA,20000000,May 23 2008,R,NA,Sony Pictures Classics,Based on Real Life Events,Drama,Dramatization,NA,31,6.9,4100,2008
Chairman of the Board,306715,306715,NA,7000000,Mar 13 1998,PG-13,NA,Trimark,Original Screenplay,Comedy,Contemporary Fiction,NA,14,2.1,3164,1998
The Chumscrubber,49526,49526,NA,6800000,Aug 05 2005,R,NA,Picturehouse,Original Screenplay,Drama,Contemporary Fiction,NA,34,7,10449,2005
Charlotte's Web,82985708,143985708,83571732,82500000,Dec 15 2006,G,98,Paramount Pictures,Based on Book/Short Story,Drama,Fantasy,Gary Winick,78,6.7,8028,2006
Cinderella Man,61649911,108539911,NA,88000000,Jun 03 2005,PG-13,144,Universal,Based on Real Life Events,Drama,Dramatization,Ron Howard,80,8,63111,2005
A Cinderella Story,51438175,70067909,NA,19000000,Jul 16 2004,PG,95,Warner Bros.,Traditional/Legend/Fairytale,Romantic Comedy,Contemporary Fiction,NA,10,5.4,14904,2004
City of Angels,78750909,198750909,NA,55000000,Apr 10 1998,PG-13,117,Warner Bros.,Remake,Drama,Fantasy,Brad Silberling,59,6.4,40053,1998
A Civil Action,56709981,56709981,NA,60000000,Dec 25 1998,PG-13,112,Walt Disney Pictures,Based on Book/Short Story,Drama,Contemporary Fiction,Steven Zaillian,61,6.4,14244,1998
The Cookout,11540112,11540112,NA,16000000,Sep 03 2004,PG-13,NA,Lionsgate,Original Screenplay,Comedy,Contemporary Fiction,NA,5,3.2,1659,2004
The Claim,622023,622023,NA,13000000,Dec 29 2000,R,NA,MGM,Based on Book/Short Story,Western,Historical Fiction,NA,63,6.5,3681,2000
Cold Mountain,95632614,161632614,NA,80000000,Dec 25 2003,R,152,Miramax,Based on Book/Short Story,Drama,Historical Fiction,Anthony Minghella,70,7.3,51083,2003
Click,137355633,237555633,81244755,82500000,Jun 23 2006,PG-13,NA,Sony Pictures,Original Screenplay,Comedy,Fantasy,Frank Coraci,32,5,133,2006
Code Name: The Cleaner,8135024,8135024,4492233,20000000,Jan 05 2007,PG-13,91,New Line,Original Screenplay,Comedy,Contemporary Fiction,Les Mayfield,4,4,5277,2007
Welcome to Collinwood,378650,378650,NA,12000000,Oct 04 2002,R,NA,Warner Bros.,NA,(Missing),NA,NA,53,6.2,7887,2002
Closer,33987757,115987757,NA,35000000,Dec 03 2004,R,104,Sony Pictures,Based on Play,Drama,Contemporary Fiction,Mike Nichols,68,2.9,212,2004
Clerks II,24148068,25894473,26411041,5000000,Jul 21 2006,R,NA,MGM,Original Screenplay,Comedy,Contemporary Fiction,Kevin Smith,63,7.7,56668,2006
Maid in Manhattan,93932896,154832896,NA,55000000,Dec 13 2002,PG-13,105,Sony Pictures,Original Screenplay,Romantic Comedy,Contemporary Fiction,Wayne Wang,39,4.6,30370,2002
It's Complicated,112735375,224614744,29195673,75000000,Dec 25 2009,R,NA,Universal,Original Screenplay,Romantic Comedy,Contemporary Fiction,Nancy Meyers,57,6.7,17748,2009
The Company,2281585,3396508,NA,15000000,Dec 25 2003,PG-13,NA,Sony Pictures,Original Screenplay,Drama,Contemporary Fiction,Robert Altman,69,6.2,3649,2003
Constantine,75976178,230884728,NA,75000000,Feb 18 2005,R,122,Warner Bros.,Based on Comic/Graphic Novel,Action,Contemporary Fiction,Francis Lawrence,46,6.7,78705,2005
The Contender,17804273,17804273,NA,9000000,Oct 13 2000,R,NA,Dreamworks SKG,Original Screenplay,Drama,Contemporary Fiction,Rod Lurie,76,6.9,13709,2000
Control,871577,5645350,NA,6400000,Oct 10 2007,R,NA,Weinstein Co.,Based on Book/Short Story,Drama,Dramatization,NA,87,7.8,19466,2007
Centurion,119621,119621,NA,15000000,Aug 27 2010,(Missing),NA,Magnolia Pictures,NA,(Missing),NA,NA,55,6.5,8997,2010
Coach Carter,67264877,76669806,NA,45000000,Jan 14 2005,PG-13,136,Paramount Pictures,Original Screenplay,Drama,Contemporary Fiction,NA,65,7.1,23526,2005
Confessions of a Dangerous Mind,16007718,33013805,NA,29000000,Dec 31 2002,R,NA,Miramax,Based on Book/Short Story,Drama,Dramatization,George Clooney,79,7.1,36258,2002
Agent Cody Banks,47545060,58240458,NA,25000000,Mar 14 2003,PG,102,MGM,Original Screenplay,Comedy,Kids Fiction,NA,38,5.1,9527,2003
Collateral,100170152,217670152,NA,60000000,Aug 06 2004,R,120,Dreamworks SKG,Original Screenplay,Action,Contemporary Fiction,Michael Mann,86,7.8,105362,2004
College,4694491,5629618,NA,6000000,Aug 29 2008,R,94,MGM,Original Screenplay,Comedy,Contemporary Fiction,NA,5,4.3,6496,2008
Come Early Morning,119452,119452,NA,6000000,Nov 10 2006,R,NA,IDP/Goldwyn/Roadside,Original Screenplay,Drama,Contemporary Fiction,Joey Lauren Adams,83,6.2,1511,2006
Con Air,101117573,224117573,NA,80000000,Jun 06 1997,R,115,Walt Disney Pictures,Original Screenplay,Action,Contemporary Fiction,Simon West,57,6.6,76052,1997
Confidence,12212417,12212417,NA,15000000,Apr 25 2003,R,NA,Lionsgate,Original Screenplay,Drama,Contemporary Fiction,James Foley,71,6.8,17111,2003
Conspiracy Theory,76118990,137118990,NA,80000000,Aug 08 1997,R,135,Warner Bros.,Original Screenplay,Thriller/Suspense,Contemporary Fiction,Richard Donner,51,6.5,35719,1997
Contact,100920329,165900000,NA,90000000,Jul 11 1997,PG,150,Warner Bros.,Based on Book/Short Story,Drama,Science Fiction,Robert Zemeckis,67,7.3,73684,1997
The Cooler,8291572,10464788,NA,4000000,Nov 26 2003,R,NA,Lionsgate,Original Screenplay,Drama,Contemporary Fiction,NA,77,7,19072,2003
Corky Romano,23978402,23978402,NA,11000000,Oct 12 2001,PG-13,86,Walt Disney Pictures,Original Screenplay,Comedy,Contemporary Fiction,NA,5,4.2,6739,2001
Coraline,75286229,124062750,46101073,60000000,Feb 06 2009,PG,100,Focus Features,Based on Book/Short Story,Adventure,Kids Fiction,NA,89,7.8,38464,2009
Confessions of a Teenage Drama Queen,29331068,33051296,NA,15000000,Feb 20 2004,PG,89,Walt Disney Pictures,Based on Book/Short Story,Comedy,Contemporary Fiction,NA,13,4.3,9976,2004
The Covenant,23364784,38164784,26360430,20000000,Sep 08 2006,PG-13,95,Sony/Screen Gems,Based on Comic/Graphic Novel,Thriller/Suspense,Contemporary Fiction,Renny Harlin,3,4.8,17736,2006
Cop Land,44906632,63706632,NA,15000000,Aug 15 1997,R,105,Miramax,Original Screenplay,Drama,Contemporary Fiction,James Mangold,71,6.9,35192,1997
Couples Retreat,109205660,172450423,34715888,60000000,Oct 09 2009,PG-13,113,Universal,Original Screenplay,Comedy,Contemporary Fiction,Peter Billingsley,12,5.5,18332,2009
Cradle Will Rock,2899970,2899970,NA,32000000,Dec 08 1999,R,NA,Walt Disney Pictures,Original Screenplay,Drama,Dramatization,Tim Robbins,64,6.7,6127,1999
Crank,27838408,33824696,28776986,12000000,Sep 01 2006,R,88,Lionsgate,Original Screenplay,Action,Contemporary Fiction,NA,61,7.1,71094,2006
Crash,3357324,3357324,NA,10000000,Oct 04 1996,R,NA,Fine Line,Based on Book/Short Story,Drama,Contemporary Fiction,David Cronenberg,65,6.1,20886,1996
The Crazies,39123589,43027734,8835872,20000000,Feb 26 2010,R,NA,Overture Films,Remake,Horror,Contemporary Fiction,NA,71,6.7,21135,2010
Crazy in Alabama,1954202,1954202,NA,15000000,Oct 22 1999,PG-13,NA,Sony Pictures,Based on Book/Short Story,Drama,Contemporary Fiction,Antonio Banderas,31,5.7,3991,1999
The Crew,13019253,13019253,NA,23000000,Aug 25 2000,PG-13,NA,Walt Disney Pictures,Original Screenplay,Comedy,Contemporary Fiction,NA,19,6,1307,2000
Cradle 2 the Grave,34657731,56434942,NA,25000000,Feb 28 2003,R,101,Warner Bros.,Original Screenplay,Horror,Contemporary Fiction,Andrzej Bartkowiak,26,5.4,14834,2003
The In Crowd,5217498,5217498,NA,15000000,Jul 19 2000,PG-13,NA,Warner Bros.,Original Screenplay,Thriller/Suspense,Contemporary Fiction,NA,2,4.2,2720,2000
The Corruptor,15164492,15164492,NA,10000000,Mar 12 1999,R,110,New Line,Original Screenplay,Action,Contemporary Fiction,James Foley,48,5.8,9008,1999
Crash,54557348,98387109,NA,6500000,May 06 2005,R,107,Lionsgate,Original Screenplay,Drama,Contemporary Fiction,Paul Haggis,75,6.1,20886,2005
Crossover,7009668,7009668,2177636,5600000,Sep 01 2006,PG-13,NA,Sony Pictures,Original Screenplay,Drama,Contemporary Fiction,NA,3,1.7,7466,2006
Crossroads,37188667,57000000,NA,12000000,Feb 15 2002,PG-13,93,Paramount Pictures,Original Screenplay,Drama,Contemporary Fiction,NA,14,6.6,4894,2002
The Count of Monte Cristo,54228104,54228104,NA,40000000,Jan 25 2002,PG-13,131,Walt Disney Pictures,Based on Book/Short Story,Drama,Historical Fiction,Kevin Reynolds,74,7.6,40605,2002
Cruel Intentions,38230075,75803716,NA,11000000,Mar 05 1999,R,95,Sony Pictures,Based on Book/Short Story,Drama,Contemporary Fiction,Roger Kumble,47,6.7,66861,1999
The Cry of the Owl,0,0,NA,11500000,Nov 27 2009,R,NA,NA,Based on Book/Short Story,Thriller/Suspense,Contemporary Fiction,NA,14,6.2,1244,2009
Cry Wolf,10047674,15585495,NA,1000000,Sep 16 2005,PG-13,NA,Focus/Rogue Pictures,Original Screenplay,Thriller/Suspense,Contemporary Fiction,NA,24,6.4,372,2005
Crazy Heart,39462438,47163756,13929671,8500000,Dec 16 2009,R,NA,Fox Searchlight,Original Screenplay,Drama,Contemporary Fiction,NA,92,7.4,17255,2009
The Last Castle,18208078,20541668,NA,60000000,Oct 19 2001,R,NA,Dreamworks SKG,Original Screenplay,Drama,Contemporary Fiction,Rod Lurie,52,6.5,21621,2001
Clockstoppers,36985501,38788828,NA,26000000,Mar 29 2002,PG,94,Paramount Pictures,Original Screenplay,Adventure,Science Fiction,Jonathan Frakes,28,5,6392,2002
Cats & Dogs,93375151,200700000,NA,60000000,Jul 04 2001,PG,91,Warner Bros.,Original Screenplay,Comedy,Contemporary Fiction,NA,53,5.2,16912,2001
The City of Your Final Destination,493296,493296,NA,8300000,Apr 16 2010,PG-13,114,Hyde Park Films,Based on Book/Short Story,Drama,Contemporary Fiction,James Ivory,40,6.6,430,2010
City by the Sea,22433915,22433915,NA,40000000,Sep 06 2002,R,NA,Warner Bros.,Based on Magazine Article,Drama,Contemporary Fiction,Michael Caton-Jones,48,6.1,13487,2002
Coyote Ugly,60786269,115786269,NA,45000000,Aug 04 2000,PG-13,101,Walt Disney Pictures,Based on Real Life Events,Drama,Contemporary Fiction,NA,21,5.3,33808,2000
Curious George,58640119,70114174,47809786,50000000,Feb 10 2006,G,NA,Universal,Based on Book/Short Story,Comedy,Contemporary Fiction,NA,69,6.7,5393,2006
Cloudy with a Chance of Meatballs,124870275,139525862,42574228,100000000,Sep 18 2009,PG,90,Sony Pictures,Based on Book/Short Story,Comedy,Kids Fiction,Phil Lord,86,7.2,19913,2009
Charlie Wilson's War,66661095,118661095,17517037,75000000,Dec 21 2007,R,NA,Universal,Based on Book/Short Story,Drama,Dramatization,Mike Nichols,81,7.3,43168,2007
Daddy Day Camp,13235267,18197398,5405521,76000000,Aug 08 2007,PG,85,Sony Pictures,Original Screenplay,Comedy,Contemporary Fiction,NA,1,2.4,6809,2007
Daddy Day Care,104148781,164285587,NA,60000000,May 09 2003,PG,92,Sony Pictures,Original Screenplay,Comedy,Contemporary Fiction,Steve Carr,28,5.5,14944,2003
The Black Dahlia,22672813,46672813,12350794,60000000,Sep 15 2006,R,121,Universal,Based on Book/Short Story,Thriller/Suspense,Historical Fiction,Brian De Palma,33,5.6,35210,2006
Diary of a Mad Black Woman,50406346,50425450,NA,5500000,Feb 25 2005,PG-13,116,Lionsgate,Based on Play,Drama,Contemporary Fiction,NA,16,4.9,5565,2005
Dance Flick,25662155,32092761,NA,25000000,May 22 2009,PG-13,83,Paramount Pictures,Original Screenplay,Comedy,Contemporary Fiction,Damien Wayans,17,3.4,5002,2009
Daredevil,102543518,179179718,NA,80000000,Feb 14 2003,PG-13,105,20th Century Fox,Based on Comic/Graphic Novel,Action,Super Hero,Mark Steven Johnson,44,5.5,63574,2003
Dark City,14435076,27257061,NA,27000000,Feb 27 1998,R,NA,New Line,Original Screenplay,Thriller/Suspense,Fantasy,Alex Proyas,77,7.8,62991,1998
Donnie Darko,1270522,4116307,NA,4500000,Oct 26 2001,R,NA,Newmarket Films,Original Screenplay,Drama,Fantasy,Richard Kelly,84,8.3,210713,2001
Dark Water,25473093,49473093,NA,60000000,Jul 08 2005,PG-13,NA,Walt Disney Pictures,Remake,Thriller/Suspense,Fantasy,Walter Salles,46,5.6,19652,2005
Win a Date with Tad Hamilton!,16980098,16980098,NA,24000000,Jan 23 2004,PG-13,NA,Dreamworks SKG,Original Screenplay,Romantic Comedy,Contemporary Fiction,Robert Luketic,52,5.7,10366,2004
Date Movie,48548426,84548426,18840886,20000000,Feb 17 2006,PG-13,NA,20th Century Fox,Original Screenplay,Comedy,Contemporary Fiction,Jason Friedberg,6,2.6,31821,2006
Date Night,98711404,152253432,19432795,55000000,Apr 09 2010,PG-13,NA,20th Century Fox,Original Screenplay,Comedy,Contemporary Fiction,Shawn Levy,67,6.5,22925,2010
Dawn of the Dead,58990765,102290765,NA,28000000,Mar 19 2004,R,100,Universal,Remake,Horror,Science Fiction,Zack Snyder,76,7.4,73875,2004
The Great Debaters,30226144,30226144,24133037,15000000,Dec 25 2007,PG-13,130,Weinstein Co.,Based on Real Life Events,Drama,Dramatization,Denzel Washington,79,7.6,14530,2007
Double Jeopardy,116735231,177835231,NA,40000000,Sep 24 1999,R,105,Paramount Pictures,Original Screenplay,Action,Contemporary Fiction,Bruce Beresford,25,6,28887,1999
Deep Blue Sea,73648228,165048228,NA,60000000,Jul 28 1999,R,105,Warner Bros.,Original Screenplay,Action,Contemporary Fiction,Renny Harlin,57,5.6,44191,1999
Drive Me Crazy,17843379,22591451,NA,8000000,Oct 01 1999,PG-13,91,20th Century Fox,Based on Book/Short Story,Comedy,Contemporary Fiction,John Schultz,26,5.1,6968,1999
Dancer in the Dark,4157491,45557491,NA,12500000,Sep 22 2000,R,NA,Fine Line,Original Screenplay,Musical,Contemporary Fiction,NA,68,7.8,36542,2000
Dear John,80014842,112014842,19179552,25000000,Feb 05 2010,PG-13,NA,Sony/Screen Gems,Based on Book/Short Story,Drama,Contemporary Fiction,Lasse Hallstrom,28,7,246,2010
Dear Wendy,23106,446438,NA,8000000,Sep 23 2005,Not Rated,NA,WellSpring,Original Screenplay,Drama,NA,Thomas Vinterberg,37,6.6,5574,2005
Deconstructing Harry,10686841,10686841,NA,20000000,Dec 12 1997,R,NA,Fine Line,Original Screenplay,Romantic Comedy,Contemporary Fiction,Woody Allen,70,7.2,16820,1997
Mr. Deeds,126293452,171269535,NA,50000000,Jun 28 2002,PG-13,96,Sony Pictures,Based on Book/Short Story,Comedy,Contemporary Fiction,NA,22,5.5,39756,2002
The Deep End of the Ocean,13508635,13508635,NA,40000000,Mar 12 1999,PG-13,NA,Sony Pictures,Based on Book/Short Story,Drama,Contemporary Fiction,NA,42,6,5790,1999
Deep Rising,11203026,11203026,NA,45000000,Jan 30 1998,R,NA,Walt Disney Pictures,Original Screenplay,Action,Contemporary Fiction,Stephen Sommers,30,5.7,12484,1998
Death at a Funeral,42739347,42739347,9750680,21000000,Apr 16 2010,R,NA,Sony Pictures,Remake,Comedy,Contemporary Fiction,Neil LaBute,38,5.1,6628,2010
Delgo,915840,915840,NA,40000000,Dec 12 2008,PG,88,Freestyle Releasing,Original Screenplay,Adventure,Kids Fiction,NA,12,4.4,1177,2008
Despicable Me,244885070,333572855,NA,69000000,Jul 09 2010,PG,95,Universal,NA,Comedy,NA,NA,80,7.7,10529,2010
Deuce Bigalow: European Gigolo,22400154,44400154,NA,22000000,Aug 12 2005,R,NA,Sony Pictures,Original Screenplay,Comedy,Contemporary Fiction,NA,10,4.3,18228,2005
Deuce Bigalow: Male Gigolo,65535067,92935067,NA,18000000,Dec 10 1999,R,88,Walt Disney Pictures,Original Screenplay,Comedy,Contemporary Fiction,NA,23,5.6,25397,1999
The Devil's Own,42885593,140900000,NA,90000000,Mar 26 1997,R,NA,Sony Pictures,Based on Book/Short Story,Thriller/Suspense,Contemporary Fiction,Alan J. Pakula,29,5.8,21331,1997
Darkness Falls,32539681,32539681,NA,7000000,Jan 24 2003,PG-13,86,Sony Pictures,Original Screenplay,Horror,Fantasy,NA,8,4.6,12771,2003
Defiance,28644813,42268745,13421577,50000000,Dec 31 2008,R,NA,Paramount Vantage,Original Screenplay,Drama,Historical Fiction,Edward Zwick,56,5.9,362,2008
A Dog of Flanders,2165637,2165637,NA,7000000,Aug 27 1999,PG,NA,Warner Bros.,Based on Book/Short Story,Drama,Historical Fiction,NA,17,5.9,482,1999
Dragonfly,30063805,30063805,NA,60000000,Feb 22 2002,PG-13,104,Universal,Original Screenplay,Drama,Fantasy,Tom Shadyac,7,5.8,14098,2002
The Dead Girl,19875,19875,NA,3300000,Dec 29 2006,R,NA,First Look,Original Screenplay,Thriller/Suspense,Contemporary Fiction,NA,73,6.8,7122,2006
Dick,6276869,6276869,NA,13000000,Aug 04 1999,PG-13,NA,Sony Pictures,Original Screenplay,Comedy,Historical Fiction,Andrew Fleming,70,6.1,10451,1999
Live Free or Die Hard,134529403,383531464,100774964,110000000,Jun 27 2007,PG-13,128,20th Century Fox,Based on Book/Short Story,Action,Contemporary Fiction,Len Wiseman,82,7.5,130559,2007
Dirty Work,10020081,10020081,NA,13000000,Jun 12 1998,PG-13,NA,MGM,Original Screenplay,Comedy,Contemporary Fiction,NA,17,4.8,207,1998
Disaster Movie,14190901,34690901,9859088,20000000,Aug 29 2008,PG-13,88,Lionsgate,Original Screenplay,Comedy,Contemporary Fiction,Jason Friedberg,2,1.7,34928,2008
District 9,115646235,206552113,30058184,30000000,Aug 14 2009,R,111,Sony Pictures,Original Screenplay,Thriller/Suspense,Science Fiction,Neill Blomkamp,91,8.3,151742,2009
Disturbing Behavior,17507368,17507368,NA,15000000,Jul 24 1998,R,83,MGM,Original Screenplay,Thriller/Suspense,Contemporary Fiction,NA,30,5.2,9394,1998
Dark Blue,9237470,11933396,NA,15000000,Feb 21 2003,R,NA,MGM,Original Screenplay,Drama,Contemporary Fiction,Ron Shelton,57,6.6,10881,2003
De-Lovely,13337299,18396382,NA,4000000,Jun 25 2004,PG-13,NA,MGM,Based on Real Life Events,Drama,Historical Fiction,NA,49,6.5,6086,2004
Madea's Family Reunion,63257940,63308879,26508859,10000000,Feb 24 2006,PG-13,NA,Lionsgate,Based on Play,Comedy,Contemporary Fiction,Tyler Perry,26,3.9,5369,2006
Dead Man on Campus,15064948,15064948,NA,14000000,Aug 21 1998,R,93,Paramount Pictures,Original Screenplay,Black Comedy,Contemporary Fiction,NA,15,5.6,7109,1998
Drowning Mona,15427192,15427192,NA,16000000,Mar 03 2000,PG-13,NA,Destination Films,Original Screenplay,Comedy,Contemporary Fiction,NA,29,5.3,7606,2000
Diamonds,81897,81897,NA,11900000,Dec 10 1999,PG-13,NA,Miramax,NA,(Missing),NA,NA,26,5.3,976,1999
Doomsday,11008770,21621188,8666480,33000000,Mar 14 2008,R,NA,Universal,Original Screenplay,Action,Science Fiction,NA,48,6,34035,2008
Dinosaur,137748063,356148063,NA,127500000,May 19 2000,PG,82,Walt Disney Pictures,Original Screenplay,Adventure,Kids Fiction,NA,65,6.2,13962,2000
DOA: Dead or Alive,480314,2670860,1370874,30000000,Jun 15 2007,PG-13,NA,Weinstein/Dimension,Based on Game,Action,Fantasy,Corey Yuen,34,4.9,16646,2007
Dogma,30651422,43948865,NA,10000000,Nov 12 1999,R,135,Lionsgate,Original Screenplay,Comedy,Contemporary Fiction,Kevin Smith,68,7.3,100476,1999
Domestic Disturbance,45207112,45207112,NA,53000000,Nov 02 2001,PG-13,89,Paramount Pictures,Original Screenplay,Thriller/Suspense,Contemporary Fiction,Harold Becker,24,5.3,10778,2001
Domino,10169202,17759202,15573570,50000000,Oct 14 2005,R,133,New Line,Based on Real Life Events,Action,Dramatization,Tony Scott,19,5.9,32560,2005
Donnie Brasco,41954997,55954997,NA,35000000,Feb 28 1997,R,121,Sony Pictures,Based on Real Life Events,Drama,Dramatization,Mike Newell,87,7.7,65462,1997
Doom,28212337,54612337,28563264,70000000,Oct 21 2005,R,NA,Universal,Based on Game,Horror,Science Fiction,Andrzej Bartkowiak,19,5.2,39473,2005
The Deep End,8823109,8823109,NA,3000000,Aug 08 2001,R,NA,Fox Searchlight,Based on Book/Short Story,Thriller/Suspense,Contemporary Fiction,NA,81,6.6,6734,2001
Deep Impact,140464664,349464664,NA,80000000,May 08 1998,PG-13,120,Paramount Pictures,Original Screenplay,Adventure,Science Fiction,Mimi Leder,47,6,54160,1998
The Departed,133311000,290539042,140689412,90000000,Oct 06 2006,R,152,Warner Bros.,Remake,Drama,Contemporary Fiction,Martin Scorsese,93,8.5,264148,2006
Dracula 2000,33000377,33000377,NA,28000000,Dec 22 2000,R,99,Miramax,Original Screenplay,Horror,Contemporary Fiction,NA,15,4.8,14077,2000
Death Race,36316032,72516819,24667330,65000000,Aug 22 2008,R,105,Universal,Remake,Action,Science Fiction,Paul Anderson,41,6.6,40611,2008
Drag Me To Hell,42100625,85724728,13123388,30000000,May 29 2009,PG-13,99,Universal,Original Screenplay,Horror,Fantasy,Sam Raimi,92,7.1,51343,2009
Derailed,36020063,54962616,27718572,22000000,Nov 11 2005,R,NA,Weinstein Co.,Based on Book/Short Story,Action,Contemporary Fiction,NA,20,3.4,3317,2005
Drillbit Taylor,32862104,49686263,12040874,40000000,Mar 21 2008,PG-13,NA,Paramount Pictures,Original Screenplay,Comedy,Contemporary Fiction,NA,26,5.9,19388,2008
Driving Lessons,239962,239962,NA,4700000,Oct 13 2006,PG-13,98,Sony Pictures Classics,NA,(Missing),NA,NA,48,6.7,5380,2006
Driven,32616869,54616869,NA,72000000,Apr 27 2001,PG-13,117,Warner Bros.,Original Screenplay,Action,Contemporary Fiction,Renny Harlin,13,4.2,18795,2001
Darkness,22163442,34409206,NA,10600000,Dec 25 2004,PG-13,NA,Miramax/Dimension,Original Screenplay,Horror,Contemporary Fiction,NA,4,5.3,9979,2004
I Dreamed of Africa,6543194,6543194,NA,34000000,May 05 2000,PG-13,NA,Sony Pictures,Based on Book/Short Story,Drama,Contemporary Fiction,Hugh Hudson,9,5.2,2298,2000
Dreamcatcher,33685268,75685268,NA,68000000,Mar 21 2003,R,136,Warner Bros.,Based on Book/Short Story,Drama,Science Fiction,Lawrence Kasdan,30,5.3,34141,2003
Dreamgirls,103365956,154965956,53674555,75000000,Dec 15 2006,PG-13,130,Paramount Pictures,Based on Musical/Opera,Musical,Historical Fiction,Bill Condon,78,6.6,28016,2006
Detroit Rock City,4217115,4217115,NA,16000000,Aug 13 1999,R,NA,New Line,Original Screenplay,Comedy,Historical Fiction,NA,47,6.4,15092,1999
Drop Dead Gorgeous,10571408,10571408,NA,10000000,Jul 23 1999,PG-13,NA,New Line,Original Screenplay,Comedy,Contemporary Fiction,NA,45,6.2,16344,1999
Drumline,56398162,56398162,NA,20000000,Dec 13 2002,PG-13,118,20th Century Fox,Original Screenplay,Comedy,Contemporary Fiction,NA,81,5.2,18165,2002
DysFunkTional Family,2255000,2255000,NA,3000000,Apr 04 2003,R,NA,Miramax,Original Screenplay,Concert/Performance,Factual,NA,43,5.9,501,2003
The Master of Disguise,40363530,40363530,NA,16000000,Aug 02 2002,PG,80,Sony Pictures,Original Screenplay,Comedy,Kids Fiction,NA,2,3,10050,2002
Disturbia,80209692,117573043,34508128,20000000,Apr 13 2007,PG-13,104,Paramount Pictures,Original Screenplay,Thriller/Suspense,Contemporary Fiction,D.J. Caruso,68,7,72231,2007
Double Take,29823162,29823162,NA,24000000,Jan 12 2001,PG-13,88,Walt Disney Pictures,Remake,Action,Contemporary Fiction,NA,12,6.8,162,2001
Death at a Funeral,8580428,34743644,NA,20000000,Aug 17 2007,R,90,MGM,Original Screenplay,Comedy,Contemporary Fiction,Frank Oz,61,5.1,6628,2007
Deterrence,144583,371647,NA,800000,Mar 10 2000,R,NA,NA,NA,Thriller/Suspense,NA,NA,45,6.3,1776,2000
Dudley Do-Right,9818792,9818792,NA,22000000,Aug 27 1999,PG,NA,Universal,Based on TV,Comedy,Kids Fiction,Hugh Wilson,14,3.6,4628,1999
Duets,4734235,4734235,NA,16000000,Sep 15 2000,R,NA,Walt Disney Pictures,Original Screenplay,Drama,Contemporary Fiction,NA,21,5.7,5340,2000
The Dukes of Hazzard,80270227,110570227,NA,53000000,Aug 05 2005,PG-13,105,Warner Bros.,Based on TV,Comedy,Contemporary Fiction,Jay Chandrasekhar,13,4.7,27016,2005
Duma,870067,994790,NA,12000000,Sep 30 2005,PG,NA,Warner Bros.,Based on Book/Short Story,Adventure,NA,NA,93,7.2,2966,2005
Dumb and Dumberer: When Harry Met Lloyd,26214846,26214846,NA,30000000,Jun 13 2003,PG-13,85,New Line,Original Screenplay,Comedy,Contemporary Fiction,NA,10,3.3,14813,2003
"You, Me and Dupree",75802010,130402010,41651251,54000000,Jul 14 2006,PG-13,NA,Universal,Original Screenplay,Comedy,Contemporary Fiction,NA,21,6.1,164,2006
The Da Vinci Code,217536138,757236138,100178981,125000000,May 19 2006,PG-13,NA,Sony Pictures,Based on Book/Short Story,Thriller/Suspense,Contemporary Fiction,Ron Howard,25,6.4,116903,2006
Deuces Wild,6044618,6044618,NA,10000000,May 03 2002,R,NA,MGM,Original Screenplay,Drama,Historical Fiction,NA,3,5.3,4010,2002
Down to Earth,64172251,71172251,NA,30000000,Feb 16 2001,PG-13,87,Paramount Pictures,Remake,Comedy,Fantasy,Paul Weitz,19,5,9193,2001
Down to You,20035310,20035310,NA,9000000,Jan 21 2000,PG-13,92,Miramax,Original Screenplay,Romantic Comedy,Contemporary Fiction,NA,3,4.4,7095,2000
I'm Not There,4017609,11498547,6017494,20000000,Nov 21 2007,R,NA,Weinstein Co.,Based on Real Life Events,Drama,Dramatization,Todd Haynes,76,7.1,23078,2007
Easy A,21056221,22156221,NA,8000000,Sep 17 2010,PG-13,NA,Sony/Screen Gems,Based on Book/Short Story,Comedy,Contemporary Fiction,NA,80,7.7,483,2010
Edge of Darkness,43313890,78739628,12665512,60000000,Jan 29 2010,R,NA,Warner Bros.,Based on TV,Drama,Contemporary Fiction,Martin Campbell,55,6.7,24174,2010
EDtv,22508689,35319689,NA,60000000,Mar 26 1999,PG-13,122,Universal,Original Screenplay,Comedy,Contemporary Fiction,Ron Howard,62,6,21734,1999
An Education,12574914,14134502,1765115,7500000,Oct 09 2009,PG-13,NA,Sony Pictures Classics,Based on Factual Book/Article,Drama,Dramatization,NA,94,7.5,22855,2009
8 Heads in a Duffel Bag,3602884,4002884,NA,3000000,Apr 18 1997,R,NA,Orion Pictures,Original Screenplay,Black Comedy,Contemporary Fiction,NA,11,4.8,5127,1997
Eagle Eye,101440743,178066569,38374936,80000000,Sep 26 2008,PG-13,117,Paramount Pictures,Original Screenplay,Thriller/Suspense,Contemporary Fiction,D.J. Caruso,27,6.6,52336,2008
8MM,36443442,96398826,NA,40000000,Feb 26 1999,R,119,Sony Pictures,Original Screenplay,Thriller/Suspense,Contemporary Fiction,Joel Schumacher,22,6.3,47753,1999
Iris,5580479,15035827,NA,5500000,Dec 14 2001,R,NA,Miramax,Based on Book/Short Story,Drama,Dramatization,NA,79,5.8,44,2001
Election,14943582,14943582,NA,8500000,Apr 23 1999,R,103,Paramount Pictures,Based on Book/Short Story,Black Comedy,Contemporary Fiction,Alexander Payne,92,7.4,37454,1999
Elektra,24409722,56409722,NA,65000000,Jan 14 2005,PG-13,NA,20th Century Fox,Spin-Off,Action,Super Hero,NA,10,4.9,27283,2005
Elf,173398518,220443451,NA,32000000,Nov 07 2003,PG,95,New Line,Original Screenplay,Comedy,Kids Fiction,Jon Favreau,84,6.8,42123,2003
Elizabeth,30082699,82150642,NA,25000000,Nov 06 1998,R,124,Gramercy,Based on Real Life Events,Drama,Dramatization,Shekhar Kapur,81,7.6,33773,1998
Ella Enchanted,22913677,22913677,NA,35000000,Apr 09 2004,PG,96,Miramax,Based on Book/Short Story,Comedy,Fantasy,NA,49,6.3,12020,2004
Once Upon a Time in Mexico,56330657,98156459,NA,29000000,Sep 12 2003,R,102,Sony Pictures,Original Screenplay,Action,Contemporary Fiction,Robert Rodriguez,68,6.2,54413,2003
The Adventures of Elmo in Grouchland,11634458,11634458,NA,17000000,Oct 01 1999,G,NA,Sony Pictures,Based on TV,Comedy,Kids Fiction,NA,76,5.4,1059,1999
The Emperor's Club,14060950,16124074,NA,12500000,Nov 22 2002,PG-13,NA,Universal,Based on Book/Short Story,Drama,Historical Fiction,NA,50,6.7,8165,2002
Empire,17504595,18495444,NA,3500000,Dec 06 2002,R,NA,Universal,Original Screenplay,Drama,Contemporary Fiction,NA,21,6.5,63,2002
Employee of the Month,28444855,38117718,21177885,10000000,Oct 06 2006,PG-13,103,Lionsgate,Original Screenplay,Comedy,Contemporary Fiction,NA,20,5.4,17845,2006
The Emperor's New Groove,89296573,169296573,NA,100000000,Dec 15 2000,G,78,Walt Disney Pictures,Original Screenplay,Adventure,Kids Fiction,Mark Dindal,85,7.4,23355,2000
Enchanted,127706877,340384141,87698079,85000000,Nov 21 2007,PG,108,Walt Disney Pictures,Original Screenplay,Romantic Comedy,Fantasy,Kevin Lima,92,7.5,55697,2007
The End of the Affair,10660147,10660147,NA,23000000,Dec 03 1999,R,NA,Sony Pictures,Based on Book/Short Story,Drama,Historical Fiction,Neil Jordan,67,6.9,9969,1999
End of Days,66889043,212026975,NA,100000000,Nov 24 1999,R,120,Universal,Original Screenplay,Action,Fantasy,Peter Hyams,11,5.4,43513,1999
Enemy at the Gates,51396781,96971293,NA,85000000,Mar 16 2001,R,131,Paramount Pictures,Based on Real Life Events,Drama,Historical Fiction,Jean-Jacques Annaud,53,7.4,59916,2001
Enemy of the State,111549836,250649836,NA,85000000,Nov 20 1998,R,127,Walt Disney Pictures,Original Screenplay,Action,Contemporary Fiction,Tony Scott,70,7.2,66700,1998
Entrapment,87707396,211700000,NA,66000000,Apr 30 1999,PG-13,112,20th Century Fox,Original Screenplay,Thriller/Suspense,Contemporary Fiction,Jon Amiel,38,6.1,40764,1999
Enough,39177215,39177215,NA,38000000,May 24 2002,PG-13,115,Sony Pictures,Original Screenplay,Thriller/Suspense,Contemporary Fiction,Michael Apted,21,6.5,92,2002
Envy,13548322,14566246,NA,20000000,Apr 30 2004,PG-13,NA,Dreamworks SKG,Original Screenplay,Comedy,Contemporary Fiction,Barry Levinson,7,4.6,15655,2004
Epic Movie,39739367,86858578,16839362,20000000,Jan 26 2007,PG-13,86,20th Century Fox,Original Screenplay,Comedy,Contemporary Fiction,Jason Friedberg,2,2.2,48975,2007
Eragon,75030163,249488115,87700229,100000000,Dec 15 2006,PG,102,20th Century Fox,Based on Book/Short Story,Adventure,Fantasy,NA,16,5,43555,2006
Erin Brockovich,125548685,258400000,NA,50000000,Mar 17 2000,R,133,Universal,Based on Real Life Events,Drama,Dramatization,Steven Soderbergh,83,7.2,54977,2000
Elizabethtown,26850426,50719373,15854391,54000000,Oct 14 2005,PG-13,133,Paramount Pictures,Original Screenplay,Drama,Contemporary Fiction,Cameron Crowe,28,6.4,31775,2005
Eat Pray Love,78146373,81846373,NA,60000000,Aug 13 2010,R,143,Sony Pictures,Based on Magazine Article,Drama,Contemporary Fiction,NA,37,4.7,3019,2010
Eternal Sunshine of the Spotless Mind,34366518,47066518,NA,20000000,Mar 19 2004,R,108,Focus Features,Based on Book/Short Story,Comedy,Fantasy,Michel Gondry,93,8.5,219986,2004
Eulogy,70527,70527,NA,10000000,Oct 15 2004,R,NA,Artisan,Original Screenplay,Comedy,NA,NA,32,6.6,5205,2004
Eurotrip,17718223,20718223,NA,25000000,Feb 20 2004,R,NA,Dreamworks SKG,Original Screenplay,Comedy,Contemporary Fiction,NA,46,6.5,52548,2004
Eve's Bayou,14843425,14843425,NA,5000000,Nov 07 1997,R,109,Trimark,Original Screenplay,Drama,Historical Fiction,Kasi Lemmons,80,7,4509,1997
Event Horizon,26673242,26673242,NA,60000000,Aug 15 1997,R,95,Paramount Pictures,Original Screenplay,Horror,Science Fiction,Paul Anderson,21,6.3,44671,1997
Evita,50047179,151947179,NA,55000000,Dec 25 1996,PG,134,Walt Disney Pictures,Based on Musical/Opera,Musical,Dramatization,Alan Parker,61,6.1,16769,1996
Evolution,38311134,98341932,NA,80000000,Jun 08 2001,PG-13,102,Dreamworks SKG,Original Screenplay,Comedy,Contemporary Fiction,Ivan Reitman,42,5.9,39590,2001
An Everlasting Piece,75078,75078,NA,4000000,Dec 25 2000,R,NA,Dreamworks SKG,NA,(Missing),NA,Barry Levinson,49,6,1097,2000
Exit Wounds,51758599,79958599,NA,33000000,Mar 16 2001,R,100,Warner Bros.,Based on Book/Short Story,Action,Contemporary Fiction,Andrzej Bartkowiak,33,5.2,14528,2001
The Exorcism of Emily Rose,75072454,144216468,NA,18000000,Sep 09 2005,PG-13,114,Sony/Screen Gems,Based on Real Life Events,Thriller/Suspense,Dramatization,Scott Derrickson,45,6.8,32425,2005
The Express,9793406,9808102,6580715,37500000,Oct 04 2008,PG,129,Universal,Based on Book/Short Story,Drama,Dramatization,NA,61,7.1,4749,2008
eXistenZ,2840417,2840417,NA,20700000,Apr 23 1999,R,NA,Miramax,Original Screenplay,Thriller/Suspense,Science Fiction,David Cronenberg,71,6.8,35788,1999
Extract,10823158,10849158,NA,7500000,Sep 04 2009,R,NA,Miramax,Original Screenplay,Comedy,Contemporary Fiction,Mike Judge,62,6.4,12371,2009
Extreme Ops,4835968,12624471,NA,40000000,Nov 27 2002,PG-13,NA,Paramount Pictures,Original Screenplay,Action,Contemporary Fiction,Christian Duguay,6,4.1,3195,2002
Eyes Wide Shut,55691208,86257553,NA,65000000,Jul 16 1999,R,159,Warner Bros.,Based on Book/Short Story,Drama,Contemporary Fiction,Stanley Kubrick,78,7.2,93880,1999
The Faculty,40283321,40283321,NA,15000000,Dec 25 1998,R,102,Miramax,Original Screenplay,Horror,Contemporary Fiction,Robert Rodriguez,51,6.3,36139,1998
Failure to Launch,88715192,128402901,41348843,50000000,Mar 10 2006,PG-13,NA,Paramount Pictures,Original Screenplay,Romantic Comedy,Contemporary Fiction,Tom Dey,25,5.6,20324,2006
Keeping the Faith,37036404,45336404,NA,29000000,Apr 14 2000,PG-13,129,Walt Disney Pictures,Original Screenplay,Romantic Comedy,Contemporary Fiction,NA,68,6.5,25485,2000
Fame,22455510,77956957,4950732,18000000,Sep 25 2009,PG,NA,MGM,Remake,Musical,Contemporary Fiction,NA,25,4.5,4973,2009
The Family Stone,60062868,91762868,23961409,18000000,Dec 16 2005,PG-13,103,20th Century Fox,Original Screenplay,Comedy,Contemporary Fiction,NA,52,6.3,24434,2005
Far From Heaven,15901849,29027914,NA,13500000,Nov 08 2002,PG-13,NA,Focus Features,Original Screenplay,Drama,Historical Fiction,Todd Haynes,89,7.5,20239,2002
Facing the Giants,10178331,10178331,20091582,100000,Sep 29 2006,PG,NA,IDP/Goldwyn/Roadside,Original Screenplay,Drama,Contemporary Fiction,Alex Kendrick,9,6,4901,2006
Face/Off,112276146,241200000,NA,80000000,Jun 27 1997,R,138,Paramount Pictures,Original Screenplay,Action,Contemporary Fiction,John Woo,93,7.3,102001,1997
Final Destination 2,46896664,89626226,NA,26000000,Jan 31 2003,R,90,New Line,Original Screenplay,Horror,Fantasy,David R. Ellis,47,6.4,35737,2003
Final Destination 3,54098051,112798051,18646884,25000000,Feb 10 2006,R,NA,New Line,Original Screenplay,Horror,Fantasy,James Wong,45,5.9,32263,2006
The Final Destination,66477700,185777700,10148305,40000000,Aug 28 2009,R,NA,Warner Bros.,Original Screenplay,Horror,Fantasy,David R. Ellis,27,4.9,20319,2009
Fear and Loathing in Las Vegas,10680275,13711903,NA,18500000,May 22 1998,R,NA,Universal,Based on Book/Short Story,Comedy,Dramatization,Terry Gilliam,47,7.6,81560,1998
Feast,56131,341808,3570398,3200000,Sep 22 2006,R,NA,Weinstein/Dimension,Original Screenplay,Horror,Fantasy,NA,55,6.4,12023,2006
The Fifth Element,63570862,263900000,NA,95000000,May 09 1997,PG-13,105,Sony Pictures,Original Screenplay,Action,Science Fiction,Luc Besson,72,7.4,131252,1997
Femme Fatale,6592103,6592103,NA,35000000,Nov 06 2002,R,NA,Warner Bros.,Original Screenplay,Thriller/Suspense,Contemporary Fiction,Brian De Palma,48,6.3,16693,2002
Bring it On,68353550,90453550,NA,10000000,Aug 25 2000,PG-13,99,Universal,Original Screenplay,Comedy,Contemporary Fiction,Peyton Reed,63,5.9,30309,2000
Fantastic Four,154696080,330579719,4702358,87500000,Jul 08 2005,PG-13,123,20th Century Fox,Based on Comic/Graphic Novel,Action,Super Hero,Tim Story,27,5.7,71675,2005
54,16757163,16757163,NA,13000000,Aug 28 1998,R,92,Miramax,Original Screenplay,Drama,Dramatization,NA,13,5.6,15023,1998
2 Fast 2 Furious,127120058,236220058,NA,76000000,Jun 06 2003,PG-13,107,Universal,Based on Magazine Article,Action,Contemporary Fiction,John Singleton,36,5.1,44151,2003
The Fast and the Furious,144512310,206512310,NA,38000000,Jun 22 2001,PG-13,107,Universal,Based on Magazine Article,Action,Contemporary Fiction,Rob Cohen,53,6,67939,2001
Fahrenheit 9/11,119114517,222414517,NA,6000000,Jun 23 2004,R,122,Lionsgate,Based on Real Life Events,Documentary,Factual,Michael Moore,83,7.6,74424,2004
Capitalism: A Love Story,14363397,14678228,2987505,20000000,Sep 23 2009,R,NA,Overture Films,Based on Real Life Events,Documentary,Factual,Michael Moore,75,7.3,11829,2009
From Hell,31598308,31598308,NA,35000000,Oct 19 2001,R,123,20th Century Fox,Based on Comic/Graphic Novel,Thriller/Suspense,Historical Fiction,Albert Hughes,57,6.8,53477,2001
Fight Club,37030102,100853753,NA,65000000,Oct 15 1999,R,139,20th Century Fox,Based on Book/Short Story,Drama,Contemporary Fiction,David Fincher,81,8.8,382470,1999
Finding Forrester,51768623,80013623,NA,43000000,Dec 19 2000,PG-13,137,Sony Pictures,Original Screenplay,Drama,Contemporary Fiction,Gus Van Sant,74,7.2,35966,2000
Freddy Got Fingered,14249005,14249005,NA,15000000,Apr 20 2001,R,NA,20th Century Fox,Original Screenplay,Comedy,Contemporary Fiction,NA,11,4,25033,2001
Felicia's Journey,824295,1970268,NA,15000000,Nov 12 1999,PG-13,NA,Artisan,Based on Book/Short Story,Drama,Contemporary Fiction,Atom Egoyan,88,6.9,4790,1999
From Justin to Kelly,4922166,4922166,NA,12000000,Jun 20 2003,PG,NA,20th Century Fox,Based on TV,Musical,Contemporary Fiction,NA,8,1.6,17596,2003
Final Destination,53302314,112802314,NA,23000000,Mar 17 2000,R,98,New Line,Original Screenplay,Horror,Fantasy,James Wong,31,6.8,52618,2000
Flags of Our Fathers,33602376,61902376,45105366,53000000,Oct 20 2006,R,NA,Paramount Pictures,Based on Book/Short Story,Drama,Historical Fiction,Clint Eastwood,73,7.2,42788,2006
Flawless,4485485,4485485,NA,27000000,Nov 24 1999,R,NA,MGM,Original Screenplay,Drama,Contemporary Fiction,Joel Schumacher,43,6.7,8125,1999
Flicka,21000147,21893591,49974754,15000000,Oct 20 2006,PG,94,20th Century Fox,Based on Book/Short Story,Drama,Contemporary Fiction,NA,54,5.7,2832,2006
Flight of the Phoenix,21009180,34009180,NA,75000000,Dec 17 2004,PG-13,NA,20th Century Fox,Remake,Adventure,Historical Fiction,NA,30,6,18568,2004
United 93,31567134,76366864,17832230,18000000,Apr 28 2006,R,NA,Universal,Based on Real Life Events,Drama,Dramatization,Paul Greengrass,91,7.8,46691,2006
Flubber,92993801,177993801,NA,80000000,Nov 26 1997,PG,93,Walt Disney Pictures,Remake,Comedy,Kids Fiction,Les Mayfield,17,4.6,18890,1997
Flushed Away,64665672,177665672,71025931,149000000,Nov 03 2006,PG,85,Paramount Pictures,Original Screenplay,Comedy,Kids Fiction,Sam Fell,72,7,21334,2006
Flyboys,13090630,14816379,23631077,60000000,Sep 22 2006,PG-13,139,MGM,Based on Real Life Events,Drama,Dramatization,Tony Bill,33,6.5,13934,2006
Fly Me To the Moon,14543943,40098231,NA,25000000,Aug 15 2008,G,89,Summit Entertainment,Original Screenplay,Adventure,Kids Fiction,NA,17,4.7,1653,2008
Find Me Guilty,1173673,1788077,NA,13000000,Mar 17 2006,R,NA,Freestyle Releasing,Based on Real Life Events,Drama,Dramatization,Sidney Lumet,60,7.1,12800,2006
The Family Man,75764085,124715863,NA,60000000,Dec 22 2000,PG-13,126,Universal,Original Screenplay,Comedy,Contemporary Fiction,Brett Ratner,52,6.6,34090,2000
Friends with Money,13368437,15328368,7822762,6500000,Apr 07 2006,R,NA,Sony Pictures Classics,Original Screenplay,Comedy,Contemporary Fiction,NA,71,6.1,11087,2006
Finding Nemo,339714978,867894287,NA,94000000,May 30 2003,G,100,Walt Disney Pictures,Original Screenplay,Adventure,Kids Fiction,Andrew Stanton,98,8.2,165006,2003
The Fountain,10144010,15461638,8752844,35000000,Nov 22 2006,PG-13,96,Warner Bros.,Original Screenplay,Drama,Science Fiction,Darren Aronofsky,51,7.4,72562,2006
Flightplan,89706988,225706988,NA,55000000,Sep 23 2005,PG-13,93,Walt Disney Pictures,Original Screenplay,Thriller/Suspense,Contemporary Fiction,NA,38,6.2,45305,2005
Frailty,13110448,17423030,NA,11000000,Apr 12 2002,R,NA,Lionsgate,Original Screenplay,Thriller/Suspense,Contemporary Fiction,NA,74,7.3,27629,2002
The Forbidden Kingdom,52075270,129075270,23318686,55000000,Apr 18 2008,PG-13,105,Lionsgate,Based on Book/Short Story,Action,Fantasy,Rob Minkoff,64,6.7,36548,2008
Freedom Writers,36605602,43090741,20532539,21000000,Jan 05 2007,PG-13,122,Paramount Pictures,Based on Book/Short Story,Drama,Dramatization,Richard LaGravenese,69,7.5,18065,2007
Next Friday,57176582,59675307,NA,9500000,Jan 12 2000,R,98,New Line,Original Screenplay,Comedy,Contemporary Fiction,Steve Carr,21,5.3,10176,2000
Freaky Friday,110222438,160822438,NA,26000000,Aug 06 2003,PG,97,Walt Disney Pictures,Remake,Comedy,Contemporary Fiction,Mark Waters,88,6.5,29137,2003
Frequency,44983704,68079671,NA,31000000,Apr 28 2000,PG-13,118,New Line,Original Screenplay,Drama,Science Fiction,NA,69,7.3,35968,2000
Serenity,25514517,38514517,NA,39000000,Sep 30 2005,PG-13,119,Universal,Based on TV,Action,Science Fiction,Joss Whedon,81,8,106648,2005
Jason X,13121555,16951798,NA,14000000,Apr 26 2002,R,NA,New Line,NA,Horror,Contemporary Fiction,NA,21,4.4,17964,2002
Friday the 13th,65002019,91700771,9566980,17000000,Feb 13 2009,R,NA,Warner Bros.,NA,Horror,Fantasy,NA,26,5.6,26798,2009
Friday After Next,33253609,33526835,NA,10000000,Nov 22 2002,R,85,New Line,Original Screenplay,Comedy,Contemporary Fiction,NA,25,5.3,6742,2002
Frida,25885000,56298474,NA,12000000,Oct 25 2002,R,123,Miramax,Based on Real Life Events,Drama,Dramatization,NA,76,7.3,26243,2002
Friday Night Lights,61255921,61950770,NA,30000000,Oct 08 2004,PG-13,117,Universal,Based on Book/Short Story,Drama,Contemporary Fiction,Peter Berg,81,7.2,20868,2004
Frozen River,2503902,5281776,NA,1000000,Aug 01 2008,R,NA,Sony Pictures Classics,Original Screenplay,Drama,Contemporary Fiction,NA,87,7.2,10447,2008
The Princess and the Frog,104374107,263467382,68101150,105000000,Nov 25 2009,G,NA,Walt Disney Pictures,Based on Book/Short Story,Adventure,Kids Fiction,John Musker,84,7.4,16232,2009
Full Frontal,2512846,3438804,NA,2000000,Aug 02 2002,R,NA,Miramax,Original Screenplay,Comedy,Contemporary Fiction,Steven Soderbergh,37,4.8,6660,2002
Fireproof,33451479,33451479,31898934,500000,Sep 26 2008,PG,122,Samuel Goldwyn Films,Original Screenplay,Drama,Contemporary Fiction,Alex Kendrick,40,5.6,5498,2008
The Forsaken,6755271,6755271,NA,5000000,Apr 27 2001,R,NA,Sony Pictures,Original Screenplay,Horror,Contemporary Fiction,NA,8,5.1,4679,2001
Frost/Nixon,18622031,28144586,6677601,29000000,Dec 05 2008,R,122,Universal,Based on Play,Drama,Dramatization,Ron Howard,92,7.9,36366,2008
Factory Girl,1661464,1661464,NA,7000000,Dec 29 2006,R,90,MGM,Based on Real Life Events,Drama,Dramatization,NA,19,6.1,8680,2006
The Full Monty,45950122,257938649,NA,3500000,Aug 13 1997,R,90,Fox Searchlight,Original Screenplay,Comedy,Contemporary Fiction,Peter Cattaneo,95,7.2,40877,1997
Fun With Dick And Jane,110550000,202250000,29638269,140000000,Dec 21 2005,PG-13,90,Sony Pictures,Remake,Comedy,Contemporary Fiction,NA,29,6.3,1788,2005
Funny People,51855045,71880305,13721109,70000000,Jul 31 2009,R,NA,Universal,Original Screenplay,Comedy,Contemporary Fiction,Judd Apatow,67,6.8,37791,2009
Furry Vengeance,17630465,21630465,4335991,35000000,Apr 30 2010,PG,NA,Summit Entertainment,Original Screenplay,Comedy,Kids Fiction,Roger Kumble,8,2.6,3458,2010
For Your Consideration,5549923,5549923,NA,12000000,Nov 17 2006,PG-13,86,Warner Independent,Original Screenplay,Comedy,Contemporary Fiction,Christopher Guest,50,6.2,7780,2006
The Game,48265581,48265581,NA,50000000,Sep 12 1997,R,128,Polygram,Original Screenplay,Thriller/Suspense,Contemporary Fiction,David Fincher,80,7.7,74136,1997
Gangs of New York,77730500,190400000,NA,97000000,Dec 20 2002,R,168,Miramax,Original Screenplay,Drama,Historical Fiction,Martin Scorsese,75,7.4,113378,2002
Georgia Rule,18882880,20819601,19382312,20000000,May 11 2007,R,111,Universal,Original Screenplay,Drama,Contemporary Fiction,Garry Marshall,17,5.8,10902,2007
Gattaca,12532777,12532777,NA,36000000,Oct 24 1997,PG-13,NA,Sony Pictures,Original Screenplay,Drama,Science Fiction,Andrew Niccol,82,7.8,70906,1997
Good Boy!,37667746,45312217,NA,17000000,Oct 10 2003,PG,87,MGM,Based on Book/Short Story,Comedy,Kids Fiction,NA,45,5,1961,2003
Gods and Generals,12882934,12923936,NA,55000000,Feb 21 2003,PG-13,NA,Warner Bros.,NA,Drama,Historical Fiction,NA,8,6,7437,2003
The Good German,1308696,1308696,NA,32000000,Dec 15 2006,R,104,Warner Bros.,Based on Book/Short Story,Drama,Historical Fiction,Steven Soderbergh,32,6.1,13007,2006
Gods and Monsters,6451628,6451628,NA,3500000,Nov 06 1998,R,NA,Lionsgate,Based on Book/Short Story,Drama,Historical Fiction,Bill Condon,96,7.5,15946,1998
The Good Night,22441,22441,NA,15000000,Oct 05 2007,R,93,Sony Pictures,Original Screenplay,Romantic Comedy,Contemporary Fiction,NA,29,6,4332,2007
G-Force,119436770,287389685,44145849,82500000,Jul 24 2009,PG,NA,Walt Disney Pictures,Original Screenplay,Adventure,Kids Fiction,NA,22,5,9633,2009
Gridiron Gang,38432823,41480851,34066576,30000000,Sep 15 2006,PG-13,126,Sony Pictures,Based on Real Life Events,Drama,Dramatization,Phil Joanou,41,6.8,12400,2006
The Good Girl,14018296,15976468,NA,8000000,Aug 07 2002,R,NA,Fox Searchlight,Original Screenplay,Comedy,Contemporary Fiction,NA,81,6.6,21460,2002
Ghost Ship,30113491,68349884,NA,20000000,Oct 25 2002,R,91,Warner Bros.,Original Screenplay,Horror,Contemporary Fiction,NA,13,5.3,25891,2002
Ghosts of Mississippi,13052741,13052741,NA,36000000,Dec 20 1996,PG-13,NA,Sony Pictures,Based on Real Life Events,Drama,Dramatization,Rob Reiner,50,6.4,5276,1996
The Glass House,17951431,22861785,NA,22000000,Sep 14 2001,PG-13,NA,Sony Pictures,Original Screenplay,Thriller/Suspense,Contemporary Fiction,NA,21,5.6,10629,2001
Ghost Rider,115802596,237702596,103730683,120000000,Feb 16 2007,PG-13,110,Sony Pictures,Based on Comic/Graphic Novel,Action,Super Hero,Mark Steven Johnson,26,5.2,63235,2007
Ghost Town,13252641,26612350,7574314,20000000,Sep 19 2008,PG-13,102,Paramount Pictures,Original Screenplay,Romantic Comedy,Fantasy,David Koepp,85,4.7,310,2008
The Gift,12008642,44567606,NA,10000000,Dec 19 2000,R,NA,Paramount Vantage,Original Screenplay,Thriller/Suspense,Contemporary Fiction,Sam Raimi,56,6.7,28488,2000
Gigli,6087542,7266209,NA,54000000,Aug 01 2003,R,NA,Sony Pictures,Original Screenplay,Romantic Comedy,Contemporary Fiction,Martin Brest,6,2.4,29031,2003
Gladiator,187683805,457683805,NA,103000000,May 05 2000,R,150,Sony Pictures,Original Screenplay,Action,Historical Fiction,Ridley Scott,77,8.3,279512,2000
Glitter,4273372,4273372,NA,8500000,Sep 21 2001,PG-13,NA,20th Century Fox,Original Screenplay,Musical,Contemporary Fiction,Vondie Curtis-Hall,7,2,13778,2001
Gloria,4167493,4967493,NA,30000000,Jan 22 1999,R,NA,Sony Pictures,Remake,Drama,Contemporary Fiction,Sidney Lumet,19,4.7,2726,1999
Good Luck Chuck,35017297,59183821,26234476,25000000,Sep 21 2007,R,96,Lionsgate,Original Screenplay,Romantic Comedy,Contemporary Fiction,NA,5,5.6,29013,2007
The Green Mile,136801374,286601374,NA,60000000,Dec 10 1999,R,187,Warner Bros.,Based on Book/Short Story,Drama,Fantasy,Frank Darabont,77,8.4,198916,1999
The Game of Their Lives,375474,375474,NA,20000000,Apr 22 2005,PG,NA,IFC Films,Based on Book/Short Story,Drama,NA,NA,25,6,1443,2005
"Gandhi, My Father",240425,1375194,NA,5000000,Aug 03 2007,Not Rated,NA,Eros Entertainment,Based on Book/Short Story,Drama,Dramatization,NA,40,8.1,50881,2007
The General's Daughter,102705852,149705852,NA,60000000,Jun 18 1999,R,116,Paramount Pictures,Based on Book/Short Story,Drama,Contemporary Fiction,Simon West,22,6.1,23570,1999
Gun Shy,1638202,1638202,NA,10000000,Feb 04 2000,R,NA,Walt Disney Pictures,Original Screenplay,Comedy,Contemporary Fiction,NA,24,5.4,3607,2000
Godsend,14334645,16910708,NA,30000000,Apr 30 2004,PG-13,NA,Lionsgate,Original Screenplay,Thriller/Suspense,Science Fiction,NA,4,4.7,13866,2004
Godzilla,136314294,376000000,NA,125000000,May 19 1998,PG-13,139,Sony Pictures,Remake,Action,Science Fiction,Roland Emmerich,25,4.8,59455,1998
Good,27276,27276,NA,16000000,Dec 31 2008,R,NA,ThinkFilm,Based on Play,Drama,Historical Fiction,NA,34,6.2,1926,2008
Good Will Hunting,138433435,225933435,NA,10000000,Feb 20 1987,R,126,Miramax,Original Screenplay,Drama,Contemporary Fiction,Gus Van Sant,97,8.1,150415,1987
Gosford Park,41300105,41300105,NA,18000000,Dec 26 2001,R,137,USA Films,Original Screenplay,Comedy,Historical Fiction,Robert Altman,86,7.3,36648,2001
The Game Plan,90648202,147914546,50113315,22000000,Sep 22 2007,PG,110,Walt Disney Pictures,Original Screenplay,Comedy,Contemporary Fiction,Andy Fickman,27,6.3,14984,2007
Girl with a Pearl Earring,11634362,22106210,NA,12000000,Dec 12 2003,PG-13,NA,Lionsgate,Based on Book/Short Story,Drama,Historical Fiction,Peter Webber,71,7.1,23493,2003
Galaxy Quest,71423726,90523726,NA,45000000,Dec 25 1999,PG,104,Dreamworks SKG,Original Screenplay,Comedy,Science Fiction,NA,89,7.2,52507,1999
Saving Grace,12178602,24325623,NA,4000000,Aug 04 2000,R,NA,Fine Line,Original Screenplay,Comedy,Contemporary Fiction,NA,63,6.8,8543,2000
Gracie,2956339,3036736,NA,9000000,Jun 01 2007,PG-13,98,Picturehouse,Based on Real Life Events,Drama,Dramatization,NA,59,6.2,2084,2007
The Great Raid,10166502,10597070,NA,60000000,Aug 12 2005,R,NA,Miramax,Based on Book/Short Story,Action,Historical Fiction,John Dahl,36,6.8,8894,2005
The Constant Gardener,33579798,81079798,NA,25500000,Aug 31 2005,R,NA,Focus Features,Based on Book/Short Story,Drama,Historical Fiction,Fernando Meirelles,83,7.6,50763,2005
Garden State,26782316,32381151,NA,2500000,Jul 28 2004,R,109,Fox Searchlight,Original Screenplay,Drama,Contemporary Fiction,Zach Braff,86,7.9,92594,2004
Grease,305260,206005260,21249794,6000000,Jun 16 1978,PG,NA,Paramount Pictures,Based on Musical/Opera,Musical,Historical Fiction,Randal Kleiser,83,7,60146,1978
Green Zone,35053660,84788541,14424476,100000000,Mar 12 2010,R,NA,Universal,Based on Factual Book/Article,Drama,Historical Fiction,Paul Greengrass,55,7.1,26759,2010
George Of The Jungle,105263257,174463257,NA,55000000,Jul 16 1997,PG,91,Walt Disney Pictures,Based on TV,Comedy,Kids Fiction,NA,54,5.3,19685,1997
The Brothers Grimm,37899638,105299638,NA,80000000,Aug 26 2005,PG-13,NA,Miramax/Dimension,Original Screenplay,Adventure,Fantasy,Terry Gilliam,37,5.9,43532,2005
The Girl Next Door,14589444,18589444,NA,25000000,Apr 09 2004,R,NA,20th Century Fox,Original Screenplay,Romantic Comedy,Contemporary Fiction,Luke Greenfield,56,7,5614,2004
How the Grinch Stole Christmas,260044825,345141403,NA,123000000,Nov 17 2000,PG,104,Universal,Based on Book/Short Story,Comedy,Kids Fiction,Ron Howard,53,5.7,40310,2000
Get Rich or Die Tryin',30981850,46437122,9906347,40000000,Nov 09 2005,R,NA,Paramount Pictures,Original Screenplay,Drama,Contemporary Fiction,Jim Sheridan,16,4,18126,2005
Wallace & Gromit: The Curse of the Were-Rabbit,56068547,185724838,35069986,30000000,Oct 05 2005,G,85,Dreamworks SKG,Original Screenplay,Adventure,Kids Fiction,Nick Park,95,7.9,38158,2005
Groove,1115313,1167524,NA,500000,Jun 09 2000,R,NA,Sony Pictures Classics,Original Screenplay,Comedy,Contemporary Fiction,NA,56,5.8,2486,2000
The Grudge 2,39143839,68643839,8293678,20000000,Oct 13 2006,PG-13,102,Sony Pictures,Remake,Horror,Contemporary Fiction,NA,10,4.6,16024,2006
The Grudge,110359362,187281115,NA,10000000,Oct 22 2004,PG-13,96,Sony Pictures,Remake,Horror,Contemporary Fiction,NA,39,5.7,43218,2004
Grown Ups,161094625,250294625,NA,75000000,Jun 25 2010,PG-13,102,Sony Pictures,Original Screenplay,Comedy,Contemporary Fiction,NA,9,5.8,13488,2010
Guess Who,68915888,102115888,NA,35000000,Mar 25 2005,PG-13,103,Sony Pictures,Remake,Comedy,Contemporary Fiction,NA,43,5.7,15789,2005
Get Carter,14967182,19417182,NA,40000000,Oct 06 2000,R,NA,Warner Bros.,Remake,Drama,Contemporary Fiction,NA,12,4.8,14196,2000
Get Over It,11560259,11560259,NA,10000000,Mar 09 2001,PG-13,NA,Miramax,Original Screenplay,Romantic Comedy,Contemporary Fiction,NA,45,5.5,9350,2001
Veronica Guerin,1569918,9438074,NA,17000000,Oct 17 2003,R,NA,Walt Disney Pictures,Based on Real Life Events,Drama,Dramatization,Joel Schumacher,54,6.8,8778,2003
Ghost World,6217849,8764007,NA,5500000,Jul 20 2001,R,NA,MGM,Based on Comic/Graphic Novel,Comedy,Contemporary Fiction,Terry Zwigoff,92,7.7,42973,2001
Hairspray,118823091,202823091,104104829,75000000,Jul 20 2007,PG,117,New Line,Remake,Musical,Historical Fiction,Adam Shankman,91,7.2,41511,2007
Half Baked,17394881,17394881,NA,8000000,Jan 16 1998,R,84,Universal,Original Screenplay,Comedy,Contemporary Fiction,NA,29,6.3,18791,1998
Hamlet,4501094,7129670,NA,18000000,Dec 25 1996,PG-13,NA,Sony Pictures,Based on Play,Drama,Historical Fiction,NA,94,6,5147,1996
Hamlet,1577287,2288841,NA,2000000,May 12 2000,R,NA,Miramax,Based on Play,Drama,Contemporary Fiction,NA,71,6,5147,2000
Hancock,227946274,624346274,89352567,150000000,Jul 02 2008,PG-13,NA,Sony Pictures,Original Screenplay,Action,Super Hero,Peter Berg,40,6.5,100822,2008
The Happening,64506874,163403799,21432877,60000000,Jun 13 2008,R,89,20th Century Fox,Original Screenplay,Thriller/Suspense,Science Fiction,M. Night Shyamalan,18,5.2,72259,2008
"Happy, Texas",2039192,2039192,NA,1700000,Oct 01 1999,PG-13,NA,Miramax,Original Screenplay,Comedy,Contemporary Fiction,NA,82,7.5,198,1999
Harsh Times,3337931,5963961,2638319,2000000,Nov 10 2006,R,120,MGM,Original Screenplay,Drama,Contemporary Fiction,NA,48,7,26347,2006
The House Bunny,48237389,70237389,15442818,25000000,Aug 22 2008,PG-13,98,Sony Pictures,Original Screenplay,Comedy,Contemporary Fiction,Fred Wolf,39,5.5,18964,2008
The Devil's Rejects,17044981,20940428,NA,7000000,Jul 22 2005,R,NA,Lionsgate,Original Screenplay,Horror,Contemporary Fiction,Rob Zombie,54,6.9,36082,2005
Hidalgo,67286731,107336658,NA,78000000,Mar 05 2004,PG-13,136,Walt Disney Pictures,Original Screenplay,Western,Historical Fiction,Joe Johnston,46,6.6,23604,2004
Hide and Seek,51100486,123100486,NA,25000000,Jan 28 2005,R,105,20th Century Fox,Original Screenplay,Thriller/Suspense,Contemporary Fiction,NA,12,5.6,30891,2005
Head of State,37788228,38283765,NA,35200000,Mar 28 2003,PG-13,95,Dreamworks SKG,Original Screenplay,Comedy,Contemporary Fiction,Chris Rock,30,5.1,8447,2003
Hedwig and the Angry Inch,3067312,3643900,NA,6000000,Jul 20 2001,R,NA,Fine Line,Based on Musical/Opera,Musical,Contemporary Fiction,NA,92,7.6,14766,2001
Pooh's Heffalump Movie,18098433,52858433,NA,20000000,Feb 11 2005,G,NA,Walt Disney Pictures,Based on Book/Short Story,Adventure,Kids Fiction,NA,80,6.3,1605,2005
He Got Game,21567853,21567853,NA,25000000,May 01 1998,R,134,Walt Disney Pictures,Original Screenplay,Drama,Contemporary Fiction,Spike Lee,80,6.8,14494,1998
Heist,23483357,28483168,NA,35000000,Nov 09 2001,R,109,New Line,Original Screenplay,Action,Contemporary Fiction,David Mamet,66,3.2,77,2001
Hellboy,59623958,99823958,NA,60000000,Apr 02 2004,PG-13,122,Sony Pictures,Based on Comic/Graphic Novel,Action,Super Hero,Guillermo Del Toro,81,6.8,67763,2004
Raising Helen,37485528,43340302,NA,50000000,May 28 2004,PG-13,119,Walt Disney Pictures,Original Screenplay,Comedy,Contemporary Fiction,Garry Marshall,22,5.7,10526,2004
A Home at the End of the World,1029017,1033810,NA,6500000,Jul 23 2004,R,NA,Warner Independent,Based on Book/Short Story,Drama,Historical Fiction,NA,48,6.7,7180,2004
Here on Earth,10494147,10845127,NA,15000000,Mar 24 2000,PG-13,NA,20th Century Fox,Original Screenplay,Drama,Contemporary Fiction,NA,18,4.6,4929,2000
Head Over Heels,10397365,10397365,NA,14000000,Feb 02 2001,PG-13,NA,Universal,Original Screenplay,Romantic Comedy,Contemporary Fiction,Mark Waters,9,4.8,6574,2001
The Haunting,91188905,180188905,NA,80000000,Jul 23 1999,PG-13,114,Dreamworks SKG,Based on Book/Short Story,Horror,Contemporary Fiction,Jan De Bont,17,4.6,31808,1999
High Crimes,41543207,63781100,NA,42000000,Apr 05 2002,PG-13,115,20th Century Fox,Based on Book/Short Story,Thriller/Suspense,Contemporary Fiction,Carl Franklin,31,6.1,14428,2002
High Fidelity,27277055,47881663,NA,20000000,Mar 31 2000,R,114,Walt Disney Pictures,Based on Book/Short Story,Comedy,Contemporary Fiction,Stephen Frears,92,7.6,69740,2000
High Heels and Low Lifes,226792,226792,NA,10000000,Oct 26 2001,R,NA,Walt Disney Pictures,NA,(Missing),NA,NA,20,6.1,2205,2001
High School Musical 3: Senior Year,90556401,251056401,59373004,11000000,Oct 24 2008,G,NA,Walt Disney Pictures,Based on TV,Musical,Contemporary Fiction,NA,66,3.7,18587,2008
The History Boys,2730296,13425589,NA,3700000,Nov 21 2006,R,NA,Fox Searchlight,Based on Play,Comedy,Contemporary Fiction,NA,63,6.7,10293,2006
A History of Violence,31493782,59993782,38659936,32000000,Sep 23 2005,R,NA,New Line,Based on Comic/Graphic Novel,Drama,Contemporary Fiction,David Cronenberg,87,7.6,79738,2005
Hitch,177784257,366784257,NA,55000000,Feb 11 2005,PG-13,113,Sony Pictures,Original Screenplay,Romantic Comedy,Contemporary Fiction,Andy Tennant,69,5.7,89,2005
Hitman,39687694,99965792,28077100,17500000,Nov 21 2007,R,93,20th Century Fox,Original Screenplay,Action,Contemporary Fiction,NA,14,6.8,520,2007
Harold & Kumar Escape from Guantanamo Bay,38108728,43231984,24609630,12000000,Apr 25 2008,R,NA,Warner Bros.,Original Screenplay,Comedy,Contemporary Fiction,NA,54,6.7,42358,2008
Harold & Kumar Go to White Castle,18225165,18225165,NA,9000000,Jul 30 2004,R,NA,New Line,Original Screenplay,Comedy,Contemporary Fiction,NA,74,7.2,56030,2004
Held Up,4714090,4714090,NA,8000000,May 12 2000,PG-13,NA,Trimark,Original Screenplay,Comedy,Contemporary Fiction,NA,17,4.7,1840,2000
The Hills Have Eyes,41778863,69623713,20576805,17000000,Mar 10 2006,R,NA,Fox Searchlight,Remake,Horror,Contemporary Fiction,Alexandre Aja,49,6.5,43747,2006
How to Lose Friends & Alienate People,2775593,12031443,NA,28000000,Oct 03 2008,R,109,MGM,Based on Book/Short Story,Comedy,Contemporary Fiction,NA,36,6.7,25756,2008
Half Past Dead,15567860,19233280,NA,25000000,Nov 15 2002,PG-13,NA,Sony Pictures,Original Screenplay,Action,Contemporary Fiction,NA,2,4.1,6909,2002
Holy Man,12069719,12069719,NA,60000000,Oct 09 1998,PG,NA,Walt Disney Pictures,Original Screenplay,Comedy,Contemporary Fiction,Stephen Herek,12,4.7,9105,1998
Milk,31841299,50164027,11075466,20000000,Nov 26 2008,R,NA,Focus Features,Based on Real Life Events,Drama,Dramatization,Gus Van Sant,94,3.6,479,2008
Hamlet 2,4886216,4898285,NA,9000000,Aug 22 2008,R,NA,Focus Features,Original Screenplay,Comedy,Contemporary Fiction,Andrew Fleming,64,6.4,9017,2008
Home on the Range,50026353,76482461,NA,110000000,Apr 02 2004,PG,94,Walt Disney Pictures,Original Screenplay,Comedy,Kids Fiction,NA,54,5.4,4772,2004
Hannibal Rising,27669725,80583311,23365803,50000000,Feb 09 2007,R,121,Weinstein Co.,Based on Book/Short Story,Thriller/Suspense,Historical Fiction,Peter Webber,15,6,28690,2007
The Hangover,277322503,465132119,165916727,35000000,Jun 05 2009,R,99,Warner Bros.,Original Screenplay,Comedy,Contemporary Fiction,Todd Phillips,78,7.9,127634,2009
Hanging Up,36037909,51867723,NA,40000000,Feb 18 2000,PG-13,95,Sony Pictures,Original Screenplay,Comedy,Contemporary Fiction,NA,12,4.3,6098,2000
The Hoax,7164995,7164995,NA,25000000,Apr 06 2007,R,NA,Walt Disney Pictures,Based on Real Life Events,Drama,Dramatization,Lasse Hallstrom,85,6.9,9171,2007
Holes,67383924,72383924,NA,20000000,Apr 18 2003,PG,117,Walt Disney Pictures,Based on Book/Short Story,Drama,Contemporary Fiction,Andrew Davis,77,7.1,19388,2003
The Holiday,63280000,205190324,71449071,85000000,Dec 08 2006,PG-13,131,Sony Pictures,Original Screenplay,Romantic Comedy,Contemporary Fiction,Nancy Meyers,47,6.9,48215,2006
Hollow Man,73209340,191200000,NA,90000000,Aug 04 2000,R,112,Sony Pictures,Original Screenplay,Horror,Science Fiction,Paul Verhoeven,28,5.5,41499,2000
Home Fries,10513979,10513979,NA,15000000,Nov 25 1998,PG-13,NA,Warner Bros.,Original Screenplay,Black Comedy,Contemporary Fiction,NA,31,4.7,4806,1998
Honey,30272254,62192232,NA,18000000,Dec 05 2003,PG-13,94,Universal,Original Screenplay,Drama,Contemporary Fiction,Bille Woodruff,20,4.6,13026,2003
The Honeymooners,12834849,13174426,NA,27000000,Jun 10 2005,PG-13,NA,Paramount Pictures,Based on TV,Comedy,Contemporary Fiction,John Schultz,14,2.6,5012,2005
Hoot,8117637,8224998,11095119,15000000,May 05 2006,PG,NA,New Line,Based on Book/Short Story,Comedy,Contemporary Fiction,NA,26,5.3,2830,2006
Hope Floats,60110313,81529000,NA,30000000,May 29 1998,PG-13,114,20th Century Fox,Original Screenplay,Drama,Contemporary Fiction,Forest Whitaker,23,5.3,9168,1998
Hostel: Part II,17544812,33606409,16230816,7500000,Jun 08 2007,R,NA,Lionsgate,Original Screenplay,Horror,Contemporary Fiction,Eli Roth,45,5.4,31511,2007
Hot Rod,13938332,14334401,24152720,25000000,Aug 03 2007,PG-13,83,Paramount Pictures,Original Screenplay,Comedy,Contemporary Fiction,NA,40,6.5,22250,2007
The Hours,41675994,108775994,NA,25000000,Dec 27 2002,PG-13,115,Paramount Pictures,Based on Book/Short Story,Drama,Historical Fiction,Stephen Daldry,80,7.6,44618,2002
Life as a House,15652637,23889158,NA,18000000,Oct 26 2001,R,NA,New Line,Original Screenplay,Drama,Contemporary Fiction,NA,46,7.5,19308,2001
Bringing Down the House,132675402,164675402,NA,20000000,Mar 07 2003,PG-13,105,Walt Disney Pictures,Original Screenplay,Comedy,Contemporary Fiction,Adam Shankman,34,5.4,16242,2003
House of Wax,32064800,70064800,NA,35000000,May 06 2005,R,NA,Warner Bros.,Remake,Horror,Contemporary Fiction,NA,25,5.4,32159,2005
How to Deal,14108518,14108518,NA,16000000,Jul 18 2003,PG-13,NA,New Line,Based on Book/Short Story,Drama,Contemporary Fiction,NA,29,5.4,5292,2003
How High,31155435,31260435,NA,12000000,Dec 21 2001,R,93,Universal,Original Screenplay,Comedy,Contemporary Fiction,NA,27,5.5,14470,2001
Harry Potter and the Chamber of Secrets,261987880,878987880,NA,100000000,Nov 15 2002,PG,161,Warner Bros.,Based on Book/Short Story,Adventure,Fantasy,Chris Columbus,82,7.2,120063,2002
Harry Potter and the Prisoner of Azkaban,249538952,795538952,NA,130000000,Jun 04 2004,PG,141,Warner Bros.,Based on Book/Short Story,Adventure,Fantasy,Alfonso Cuaron,90,7.7,108928,2004
Harry Potter and the Goblet of Fire,290013036,896013036,215701005,150000000,Nov 18 2005,PG-13,157,Warner Bros.,Based on Book/Short Story,Adventure,Fantasy,Mike Newell,88,7.6,111946,2005
Harry Potter and the Order of the Phoenix,292004738,938468864,220867077,150000000,Jul 11 2007,PG-13,138,Warner Bros.,Based on Book/Short Story,Adventure,Fantasy,David Yates,78,7.4,104074,2007
Harry Potter and the Half-Blood Prince,301959197,937499905,103574938,250000000,Jul 15 2009,PG,153,Warner Bros.,Based on Book/Short Story,Adventure,Fantasy,David Yates,83,7.3,73720,2009
Happy Feet,198000317,385000317,203263968,85000000,Nov 17 2006,PG,108,Warner Bros.,Original Screenplay,Adventure,Kids Fiction,George Miller,74,6.7,42369,2006
Hercules,99112101,250700000,NA,70000000,Jun 15 1997,G,92,Walt Disney Pictures,Based on Book/Short Story,Adventure,Historical Fiction,NA,84,6.8,21902,1997
Hardball,40222729,44102389,NA,21000000,Sep 14 2001,PG-13,106,Paramount Pictures,Based on Book/Short Story,Drama,Contemporary Fiction,Brian Robbins,38,4.1,165,2001
Hard Rain,19870567,19870567,NA,70000000,Jan 16 1998,R,96,Paramount Pictures,Original Screenplay,Action,Contemporary Fiction,NA,26,5.6,14375,1998
The Horse Whisperer,75383563,75383563,NA,60000000,May 15 1998,PG-13,168,Walt Disney Pictures,Based on Book/Short Story,Drama,Contemporary Fiction,Robert Redford,71,6.3,15831,1998
Sorority Row,11965282,26735797,1350584,12500000,Sep 11 2009,R,NA,Summit Entertainment,Remake,Horror,Contemporary Fiction,NA,22,5.1,7097,2009
Hart's War,19076815,33076815,NA,70000000,Feb 15 2002,R,NA,MGM,Based on Book/Short Story,Drama,Historical Fiction,NA,58,6.2,19541,2002
The Hitchhiker's Guide to the Galaxy,51019112,104019112,NA,45000000,Apr 29 2005,PG,103,Walt Disney Pictures,Based on Book/Short Story,Comedy,Science Fiction,NA,60,6.6,61513,2005
Hot Fuzz,23618786,79197493,33391776,16000000,Apr 20 2007,R,121,Focus Features,Original Screenplay,Comedy,Contemporary Fiction,Edgar Wright,91,8,129779,2007
How to Train Your Dragon,217581231,491581231,NA,165000000,Mar 26 2010,PG,NA,Paramount Pictures,Based on Book/Short Story,Comedy,Fantasy,NA,98,8.2,28556,2010
I Heart Huckabees,12784713,14584713,NA,22000000,Oct 01 2004,R,NA,Fox Searchlight,Original Screenplay,Comedy,Contemporary Fiction,NA,62,6.8,35878,2004
Hulk,132177234,245360480,NA,137000000,Jun 20 2003,PG-13,138,Universal,Based on Comic/Graphic Novel,Action,Super Hero,Ang Lee,62,5.7,70844,2003
The Incredible Hulk,134806913,263349257,58503066,137500000,Jun 13 2008,PG-13,112,Universal,Based on Comic/Graphic Novel,Adventure,Super Hero,Louis Leterrier,66,7.1,82419,2008
The Hunchback of Notre Dame,100138851,325500000,NA,100000000,Jun 21 1996,G,86,Walt Disney Pictures,Based on Book/Short Story,Adventure,Historical Fiction,Gary Trousdale,73,6.5,19479,1996
The Hunted,34234008,45016494,NA,55000000,Mar 14 2003,R,94,Paramount Pictures,Original Screenplay,Action,Contemporary Fiction,William Friedkin,31,5.8,18941,2003
Starsky & Hutch,88200225,170200225,NA,60000000,Mar 05 2004,PG-13,101,Warner Bros.,Based on TV,Comedy,Historical Fiction,Todd Phillips,64,6.2,48935,2004
Hollywood Ending,4839383,14839383,NA,16000000,May 03 2002,PG-13,NA,Dreamworks SKG,Original Screenplay,Romantic Comedy,Contemporary Fiction,Woody Allen,46,6.3,10486,2002
Hollywood Homicide,30207785,51107785,NA,75000000,Jun 13 2003,PG-13,116,Sony/Columbia,Original Screenplay,Action,Contemporary Fiction,Ron Shelton,30,5.2,16452,2003
Whatever it Takes,8735529,8735529,NA,15000000,Mar 24 2000,PG-13,NA,Sony Pictures,Based on Book/Short Story,Romantic Comedy,Contemporary Fiction,NA,16,5.2,4192,2000
Ice Age,176387405,383257136,NA,65000000,Mar 15 2002,PG,81,20th Century Fox,Original Screenplay,Adventure,Kids Fiction,Chris Wedge,77,7.4,75552,2002
Ice Princess,24381334,25732334,NA,25000000,Mar 18 2005,G,NA,Walt Disney Pictures,Original Screenplay,Comedy,Contemporary Fiction,NA,52,6,7106,2005
The Ice Storm,8038061,16011975,NA,18000000,Sep 27 1997,R,NA,Fox Searchlight,Based on Book/Short Story,Drama,Historical Fiction,Ang Lee,82,7.5,27544,1997
Identity,52131264,90231264,NA,28000000,Apr 25 2003,R,90,Sony Pictures,Original Screenplay,Thriller/Suspense,Contemporary Fiction,James Mangold,62,7.3,57909,2003
An Ideal Husband,18542974,18542974,NA,10700000,Jun 18 1999,PG-13,97,Miramax,Based on Play,Comedy,Historical Fiction,NA,86,6.7,8078,1999
Idlewild,12669914,12669914,3120029,15000000,Aug 25 2006,R,121,Universal,Original Screenplay,Musical,Historical Fiction,NA,47,5.8,3056,2006
Igby Goes Down,4777465,4777465,NA,9000000,Sep 13 2002,R,NA,MGM,Original Screenplay,Comedy,Contemporary Fiction,NA,76,7,19050,2002
Igor,19528188,26608350,12361783,30000000,Sep 19 2008,PG,86,MGM,Original Screenplay,Comedy,Kids Fiction,NA,35,6,6614,2008
I Got the Hook-Up!,10317779,10317779,NA,3500000,May 27 1998,R,NA,Miramax,Original Screenplay,Comedy,Contemporary Fiction,NA,17,3.3,985,1998
Idle Hands,4023741,4023741,NA,15000000,Apr 30 1999,R,NA,Sony Pictures,Original Screenplay,Horror,Contemporary Fiction,NA,15,5.8,16157,1999
Imaginary Heroes,228524,290875,NA,10000000,Dec 17 2004,R,NA,Sony Pictures Classics,Original Screenplay,Drama,NA,NA,35,7.2,6057,2004
I Still Know What You Did Last Summer,40020622,40020622,NA,24000000,Nov 13 1998,R,101,Sony Pictures,Based on Book/Short Story,Horror,Contemporary Fiction,NA,8,4.1,23268,1998
I Know What You Did Last Summer,72250091,125250091,NA,17000000,Oct 17 1997,R,101,Sony Pictures,Based on Book/Short Story,Horror,Contemporary Fiction,NA,36,5.4,36807,1997
The Illusionist,39868642,84276175,38200717,16500000,Aug 18 2006,PG-13,110,Yari Film Group Releasing,Based on Book/Short Story,Drama,Historical Fiction,NA,74,7.7,92040,2006
The Imaginarium of Doctor Parnassus,7689458,58692979,5387124,30000000,Dec 25 2009,PG-13,122,Sony Pictures Classics,Original Screenplay,Adventure,Fantasy,Terry Gilliam,64,7.1,33374,2009
Imagine That,16123323,16123323,NA,55000000,Jun 12 2009,PG,107,Paramount Pictures,Original Screenplay,Comedy,Contemporary Fiction,Karey Kirkpatrick,38,5.4,3092,2009
Inception,285630280,753830280,NA,160000000,Jul 16 2010,PG-13,147,Warner Bros.,Original Screenplay,Thriller/Suspense,Science Fiction,Christopher Nolan,87,9.1,188247,2010
In the Cut,4717455,23693646,NA,12000000,Oct 22 2003,R,NA,Sony Pictures,Based on Book/Short Story,Thriller/Suspense,Contemporary Fiction,Jane Campion,34,5.2,11590,2003
In Too Deep,14026509,14026509,NA,7000000,Aug 25 1999,R,NA,Gramercy,Original Screenplay,Drama,Contemporary Fiction,NA,36,5.5,2529,1999
Indiana Jones and the Kingdom of the Crystal Skull,317023851,786558145,109654917,185000000,May 22 2008,PG-13,NA,Paramount Pictures,Original Screenplay,Adventure,Historical Fiction,Steven Spielberg,77,6.6,135071,2008
In Dreams,12017369,12017369,NA,30000000,Jan 15 1999,R,NA,Dreamworks SKG,Based on Book/Short Story,Horror,Contemporary Fiction,Neil Jordan,22,5.3,7138,1999
Infamous,1151330,2613717,NA,13000000,Oct 13 2006,R,118,Warner Independent,Based on Book/Short Story,Drama,Dramatization,NA,72,7.1,6917,2006
Inkheart,17303424,58051454,8342886,60000000,Jan 23 2009,PG,105,Warner Bros.,Based on Book/Short Story,Adventure,Fantasy,Iain Softley,40,6.1,14157,2009
In & Out,63826569,83226569,NA,35000000,Sep 19 1997,PG-13,92,Paramount Pictures,Original Screenplay,Comedy,Contemporary Fiction,Frank Oz,71,6.1,18773,1997
I Now Pronounce You Chuck and Larry,119725280,185708462,69334335,85000000,Jul 20 2007,PG-13,115,Universal,Original Screenplay,Comedy,Contemporary Fiction,Dennis Dugan,14,6.1,46347,2007
Inside Man,88634237,184634237,37712869,50000000,Mar 24 2006,R,NA,Universal,Original Screenplay,Thriller/Suspense,Contemporary Fiction,Spike Lee,86,7.7,86229,2006
The Insider,28965197,60265197,NA,68000000,Nov 05 1999,R,157,Walt Disney Pictures,Based on Book/Short Story,Drama,Dramatization,Michael Mann,96,8,68747,1999
Insomnia,67263182,113622499,NA,46000000,May 24 2002,R,118,Warner Bros.,Remake,Thriller/Suspense,Contemporary Fiction,Christopher Nolan,92,6.3,33,2002
Inspector Gadget,97387965,97387965,NA,75000000,Jul 23 1999,PG,77,Walt Disney Pictures,Based on TV,Comedy,Kids Fiction,NA,21,3.9,13881,1999
Instinct,34105207,34105207,NA,55000000,Jun 04 1999,R,123,Walt Disney Pictures,Original Screenplay,Drama,Contemporary Fiction,Jon Turteltaub,27,6.2,15388,1999
The Invention of Lying,18451251,32679264,4548709,18500000,Oct 02 2009,PG-13,NA,Warner Bros.,Original Screenplay,Comedy,Fantasy,Ricky Gervais,57,6.5,24578,2009
The Invasion,15074191,40147042,4845943,80000000,Aug 17 2007,PG-13,99,Warner Bros.,Remake,Thriller/Suspense,Science Fiction,NA,19,6,28605,2007
Iron Man 2,312128345,622128345,NA,170000000,May 07 2010,PG-13,NA,Paramount Pictures,Based on Comic/Graphic Novel,Adventure,Super Hero,Jon Favreau,74,7.3,61256,2010
Iron Man,318604126,582604126,169251757,186000000,May 02 2008,PG-13,126,Paramount Pictures,Based on Comic/Graphic Novel,Action,Super Hero,Jon Favreau,94,7.9,174040,2008
The Iron Giant,23159305,31333917,NA,50000000,Aug 04 1999,PG,86,Warner Bros.,Based on Book/Short Story,Adventure,Kids Fiction,Brad Bird,97,7.9,38791,1999
The Island,35818913,163018913,NA,120000000,Jul 22 2005,PG-13,NA,Dreamworks SKG,Original Screenplay,Action,Science Fiction,Michael Bay,40,6.9,82601,2005
Isn't She Great,2954405,2954405,NA,36000000,Jan 28 2000,R,NA,Universal,Based on Magazine Article,Comedy,Contemporary Fiction,Andrew Bergman,25,4.9,1426,2000
I Spy,33561137,33561137,NA,70000000,Nov 01 2002,PG-13,97,Sony Pictures,Based on TV,Action,Contemporary Fiction,Betty Thomas,15,5.3,18061,2002
The Italian Job,106126012,175826012,NA,60000000,May 30 2003,PG-13,111,Paramount Pictures,Remake,Adventure,Contemporary Fiction,F. Gary Gray,73,6.9,76835,2003
I Think I Love My Wife,12559771,13205411,13566229,14000000,Mar 16 2007,R,94,Fox Searchlight,Remake,Romantic Comedy,Contemporary Fiction,Chris Rock,19,5.5,8643,2007
Jack Frost,34645374,34645374,NA,50000000,Dec 11 1998,PG,95,Warner Bros.,Original Screenplay,Comedy,Fantasy,NA,15,4.6,6932,1998
Jackie Brown,39673162,72673162,NA,12000000,Dec 25 1997,R,154,Miramax,Based on Book/Short Story,Drama,Contemporary Fiction,Quentin Tarantino,85,7.6,84068,1997
The Jackal,54956941,159356941,NA,60000000,Nov 14 1997,R,124,Universal,Remake,Thriller/Suspense,Contemporary Fiction,Michael Caton-Jones,12,6,35540,1997
The Jacket,6301131,15452978,NA,28500000,Mar 04 2005,R,NA,Warner Independent,Original Screenplay,Thriller/Suspense,Fantasy,NA,43,7.1,35932,2005
Jakob the Liar,4956401,4956401,NA,15000000,Sep 24 1999,PG-13,NA,Sony Pictures,Based on Book/Short Story,Drama,Historical Fiction,NA,30,6.1,6636,1999
Jarhead,62647540,96947540,52209103,72000000,Nov 04 2005,R,115,Universal,Based on Book/Short Story,Drama,Dramatization,Sam Mendes,61,7.2,60650,2005
Jawbreaker,3076820,3076820,NA,3000000,Feb 19 1999,R,NA,Sony Pictures,Original Screenplay,Black Comedy,Contemporary Fiction,NA,7,4.8,9329,1999
The World is Not Enough,126930660,361730660,NA,135000000,Nov 19 1999,PG-13,125,MGM,Based on Book/Short Story,Action,Contemporary Fiction,Michael Apted,51,6.3,59406,1999
Die Another Day,160942139,431942139,NA,142000000,Nov 22 2002,PG-13,133,MGM,Based on Book/Short Story,Action,Contemporary Fiction,Lee Tamahori,59,6,67476,2002
Casino Royale,167365000,596365000,79681613,102000000,Nov 17 2006,PG-13,144,Sony Pictures,Based on Book/Short Story,Action,Contemporary Fiction,Martin Campbell,94,8,172936,2006
Quantum of Solace,169368427,576368427,44912115,230000000,Nov 14 2008,PG-13,NA,Sony Pictures,Based on Book/Short Story,Action,Contemporary Fiction,Marc Forster,64,6.8,93596,2008
Jennifer's Body,16204793,32832166,4998385,16000000,Sep 18 2009,R,NA,20th Century Fox,Original Screenplay,Thriller/Suspense,Fantasy,NA,42,5.3,24265,2009
Jackass: Number Two,72778712,83578712,49050925,11000000,Sep 22 2006,R,NA,Paramount Pictures,Based on TV,Comedy,Factual,NA,63,7.2,24434,2006
Joe Dirt,27087695,30987695,NA,16000000,Apr 11 2001,PG-13,91,Sony Pictures,Original Screenplay,Comedy,Contemporary Fiction,Dennie Gordon,11,5.4,18666,2001
The Curse of the Jade Scorpion,7496522,18496522,NA,26000000,Aug 24 2001,PG-13,NA,Dreamworks SKG,Original Screenplay,Comedy,Contemporary Fiction,Woody Allen,45,6.7,15897,2001
Jeepers Creepers,37904175,55026845,NA,10000000,Aug 31 2001,R,91,MGM,Original Screenplay,Horror,Contemporary Fiction,NA,45,5.7,30610,2001
Johnny English,28013509,160323929,NA,45000000,Jul 18 2003,PG,87,Universal,Original Screenplay,Comedy,Contemporary Fiction,NA,33,5.8,29246,2003
The Assassination of Jesse James by the Coward Robert Ford,3909149,15001776,9871881,30000000,Sep 21 2007,R,160,Warner Bros.,Based on Book/Short Story,Western,Dramatization,NA,75,7.7,57465,2007
Johnson Family Vacation,31203964,31462753,NA,12000000,Apr 07 2004,PG-13,97,Fox Searchlight,Original Screenplay,Comedy,Contemporary Fiction,NA,6,3.8,3278,2004
Jersey Girl,25266129,37066129,NA,35000000,Mar 26 2004,PG-13,102,Miramax,Original Screenplay,Comedy,Contemporary Fiction,Kevin Smith,40,6.2,27370,2004
The Jimmy Show,703,703,NA,1000000,Dec 13 2002,R,NA,NA,NA,(Missing),NA,NA,40,5.1,358,2002
Jackpot,44452,44452,NA,400000,Jul 27 2001,R,NA,NA,NA,Drama,NA,Michael Polish,29,5.7,408,2001
Just Like Heaven,48318130,100687083,37588463,58000000,Sep 16 2005,PG-13,NA,Dreamworks SKG,Based on Book/Short Story,Romantic Comedy,Contemporary Fiction,Mark Waters,57,6.8,29457,2005
Just My Luck,17326650,38326650,11051609,28000000,May 12 2006,PG-13,NA,20th Century Fox,Original Screenplay,Romantic Comedy,Contemporary Fiction,Donald Petrie,13,5,13368,2006
The Jungle Book 2,47901582,135703599,NA,20000000,Feb 14 2003,G,72,Walt Disney Pictures,Based on Book/Short Story,Adventure,Historical Fiction,NA,19,5.2,2740,2003
Joe Somebody,22770864,24515990,NA,38000000,Dec 21 2001,PG,98,20th Century Fox,Original Screenplay,Comedy,Contemporary Fiction,John Pasquin,19,5.3,5313,2001
Jonah Hex,10547117,10547117,NA,47000000,Jun 18 2010,PG-13,81,Warner Bros.,Based on Comic/Graphic Novel,Action,Historical Fiction,NA,13,4.3,2316,2010
John Q,71026631,102226631,NA,36000000,Feb 15 2002,PG-13,116,New Line,Original Screenplay,Drama,Contemporary Fiction,Nick Cassavetes,22,6.6,32338,2002
Josie and the Pussycats,14252830,14252830,NA,22000000,Apr 11 2001,PG-13,NA,Universal,Based on TV,Comedy,Contemporary Fiction,NA,53,5.1,11284,2001
Jerry Maguire,153952592,274000000,NA,50000000,Dec 13 1996,R,138,Sony Pictures,Original Screenplay,Romantic Comedy,Contemporary Fiction,Cameron Crowe,84,7.2,78603,1996
Jay and Silent Bob Strike Back,30059386,33762400,NA,22000000,Aug 24 2001,R,104,Miramax/Dimension,Spin-Off,Comedy,Contemporary Fiction,Kevin Smith,53,6.8,62692,2001
Being Julia,7739049,11039049,NA,18000000,Oct 15 2004,R,NA,Sony Pictures,Based on Book/Short Story,Drama,Historical Fiction,NA,76,7.1,7067,2004
Julie & Julia,94125426,126646119,40846498,40000000,Aug 07 2009,PG-13,NA,Sony Pictures,Based on Book/Short Story,Comedy,Contemporary Fiction,Nora Ephron,75,7.2,22269,2009
Jumper,80172128,222117068,33679094,82500000,Feb 14 2008,PG-13,NA,20th Century Fox,Based on Book/Short Story,Adventure,Science Fiction,Doug Liman,17,5.9,69161,2008
Junebug,2678010,2678010,NA,1000000,Aug 03 2005,R,NA,Sony Pictures Classics,Original Screenplay,Drama,Contemporary Fiction,NA,86,7.1,11457,2005
Juno,143495265,230327671,57612374,7000000,Dec 05 2007,PG-13,95,Fox Searchlight,Original Screenplay,Comedy,Contemporary Fiction,Jason Reitman,93,7.9,149855,2007
Just Married,56127162,56127162,NA,19000000,Jan 10 2003,PG-13,95,20th Century Fox,Original Screenplay,Romantic Comedy,Contemporary Fiction,Shawn Levy,20,5.1,19508,2003
Freddy vs. Jason,82622655,114326122,NA,25000000,Aug 15 2003,R,97,New Line,Spin-Off,Horror,Contemporary Fiction,Ronny Yu,41,5.8,39182,2003
K-19: The Widowmaker,35168966,65716126,NA,90000000,Jul 19 2002,PG-13,138,Paramount Pictures,Based on Book/Short Story,Action,Dramatization,Kathryn Bigelow,61,6.5,22288,2002
Kick-Ass,48071303,76252166,18666874,28000000,Apr 16 2010,R,NA,Lionsgate,Based on Comic/Graphic Novel,Action,Contemporary Fiction,Matthew Vaughn,75,8.1,86990,2010
The Original Kings of Comedy,38168022,38236338,NA,3000000,Aug 18 2000,R,116,Paramount Pictures,Based on Real Life Events,Concert/Performance,Factual,Spike Lee,86,6.2,3258,2000
Kiss of the Dragon,36833473,36833473,NA,25000000,Jul 06 2001,R,98,20th Century Fox,Original Screenplay,Action,Contemporary Fiction,Chris Nahon,51,6.3,22087,2001
The Karate Kid,176591618,350591618,NA,40000000,Jun 11 2010,PG,140,Sony Pictures,Remake,Adventure,Contemporary Fiction,NA,67,6.1,20039,2010
The Kentucky Fried Movie,15000000,20000000,NA,600000,Aug 10 1977,(Missing),NA,United Film Distribution Co.,Original Screenplay,Comedy,NA,John Landis,77,6.4,8342,1977
Kill Bill: Volume 1,70098138,180098138,NA,55000000,Oct 10 2003,R,111,Miramax,Original Screenplay,Action,Contemporary Fiction,Quentin Tarantino,85,8.2,231761,2003
Kingdom of Heaven,47398413,211398413,NA,110000000,May 06 2005,R,NA,20th Century Fox,Original Screenplay,Adventure,Historical Fiction,Ridley Scott,39,7.1,83189,2005
Kinsey,10214647,13000959,NA,11000000,Nov 12 2004,R,NA,Fox Searchlight,Based on Real Life Events,Drama,Dramatization,Bill Condon,90,7.2,20135,2004
Kiss the Girls,60527873,60527873,NA,27000000,Oct 03 1997,R,120,Paramount Pictures,Based on Book/Short Story,Thriller/Suspense,Contemporary Fiction,NA,32,6.4,20932,1997
King Kong,218080025,550517357,140752353,207000000,Dec 14 2005,PG-13,187,Universal,Remake,Adventure,Fantasy,Peter Jackson,83,7.6,132720,2005
Knocked Up,148761765,218994109,117601397,27500000,Jun 01 2007,R,132,Universal,Original Screenplay,Romantic Comedy,Contemporary Fiction,Judd Apatow,90,7.5,111192,2007
The Kingdom,47467250,86509602,34065220,72500000,Sep 28 2007,R,110,Universal,Original Screenplay,Action,Contemporary Fiction,Peter Berg,51,7.1,47200,2007
Black Knight,33422806,33422806,NA,35000000,Nov 21 2001,PG-13,96,20th Century Fox,Original Screenplay,Comedy,Kids Fiction,NA,13,4.3,12747,2001
Knowing,79957634,187858642,23450931,50000000,Mar 20 2009,PG-13,121,Summit Entertainment,Based on Book/Short Story,Thriller/Suspense,Contemporary Fiction,Alex Proyas,32,6.4,58138,2009
Knock Off,10319915,10319915,NA,35000000,Sep 04 1998,R,NA,Sony Pictures,Original Screenplay,Action,Contemporary Fiction,NA,8,4.1,5852,1998
K-PAX,50315140,50315140,NA,48000000,Oct 26 2001,PG-13,121,Universal,Based on Book/Short Story,Drama,Science Fiction,Iain Softley,40,7.3,50475,2001
Christmas with the Kranks,73701902,96501902,NA,50000000,Nov 24 2004,PG,98,Sony Pictures,Based on Book/Short Story,Comedy,Contemporary Fiction,NA,5,4.7,9126,2004
King's Ransom,4008527,4049527,NA,25000000,Apr 22 2005,PG-13,NA,New Line,Original Screenplay,Comedy,Contemporary Fiction,Jeffrey W. Byrd,2,3.5,2251,2005
A Knight's Tale,56083966,56083966,NA,41000000,May 11 2001,PG-13,132,Sony Pictures,Original Screenplay,Adventure,Historical Fiction,NA,58,6.6,47609,2001
The Kite Runner,15800078,73222245,6563936,20000000,Dec 14 2007,PG-13,122,Paramount Vantage,Based on Book/Short Story,Drama,Contemporary Fiction,Marc Forster,66,7.8,26816,2007
Kundun,5686694,5686694,NA,28000000,Dec 25 1997,PG-13,NA,Walt Disney Pictures,Original Screenplay,Drama,Dramatization,Martin Scorsese,76,7,10248,1997
L.A. Confidential,64604977,110604977,NA,35000000,Sep 19 1997,R,137,Warner Bros.,Based on Book/Short Story,Drama,Historical Fiction,Curtis Hanson,99,8.4,165161,1997
Law Abiding Citizen,73357727,113190972,20038881,53000000,Oct 16 2009,R,108,Overture Films,Original Screenplay,Thriller/Suspense,Contemporary Fiction,F. Gary Gray,25,7.2,45577,2009
Ladder 49,74541707,102332848,NA,60000000,Oct 01 2004,PG-13,105,Walt Disney Pictures,Original Screenplay,Action,Contemporary Fiction,Jay Russell,40,6.5,23369,2004
The Ladykillers,39692139,77692139,NA,35000000,Mar 26 2004,R,104,Walt Disney Pictures,Remake,Comedy,Contemporary Fiction,Joel Coen,54,6.2,39242,2004
Lady in the Water,42285169,72785169,12440849,75000000,Jul 21 2006,PG-13,NA,Warner Bros.,Original Screenplay,Drama,Fantasy,M. Night Shyamalan,24,5.8,47535,2006
The Lake House,52330111,114830111,39758509,40000000,Jun 16 2006,PG,NA,Warner Bros.,Remake,Drama,Fantasy,NA,36,6.8,36613,2006
Lakeview Terrace,39263506,44263506,21455006,20000000,Sep 19 2008,PG-13,106,Sony/Screen Gems,Original Screenplay,Thriller/Suspense,Contemporary Fiction,Neil LaBute,46,6.3,18547,2008
The Ladies Man,13592872,13719474,NA,11000000,Oct 13 2000,R,NA,Paramount Pictures,Original Screenplay,Comedy,Contemporary Fiction,NA,11,4.7,6556,2000
Land of the Lost,49438370,69548641,18953806,100000000,Jun 05 2009,PG-13,101,Universal,Based on TV,Comedy,Fantasy,Brad Silberling,26,5.3,16830,2009
Changing Lanes,66790248,66790248,NA,45000000,Apr 12 2002,R,99,Paramount Pictures,Original Screenplay,Thriller/Suspense,Contemporary Fiction,NA,77,6.5,29222,2002
Lars and the Real Girl,5956480,10553442,2560922,12500000,Oct 12 2007,PG-13,106,MGM,Original Screenplay,Comedy,Contemporary Fiction,NA,81,7.5,32423,2007
Laws of Attraction,17848322,29948322,NA,32000000,Apr 30 2004,PG-13,NA,New Line,Original Screenplay,Romantic Comedy,Contemporary Fiction,NA,18,5.7,9266,2004
Little Black Book,20422207,21758371,NA,30000000,Aug 06 2004,PG-13,NA,Sony Pictures,Original Screenplay,Romantic Comedy,Contemporary Fiction,NA,21,5.2,7625,2004
Larry the Cable Guy: Health Inspector,15680099,15680099,13180936,17000000,Mar 24 2006,PG-13,NA,Lionsgate,Original Screenplay,Comedy,Contemporary Fiction,NA,6,2.8,7547,2006
Little Children,5463019,14763019,3657245,14000000,Oct 06 2006,R,136,New Line,Based on Book/Short Story,Drama,Contemporary Fiction,Todd Field,79,7.8,37162,2006
Save the Last Dance,91038276,131638276,NA,13000000,Jan 12 2001,PG-13,113,Paramount Pictures,Original Screenplay,Drama,Contemporary Fiction,NA,53,5.9,20355,2001
Legion,40122938,64622938,16715657,26000000,Jan 22 2010,R,NA,Sony Pictures,Original Screenplay,Thriller/Suspense,Fantasy,NA,19,5,19962,2010
I am Legend,256393010,585055701,129742540,150000000,Dec 14 2007,PG-13,100,Warner Bros.,Based on Book/Short Story,Horror,Science Fiction,Francis Lawrence,69,7.1,153631,2007
Leatherheads,31373938,40830862,8871266,58000000,Apr 04 2008,PG-13,NA,Universal,Original Screenplay,Romantic Comedy,Historical Fiction,George Clooney,52,6.1,14504,2008
Letters from Iwo Jima,13756082,68756082,13625847,13000000,Dec 20 2006,R,141,Warner Bros.,Based on Real Life Events,Drama,Historical Fiction,Clint Eastwood,91,8.1,56872,2006
Last Holiday,38399961,43343247,29881643,45000000,Jan 13 2006,PG-13,NA,Paramount Pictures,Remake,Comedy,Contemporary Fiction,Wayne Wang,54,6.3,8060,2006
The Hurricane,50699241,73956241,NA,38000000,Dec 29 1999,R,125,Universal,Based on Real Life Events,Drama,Dramatization,Norman Jewison,83,7.4,32172,1999
Liar Liar,181410615,302710615,NA,45000000,Mar 21 1997,PG-13,87,Universal,Original Screenplay,Comedy,Contemporary Fiction,Tom Shadyac,82,6.7,67798,1997
Equilibrium,1190018,5345869,NA,20000000,Dec 06 2002,R,NA,Miramax/Dimension,Original Screenplay,Action,Science Fiction,NA,37,7.7,86428,2002
Chasing Liberty,12189514,12291975,NA,23000000,Jan 09 2004,PG-13,NA,Warner Bros.,Original Screenplay,Romantic Comedy,Contemporary Fiction,NA,19,5.8,7855,2004
L.I.E.,1138836,1138836,NA,700000,Sep 07 2001,Open,NA,Lot 47 Films,Original Screenplay,Drama,Contemporary Fiction,NA,83,7.2,5122,2001
The Life Aquatic with Steve Zissou,24006726,34806726,NA,50000000,Dec 10 2004,R,118,Walt Disney Pictures,Original Screenplay,Comedy,Contemporary Fiction,Wes Anderson,53,7.2,57889,2004
The Life of David Gale,19694635,28920188,NA,50000000,Feb 21 2003,R,NA,Universal,Original Screenplay,Thriller/Suspense,Contemporary Fiction,Alan Parker,20,7.3,37628,2003
Life,64062587,73521587,NA,75000000,Apr 16 1999,R,108,Universal,Original Screenplay,Comedy,Contemporary Fiction,Ted Demme,50,5.3,99,1999
Like Mike,51432423,62432423,NA,30000000,Jul 03 2002,PG,99,20th Century Fox,Original Screenplay,Comedy,Kids Fiction,John Schultz,56,4.4,4870,2002
Light It Up,5871603,5871603,NA,13000000,Nov 10 1999,R,NA,20th Century Fox,Original Screenplay,Drama,Contemporary Fiction,NA,38,5.4,2257,1999
Living Out Loud,12905901,12905901,NA,12000000,Oct 30 1998,R,NA,New Line,Original Screenplay,Drama,Contemporary Fiction,Richard LaGravenese,58,6.5,3040,1998
The Lizzie McGuire Movie,42734455,55534455,NA,15000000,May 02 2003,PG,94,Walt Disney Pictures,Based on TV,Comedy,Contemporary Fiction,NA,40,4.7,10199,2003
Letters to Juliet,53032453,68332453,NA,30000000,May 14 2010,PG,NA,Summit Entertainment,Based on Factual Book/Article,Drama,NA,NA,42,6.3,4576,2010
The Last King of Scotland,17606684,48363516,16836991,6000000,Sep 27 2006,R,121,Fox Searchlight,Based on Book/Short Story,Drama,Dramatization,Kevin MacDonald,87,7.8,54022,2006
Little Miss Sunshine,59891098,100523181,55501748,8000000,Jul 26 2006,R,101,Fox Searchlight,Original Screenplay,Comedy,Contemporary Fiction,NA,91,8,151013,2006
In the Land of Women,11052958,14140402,9876018,10500000,Apr 20 2007,PG-13,98,Warner Bros.,Original Screenplay,Comedy,Contemporary Fiction,NA,44,6.7,13550,2007
Lions for Lambs,14998070,63211088,9203604,35000000,Nov 09 2007,R,90,United Artists,Original Screenplay,Drama,Contemporary Fiction,Robert Redford,27,6.2,22264,2007
How to Lose a Guy in 10 Days,105807520,177079973,NA,50000000,Feb 07 2003,PG-13,116,Paramount Pictures,Based on Book/Short Story,Romantic Comedy,Contemporary Fiction,Donald Petrie,43,6.1,33866,2003
Loser,15464026,18250106,NA,20000000,Jul 21 2000,R,NA,Sony Pictures,Original Screenplay,Romantic Comedy,Contemporary Fiction,Amy Heckerling,25,5,12877,2000
Lost In Space,69117629,136117629,NA,80000000,Apr 03 1998,PG-13,131,New Line,Based on TV,Adventure,Science Fiction,Stephen Hopkins,26,4.8,31611,1998
Lost and Found,6552255,6552255,NA,14000000,Apr 23 1999,PG-13,NA,Warner Bros.,Original Screenplay,Romantic Comedy,Contemporary Fiction,NA,13,4.8,118,1999
Love and Basketball,27441122,27709625,NA,15000000,Apr 21 2000,PG-13,125,New Line,Original Screenplay,Drama,Historical Fiction,Gina Prince-Bythewood,81,6.7,5835,2000
Love Jones,12554569,12554569,NA,10000000,Mar 14 1997,R,NA,New Line,Original Screenplay,Drama,Contemporary Fiction,NA,67,6.7,1165,1997
The Love Letter,8322608,8322608,NA,15000000,May 21 1999,PG-13,NA,Dreamworks SKG,Based on Book/Short Story,Romantic Comedy,Contemporary Fiction,NA,33,5.1,2446,1999
Lord of War,24149632,62142629,NA,42000000,Sep 16 2005,R,NA,Lionsgate,Original Screenplay,Action,Contemporary Fiction,Andrew Niccol,61,7.7,80124,2005
The Last Shot,463730,463730,NA,40000000,Sep 24 2004,R,NA,Walt Disney Pictures,Based on Real Life Events,Comedy,Dramatization,NA,60,5.7,2711,2004
The Last Legion,5932060,21439015,NA,67000000,Aug 17 2007,PG-13,101,Weinstein/Dimension,Based on Book/Short Story,Action,Historical Fiction,NA,17,5.4,12250,2007
The Last Samurai,111110575,456810575,NA,120000000,Dec 05 2003,R,154,Warner Bros.,Original Screenplay,Action,Historical Fiction,Edward Zwick,65,7.8,106002,2003
The Last Sin Eater,388390,388390,NA,2200000,Feb 09 2007,PG-13,NA,20th Century Fox,Based on Book/Short Story,Drama,Historical Fiction,NA,19,5.7,1012,2007
The Last Song,62950384,75850384,20035017,20000000,Mar 31 2010,PG,108,Walt Disney Pictures,Based on Book/Short Story,Drama,Contemporary Fiction,NA,19,3.9,7210,2010
Love Stinks,2793776,2793776,NA,4000000,Sep 10 1999,R,NA,Independent Artists,Original Screenplay,Comedy,Contemporary Fiction,NA,19,5.3,3228,1999
Lost in Translation,44585453,106454000,NA,4000000,Sep 12 2003,R,102,Focus Features,Original Screenplay,Drama,Contemporary Fiction,Sofia Coppola,94,7.9,130998,2003
Lost Souls,16779636,31320293,NA,28000000,Oct 13 2000,R,NA,New Line,Original Screenplay,Thriller/Suspense,Contemporary Fiction,NA,7,4.5,6639,2000
License to Wed,43799818,70799818,22782913,35000000,Jul 03 2007,PG,90,Warner Bros.,Original Screenplay,Romantic Comedy,Contemporary Fiction,Ken Kwapis,7,5.1,15422,2007
Looney Tunes: Back in Action,20950820,54540662,NA,80000000,Nov 14 2003,PG,NA,Warner Bros.,Based on Short Film,Comedy,Kids Fiction,Joe Dante,57,6,8604,2003
Lethal Weapon 4,130444603,285400000,NA,140000000,Jul 10 1998,R,127,Warner Bros.,Original Screenplay,Action,Contemporary Fiction,Richard Donner,54,6.4,47846,1998
Little Man,58636047,101636047,32799301,64000000,Jul 14 2006,PG-13,NA,Sony Pictures,Original Screenplay,Comedy,Contemporary Fiction,Keenen Ivory Wayans,12,5.7,97,2006
The Lucky Ones,266967,266967,NA,14000000,Sep 26 2008,R,104,Lionsgate,Original Screenplay,Drama,Contemporary Fiction,NA,36,7.1,4719,2008
Lucky You,5755286,6521829,853973,55000000,May 04 2007,PG-13,122,Warner Bros.,Original Screenplay,Drama,Historical Fiction,Curtis Hanson,28,5.9,9870,2007
Luther,5781086,29465190,NA,35000000,Sep 26 2003,PG-13,NA,RS Entertainment,Based on Real Life Events,Drama,Historical Fiction,NA,44,6.8,5909,2003
Love Actually,59472278,247967903,NA,45000000,Nov 07 2003,R,135,Universal,Original Screenplay,Romantic Comedy,Contemporary Fiction,NA,63,7.9,97921,2003
The Little Vampire,13555988,13555988,NA,22000000,Oct 27 2000,PG,NA,New Line,Based on Book/Short Story,Comedy,Kids Fiction,NA,53,5.3,2202,2000
The Lovely Bones,44028238,94702568,8474087,65000000,Dec 11 2009,PG-13,NA,Paramount Pictures,Based on Book/Short Story,Drama,Fantasy,Peter Jackson,32,6.6,32049,2009
Herbie: Fully Loaded,66010682,144110682,NA,50000000,Jun 22 2005,G,95,Walt Disney Pictures,NA,Comedy,Kids Fiction,Angela Robinson,42,4.7,14178,2005
For Love of the Game,35188640,46112640,NA,50000000,Sep 17 1999,PG-13,137,Universal,Based on Book/Short Story,Drama,Contemporary Fiction,Sam Raimi,64,6.2,13612,1999
Leaves of Grass,20987,20987,NA,9000000,Apr 02 2010,R,NA,NA,Original Screenplay,Black Comedy,Contemporary Fiction,Tim Blake Nelson,50,6.9,4541,2010
Love Happens,22965110,30206355,7174988,18000000,Sep 18 2009,PG-13,NA,Universal,Original Screenplay,Drama,Contemporary Fiction,NA,17,5.5,6111,2009
Just Visiting,4777007,16172200,NA,40000000,Apr 06 2001,PG-13,NA,Walt Disney Pictures,Remake,Comedy,Fantasy,NA,33,5.6,6923,2001
Love Ranch,134904,134904,NA,25000000,Jun 30 2010,R,117,NA,Based on Real Life Events,Drama,Dramatization,Taylor Hackford,13,5.6,163,2010
The Longest Yard,158119460,190320568,NA,82000000,May 27 2005,PG-13,113,Paramount Pictures,Remake,Comedy,Contemporary Fiction,Peter Segal,31,6.2,39752,2005
Mad City,10561038,10561038,NA,50000000,Nov 07 1997,PG-13,NA,Warner Bros.,Original Screenplay,Drama,Contemporary Fiction,Costa-Gavras,37,6.1,9611,1997
Made,5308707,5476060,NA,5000000,Jul 13 2001,R,NA,Artisan,Original Screenplay,Comedy,Contemporary Fiction,NA,70,6.3,9720,2001
Madagascar: Escape 2 Africa,180010950,599516844,108725804,150000000,Nov 07 2008,PG,NA,Paramount Pictures,Original Screenplay,Comedy,Kids Fiction,Eric Darnell,64,6.8,30285,2008
Madagascar,193595521,532680671,NA,75000000,May 27 2005,PG,83,Dreamworks SKG,Original Screenplay,Adventure,Kids Fiction,Eric Darnell,55,6.6,56480,2005
Mad Hot Ballroom,8117961,9079042,NA,500000,May 13 2005,PG,NA,Paramount Vantage,Based on Real Life Events,Documentary,Factual,NA,83,7.4,2562,2005
Paul Blart: Mall Cop,146336178,180449670,53105030,26000000,Jan 16 2009,PG,91,Sony Pictures,Original Screenplay,Comedy,Contemporary Fiction,Steve Carr,35,5.3,23753,2009
A Man Apart,26500000,44114828,NA,36000000,Apr 04 2003,R,110,New Line,Original Screenplay,Action,Contemporary Fiction,F. Gary Gray,11,5.7,14953,2003
Man on Fire,77906816,118706816,NA,60000000,Apr 23 2004,R,146,20th Century Fox,Remake,Thriller/Suspense,Contemporary Fiction,Tony Scott,38,7.7,75256,2004
Man of the House,19699706,22099706,NA,50000000,Feb 25 2005,PG-13,NA,Sony Pictures,Original Screenplay,Comedy,Contemporary Fiction,Stephen Herek,8,4.2,3432,2005
Man on the Moon,34580635,47407635,NA,52000000,Dec 22 1999,R,118,Universal,Based on Real Life Events,Drama,Dramatization,Milos Forman,62,7.4,49481,1999
The Man Who Knew Too Little,13801755,13801755,NA,20000000,Nov 14 1997,PG,NA,Warner Bros.,Based on Book/Short Story,Comedy,Contemporary Fiction,Jon Amiel,40,6.3,11307,1997
Marci X,1646664,1646664,NA,20000000,Aug 22 2003,R,NA,Paramount Pictures,Original Screenplay,Comedy,Contemporary Fiction,Richard Benjamin,10,2.4,3449,2003
The Marine,18844784,22165608,26786370,15000000,Oct 13 2006,PG-13,91,20th Century Fox,Original Screenplay,Action,Contemporary Fiction,NA,20,4.5,13157,2006
Son of the Mask,17018422,59918422,NA,100000000,Feb 18 2005,PG,NA,New Line,Based on Comic/Graphic Novel,Comedy,Kids Fiction,NA,6,2,15800,2005
The Matador,12578537,17290120,5309636,10000000,Dec 30 2005,R,74,Weinstein Co.,Original Screenplay,Thriller/Suspense,Contemporary Fiction,NA,76,6.9,25035,2005
The Matrix,171479930,460279930,NA,65000000,Mar 31 1999,R,136,Warner Bros.,Original Screenplay,Action,Science Fiction,Andy Wachowski,86,8.7,380934,1999
Max Keeble's Big Move,17292381,17292381,NA,12000000,Oct 05 2001,PG,NA,Walt Disney Pictures,Original Screenplay,Comedy,Kids Fiction,Tim Hill,26,5.1,2490,2001
Murderball,1531154,1722277,NA,350000,Jul 08 2005,PG-13,NA,ThinkFilm,Based on Real Life Events,Documentary,Factual,NA,98,7.8,5699,2005
Vicky Cristina Barcelona,23213577,77213577,8276490,16000000,Aug 15 2008,PG-13,NA,MGM,Original Screenplay,Comedy,Contemporary Fiction,Woody Allen,82,7.4,51760,2008
My Big Fat Greek Wedding,241438208,368744044,NA,5000000,Apr 19 2002,PG,95,IFC Films,Based on Play,Romantic Comedy,Contemporary Fiction,Joel Zwick,75,6.6,46548,2002
My Best Friend's Girl,19219250,34787111,18449619,20000000,Sep 19 2008,R,103,Lionsgate,Original Screenplay,Comedy,Contemporary Fiction,Howard Deutch,15,5.8,14617,2008
Monkeybone,5409517,5409517,NA,75000000,Feb 23 2001,PG-13,NA,20th Century Fox,Based on Comic/Graphic Novel,Comedy,Fantasy,NA,20,4.5,8211,2001
Meet the Browns,41975388,41975388,18271961,20000000,Mar 21 2008,PG-13,NA,Lionsgate,Based on Play,Comedy,Contemporary Fiction,Tyler Perry,30,3.1,3362,2008
McHale's Navy,4408420,4408420,NA,42000000,Apr 18 1997,PG,NA,Universal,Based on TV,Comedy,Contemporary Fiction,NA,3,3.9,3466,1997
The Manchurian Candidate,65948711,96148711,NA,80000000,Jul 30 2004,R,129,Paramount Pictures,Remake,Thriller/Suspense,Historical Fiction,Jonathan Demme,81,6.7,36553,2004
Mickey Blue Eyes,33864342,53864342,NA,40000000,Aug 20 1999,PG-13,103,Warner Bros.,Original Screenplay,Comedy,Contemporary Fiction,NA,44,5.7,16646,1999
Michael Clayton,49033882,92987651,18802372,21500000,Oct 05 2007,R,NA,Warner Bros.,Original Screenplay,Drama,Contemporary Fiction,Tony Gilroy,90,7.5,59493,2007
Master and Commander: The Far Side of the World,93926386,209486484,NA,135000000,Nov 14 2003,PG-13,138,20th Century Fox,Based on Book/Short Story,Adventure,Historical Fiction,Peter Weir,85,7.5,63632,2003
Nanny McPhee,47279279,122540909,42041450,25000000,Jan 27 2006,PG,91,Universal,Based on Book/Short Story,Comedy,Fantasy,NA,73,6.7,13391,2006
The Medallion,22108977,22108977,NA,41000000,Aug 22 2003,PG-13,NA,Sony Pictures,Original Screenplay,Comedy,Fantasy,NA,18,4.7,10121,2003
Meet Dave,11803254,50648806,NA,60000000,Jul 11 2008,PG,NA,20th Century Fox,Original Screenplay,Comedy,Science Fiction,Brian Robbins,19,4.8,13381,2008
Million Dollar Baby,100492203,216763646,NA,30000000,Dec 15 2004,PG-13,132,Warner Bros.,Based on Book/Short Story,Drama,Contemporary Fiction,Clint Eastwood,91,8.2,141212,2004
Madea Goes To Jail,90508336,90508336,27100919,17500000,Feb 20 2009,PG-13,NA,Lionsgate,Based on Play,Comedy,Contemporary Fiction,Tyler Perry,26,3.1,5468,2009
Made of Honor,46012734,105508112,14330761,40000000,May 02 2008,PG-13,NA,Sony Pictures,Original Screenplay,Romantic Comedy,Contemporary Fiction,Paul Weiland,14,5.5,15260,2008
Mean Girls,86047227,128947227,NA,18000000,Apr 30 2004,PG-13,97,Paramount Pictures,Based on Book/Short Story,Comedy,Contemporary Fiction,Mark Waters,83,7,63607,2004
Meet the Deedles,4356126,4356126,NA,24000000,Mar 27 1998,PG,NA,Walt Disney Pictures,Original Screenplay,Comedy,Contemporary Fiction,NA,4,3.4,1379,1998
"Me, Myself & Irene",90570999,149270999,NA,51000000,Jun 23 2000,R,116,20th Century Fox,Original Screenplay,Romantic Comedy,Contemporary Fiction,Bobby Farrelly,48,6.9,215,2000
Memoirs of a Geisha,57010853,161510853,32837435,85000000,Dec 09 2005,PG-13,145,Sony Pictures,Based on Book/Short Story,Drama,Historical Fiction,Rob Marshall,36,7.1,38695,2005
Men in Black,250690539,587790539,NA,90000000,Jul 01 1997,PG-13,98,Sony Pictures,Based on Comic/Graphic Novel,Adventure,Science Fiction,Barry Sonnenfeld,91,7,119704,1997
Men of Honor,48814909,82339483,NA,32000000,Nov 10 2000,R,128,20th Century Fox,Based on Real Life Events,Drama,Dramatization,NA,41,6.8,30630,2000
Mercury Rising,32983332,32983332,NA,60000000,Apr 03 1998,R,112,Universal,Based on Book/Short Story,Thriller/Suspense,Contemporary Fiction,Harold Becker,17,5.8,21449,1998
Mercy Streets,173599,173599,NA,600000,Oct 31 2000,PG-13,NA,NA,NA,Drama,NA,NA,14,4.9,307,2000
Message in a Bottle,52880016,52880016,NA,30000000,Feb 12 1999,PG-13,132,Warner Bros.,Based on Book/Short Story,Drama,Contemporary Fiction,NA,31,5.6,13108,1999
Meet Joe Black,44650003,44650003,NA,85000000,Nov 13 1998,PG-13,154,Universal,Original Screenplay,Drama,Fantasy,Martin Brest,50,6.9,56067,1998
Magnolia,22450975,48446802,NA,37000000,Dec 17 1999,R,188,New Line,Original Screenplay,Drama,Contemporary Fiction,Paul Thomas Anderson,83,8,121540,1999
The Men Who Stare at Goats,32428195,67348218,8155901,24000000,Nov 06 2009,R,93,Overture Films,Based on Book/Short Story,Black Comedy,Contemporary Fiction,Grant Heslov,53,6.4,33763,2009
The House of Mirth,3041803,3041803,NA,10000000,Dec 22 2000,PG,NA,Sony Pictures Classics,Based on Book/Short Story,Drama,Historical Fiction,NA,81,6.8,4489,2000
Mission: Impossible III,133501348,397501348,49824367,150000000,May 05 2006,PG-13,NA,Paramount Pictures,Based on TV,Action,Contemporary Fiction,J.J. Abrams,70,6.9,74174,2006
Miss Congeniality,106807667,212100000,NA,45000000,Dec 22 2000,PG-13,110,Warner Bros.,Original Screenplay,Comedy,Contemporary Fiction,Donald Petrie,41,6.1,42323,2000
The Missing,26900336,38253433,NA,65000000,Nov 26 2003,R,137,Sony Pictures,Based on Book/Short Story,Western,Historical Fiction,Ron Howard,59,7.4,19068,2003
Mighty Joe Young,50632037,50632037,NA,80000000,Dec 25 1998,PG,114,Walt Disney Pictures,Remake,Adventure,Science Fiction,NA,52,5.4,9187,1998
The Majestic,27796042,37306334,NA,72000000,Dec 21 2001,PG,153,Warner Bros.,Original Screenplay,Drama,Historical Fiction,Frank Darabont,41,6.8,24809,2001
Malibu's Most Wanted,34308901,34499204,NA,15000000,Apr 18 2003,PG-13,86,Warner Bros.,Based on TV,Comedy,Contemporary Fiction,NA,30,4.8,8159,2003
Must Love Dogs,43894863,58894863,NA,35000000,Jul 29 2005,PG-13,NA,Warner Bros.,Based on Book/Short Story,Romantic Comedy,Contemporary Fiction,NA,35,5.9,13491,2005
My Life Without Me,432360,9476113,NA,2500000,Sep 26 2003,R,NA,Sony Pictures,NA,(Missing),NA,NA,64,7.6,11022,2003
Mission to Mars,60874615,106000000,NA,90000000,Mar 10 2000,PG,116,Walt Disney Pictures,Original Screenplay,Adventure,Science Fiction,Brian De Palma,24,5.1,32449,2000
MirrorMask,864959,864959,NA,4000000,Sep 30 2005,PG,NA,Samuel Goldwyn Films,Original Screenplay,Drama,Fantasy,NA,53,7,10398,2005
Mumford,4559569,4559569,NA,28700000,Sep 24 1999,R,NA,Walt Disney Pictures,Original Screenplay,Comedy,Contemporary Fiction,Lawrence Kasdan,55,6.7,6303,1999
Mindhunters,4476235,16566235,NA,27000000,May 13 2005,R,NA,Miramax/Dimension,Original Screenplay,Thriller/Suspense,Contemporary Fiction,Renny Harlin,26,6.2,23357,2005
Captain Corelli's Mandolin,25528495,62097495,NA,57000000,Aug 17 2001,R,129,Miramax,Based on Book/Short Story,Drama,Historical Fiction,John Madden,29,5.7,14706,2001
Midnight in the Garden of Good and Evil,25078937,25078937,NA,35000000,Nov 21 1997,R,155,Warner Bros.,Based on Book/Short Story,Drama,Contemporary Fiction,Clint Eastwood,50,6.5,18960,1997
The Man in the Iron Mask,56968169,56968169,NA,35000000,Mar 13 1998,PG-13,132,MGM,Based on Book/Short Story,Adventure,Historical Fiction,NA,31,7.2,561,1998
Monster-in-Law,82931301,155931301,NA,45000000,May 13 2005,PG-13,95,New Line,Original Screenplay,Comedy,Contemporary Fiction,Robert Luketic,16,5.1,16320,2005
Moonlight Mile,6830957,6830957,NA,21000000,Sep 27 2002,PG-13,NA,Walt Disney Pictures,Original Screenplay,Drama,Contemporary Fiction,Brad Silberling,62,6.7,8346,2002
Mona Lisa Smile,63803100,121598309,NA,65000000,Dec 19 2003,PG-13,117,Sony Pictures,Original Screenplay,Drama,Historical Fiction,Mike Newell,35,6.1,23657,2003
Monster's Ball,31273922,44873922,NA,4000000,Dec 26 2001,R,111,Lionsgate,Original Screenplay,Drama,Contemporary Fiction,Marc Forster,85,7.2,38023,2001
Molly,17396,17396,NA,21000000,Oct 22 1999,PG-13,NA,MGM,NA,(Missing),NA,NA,14,5.6,1563,1999
Monster House,73661010,140161010,71719512,75000000,Jul 21 2006,PG,NA,Sony Pictures,Original Screenplay,Adventure,Kids Fiction,Gil Kenan,74,6.8,20689,2006
Monster,34469210,58003694,NA,5000000,Dec 24 2003,R,109,Newmarket Films,Based on Real Life Events,Drama,Dramatization,NA,82,7.4,39908,2003
"Monsters, Inc.",255870172,526864330,NA,115000000,Nov 02 2001,G,95,Walt Disney Pictures,Original Screenplay,Adventure,Kids Fiction,David Silverman,95,7.4,39908,2001
Money Talks,41076865,41076865,NA,25000000,Aug 22 1997,R,95,New Line,Original Screenplay,Action,Contemporary Fiction,Brett Ratner,17,5.7,8640,1997
Welcome to Mooseport,14469428,14469428,NA,26000000,Feb 20 2004,PG-13,NA,20th Century Fox,Original Screenplay,Comedy,Contemporary Fiction,Donald Petrie,13,5.2,6907,2004
Morvern Callar,267194,267194,NA,6000000,Dec 20 2002,R,NA,NA,NA,(Missing),NA,NA,84,6.4,3831,2002
The Mothman Prophecies,35228696,54639865,NA,42000000,Jan 25 2002,PG-13,119,Sony Pictures,Based on Book/Short Story,Thriller/Suspense,Science Fiction,NA,52,6.5,26948,2002
Me and Orson Welles,1190003,1190003,NA,25000000,Nov 25 2009,PG-13,107,Freestyle Releasing,Based on Book/Short Story,Drama,Historical Fiction,Richard Linklater,84,7.1,2417,2009
Meet the Fockers,279167575,516567575,NA,60000000,Dec 22 2004,PG-13,115,Universal,Original Screenplay,Comedy,Contemporary Fiction,Jay Roach,38,6.4,69613,2004
Meet the Parents,166225040,301500000,NA,55000000,Oct 06 2000,PG-13,108,Universal,Original Screenplay,Comedy,Contemporary Fiction,Jay Roach,84,7,84924,2000
Mr. 3000,21800302,21827296,NA,30000000,Sep 17 2004,PG-13,NA,Walt Disney Pictures,Original Screenplay,Comedy,Contemporary Fiction,NA,55,5.6,6202,2004
Minority Report,132024714,358824714,NA,102000000,Jun 21 2002,PG-13,145,20th Century Fox,Based on Book/Short Story,Action,Science Fiction,Steven Spielberg,91,7.7,135142,2002
Mrs. Henderson Presents,11036366,14466366,5796061,20000000,Dec 09 2005,R,NA,Weinstein Co.,Original Screenplay,Comedy,Historical Fiction,Stephen Frears,66,7.1,8831,2005
Mortal Kombat: Annihilation,35927406,51327406,NA,30000000,Nov 21 1997,PG-13,91,New Line,Based on Game,Action,Fantasy,NA,7,3.2,16672,1997
Marvin's Room,12803305,12803305,NA,23000000,Dec 20 1996,PG-13,NA,Miramax,Based on Play,Drama,Contemporary Fiction,NA,81,6.6,9684,1996
Miracle at St. Anna,7916887,9110458,9178061,45000000,Sep 26 2008,R,NA,Walt Disney Pictures,Based on Book/Short Story,Drama,Historical Fiction,Spike Lee,34,5.9,8559,2008
Masked and Anonymous,533344,533344,NA,7500000,Jul 24 2003,PG-13,NA,Sony Pictures,Original Screenplay,Drama,NA,Larry Charles,25,5.3,2762,2003
Miss Potter,3005605,35025861,7821056,30000000,Dec 29 2006,PG,92,MGM,Based on Real Life Events,Drama,Dramatization,Chris Noonan,66,7.1,10236,2006
Meet the Spartans,38233676,84646831,12248893,30000000,Jan 25 2008,PG-13,NA,20th Century Fox,Original Screenplay,Comedy,Historical Fiction,Jason Friedberg,2,2.4,47281,2008
"Mystery, Alaska",8891623,8891623,NA,28000000,Oct 01 1999,R,NA,Walt Disney Pictures,Original Screenplay,Comedy,Contemporary Fiction,Jay Roach,37,5.5,1338,1999
Match Point,23089926,87989926,7210408,15000000,Dec 28 2005,R,NA,Dreamworks SKG,Original Screenplay,Thriller/Suspense,Contemporary Fiction,Woody Allen,77,7.8,65704,2005
A Mighty Heart,9176787,18932117,5455645,15000000,Jun 22 2007,R,100,Paramount Vantage,Based on Book/Short Story,Drama,Dramatization,Michael Winterbottom,78,6.7,13881,2007
The Matrix Reloaded,281553689,738576929,NA,127000000,May 15 2003,R,138,Warner Bros.,Original Screenplay,Action,Science Fiction,Andy Wachowski,73,7.1,148874,2003
The Matrix Revolutions,139259759,424259759,NA,110000000,Nov 05 2003,R,129,Warner Bros.,Original Screenplay,Action,Science Fiction,Andy Wachowski,37,6.5,123347,2003
Mulan,120620254,303500000,NA,90000000,Jun 19 1998,G,88,Walt Disney Pictures,Traditional/Legend/Fairytale,Adventure,Dramatization,NA,86,7.2,34256,1998
Mulholland Drive,7219578,11919578,NA,15000000,Oct 08 2001,R,NA,Universal,Original Screenplay,Drama,Contemporary Fiction,David Lynch,81,7.9,103026,2001
The Mummy,155385488,416385488,NA,80000000,May 07 1999,PG-13,124,Universal,Remake,Adventure,Fantasy,Stephen Sommers,54,6.8,95658,1999
The Mummy Returns,202007640,433007640,NA,98000000,May 04 2001,PG-13,129,Universal,Remake,Adventure,Fantasy,Stephen Sommers,47,6.2,68084,2001
The Mummy: Tomb of the Dragon Emperor,102491776,397912118,43147886,175000000,Aug 01 2008,PG-13,111,Universal,Remake,Adventure,Fantasy,Rob Cohen,13,5.1,41570,2008
Munich,47379090,130279090,33113440,75000000,Dec 23 2005,R,NA,Universal,Based on Real Life Events,Drama,Dramatization,Steven Spielberg,78,7.8,79529,2005
Muppets From Space,16304786,16304786,NA,24000000,Jul 14 1999,G,88,Sony Pictures,Based on TV,Comedy,Kids Fiction,Tim Hill,62,6.1,5945,1999
Murder by Numbers,31874869,56643267,NA,50000000,Apr 19 2002,R,120,Warner Bros.,Original Screenplay,Thriller/Suspense,Contemporary Fiction,Barbet Schroeder,31,5.9,22318,2002
The Muse,11614954,11614954,NA,15000000,Aug 27 1999,PG-13,NA,October Films,Original Screenplay,Comedy,Contemporary Fiction,Albert Brooks,51,5.5,6507,1999
Night at the Museum,250863268,574480841,153389976,110000000,Dec 22 2006,PG,108,20th Century Fox,Based on Book/Short Story,Comedy,Fantasy,Shawn Levy,43,6.4,67133,2006
The Musketeer,27053815,27053815,NA,40000000,Sep 07 2001,PG-13,104,Universal,Based on Book/Short Story,Adventure,Historical Fiction,Peter Hyams,10,4.4,7812,2001
Music and Lyrics,50572589,145556146,21145518,40000000,Feb 14 2007,PG-13,96,Warner Bros.,Original Screenplay,Romantic Comedy,Contemporary Fiction,NA,63,6.6,32307,2007
Miami Vice,63478838,163818556,37652030,135000000,Jul 28 2006,R,132,Universal,Based on TV,Action,Contemporary Fiction,Michael Mann,47,6,51921,2006
Monsters vs. Aliens,198351526,381687380,83851943,175000000,Mar 27 2009,PG,95,Paramount Pictures,Based on Comic/Graphic Novel,Adventure,Fantasy,Rob Letterman,72,6.8,26582,2009
A Mighty Wind,17583468,18552708,NA,6000000,Apr 16 2003,PG-13,NA,Warner Bros.,Original Screenplay,Comedy,Contemporary Fiction,Christopher Guest,88,7.2,13602,2003
The Mexican,66808615,147808615,NA,40000000,Mar 02 2001,R,124,Dreamworks SKG,Original Screenplay,Action,Contemporary Fiction,Gore Verbinski,55,5.9,37696,2001
My Best Friend's Wedding,126813153,287200000,NA,46000000,Jun 20 1997,PG-13,105,Sony Pictures,Original Screenplay,Comedy,Contemporary Fiction,P.J. Hogan,72,6.2,37287,1997
My Dog Skip,34099640,35512760,NA,7000000,Jan 12 2000,PG,95,Warner Bros.,Original Screenplay,Drama,Kids Fiction,Jay Russell,72,6.9,9029,2000
Me and You and Everyone We Know,3885134,5409058,NA,2000000,Jun 17 2005,R,NA,IFC Films,Original Screenplay,Drama,Contemporary Fiction,NA,82,7.4,17135,2005
My Favorite Martian,36850101,36850101,NA,60000000,Feb 12 1999,PG,93,Walt Disney Pictures,Based on TV,Comedy,Science Fiction,Donald Petrie,13,4.5,4918,1999
My Fellow Americans,22331846,22331846,NA,21500000,Dec 20 1996,PG-13,102,Warner Bros.,Original Screenplay,Comedy,Contemporary Fiction,Peter Segal,50,6.3,6366,1996
My Sister's Keeper,49200230,89053995,21467223,27500000,Jun 26 2009,PG-13,108,Warner Bros.,Based on Book/Short Story,Drama,Contemporary Fiction,Nick Cassavetes,48,7.4,13839,2009
Mystic River,90135191,156835191,NA,30000000,Oct 08 2003,R,137,Warner Bros.,Based on Book/Short Story,Drama,Contemporary Fiction,Clint Eastwood,87,8,119484,2003
Nacho Libre,80197993,99197993,46582125,32000000,Jun 16 2006,PG,NA,Paramount Pictures,Original Screenplay,Comedy,Contemporary Fiction,Jared Hess,40,5.7,31455,2006
Narc,10465659,10465659,NA,7500000,Dec 20 2002,R,NA,Paramount Pictures,Original Screenplay,Thriller/Suspense,Contemporary Fiction,Joe Carnahan,83,7.3,19248,2002
The Chronicles of Narnia: Prince Caspian,141621490,419490286,77773230,225000000,May 16 2008,PG,NA,Walt Disney Pictures,Based on Book/Short Story,Adventure,Fantasy,Andrew Adamson,67,6.9,46608,2008
National Treasure,173005002,347405002,NA,100000000,Nov 19 2004,PG,131,Walt Disney Pictures,Original Screenplay,Adventure,Contemporary Fiction,Jon Turteltaub,44,6.9,83989,2004
The Nativity Story,37629831,46432264,26142500,35000000,Dec 01 2006,PG,102,New Line,Based on Book/Short Story,Drama,Dramatization,Catherine Hardwicke,37,6.6,4701,2006
Never Back Down,24850922,39319801,18692319,21000000,Mar 14 2008,PG-13,NA,Summit Entertainment,Original Screenplay,Action,Contemporary Fiction,NA,23,6.2,21708,2008
Into the Blue,18782227,41982227,NA,50000000,Sep 30 2005,PG-13,109,Sony Pictures,Original Screenplay,Adventure,Contemporary Fiction,NA,21,5.7,22859,2005
No Country for Old Men,74273505,162103209,45877844,25000000,Nov 09 2007,R,NA,Miramax,Based on Book/Short Story,Action,Historical Fiction,Joel Coen,95,8.3,197898,2007
The Incredibles,261441092,632882184,NA,92000000,Nov 05 2004,PG,121,Walt Disney Pictures,Original Screenplay,Adventure,Super Hero,Brad Bird,97,8.1,159123,2004
The Negotiator,44705766,49105766,NA,50000000,Jul 29 1998,R,138,Warner Bros.,Original Screenplay,Action,Contemporary Fiction,F. Gary Gray,81,7.2,46511,1998
A Nightmare on Elm Street,63075011,105175011,NA,35000000,Apr 30 2010,R,NA,Warner Bros.,NA,Horror,NA,NA,13,5.3,12554,2010
Not Easily Broken,10572742,10572742,13828911,5000000,Jan 09 2009,PG-13,NA,Sony Pictures,Based on Book/Short Story,Drama,Contemporary Fiction,Bill Duke,35,5.2,1010,2009
The New Guy,28972187,28972187,NA,13000000,May 10 2002,PG-13,88,Sony Pictures,Original Screenplay,Comedy,Contemporary Fiction,NA,7,5.4,14268,2002
The Newton Boys,10341093,10341093,NA,27000000,Mar 27 1998,PG-13,NA,20th Century Fox,Based on Real Life Events,Drama,Dramatization,Richard Linklater,61,5.7,4443,1998
The Next Best Thing,14983572,24355762,NA,25000000,Mar 03 2000,PG-13,NA,Paramount Pictures,Original Screenplay,Drama,Contemporary Fiction,John Schlesinger,19,4.4,6104,2000
Northfork,1420578,1445140,NA,1900000,Jul 11 2003,PG-13,NA,Paramount Vantage,Original Screenplay,Drama,Historical Fiction,Michael Polish,57,6.3,3776,2003
In Good Company,45489752,63489752,NA,26000000,Dec 29 2004,PG-13,109,Universal,Original Screenplay,Comedy,Contemporary Fiction,Paul Weitz,84,6.8,25695,2004
Notting Hill,116089678,363728226,NA,42000000,May 28 1999,PG-13,123,Universal,Original Screenplay,Romantic Comedy,Contemporary Fiction,NA,82,6.9,66362,1999
Little Nicky,39442871,58270391,NA,80000000,Nov 10 2000,PG-13,90,New Line,Original Screenplay,Comedy,Fantasy,NA,21,5,35082,2000
Nicholas Nickleby,1562800,1562800,NA,10000000,Dec 27 2002,PG,NA,United Artists,Based on Book/Short Story,Drama,Historical Fiction,NA,77,7.3,4968,2002
Nim's Island,48006762,94081683,18322434,37000000,Apr 04 2008,PG,NA,20th Century Fox,Based on Book/Short Story,Adventure,Fantasy,NA,50,6,10391,2008
Ninja Assassin,38122883,57422883,14085314,50000000,Nov 25 2009,R,NA,Warner Bros.,Original Screenplay,Action,Contemporary Fiction,James McTeigue,25,6.3,20078,2009
Never Let Me Go,186830,186830,NA,15000000,Sep 15 2010,(Missing),NA,Fox Searchlight,Based on Book/Short Story,Drama,Science Fiction,NA,62,7.3,252,2010
Lucky Numbers,10014234,10014234,NA,65000000,Oct 27 2000,R,NA,Paramount Pictures,Original Screenplay,Comedy,Contemporary Fiction,Nora Ephron,23,4.9,5461,2000
Nick and Norah's Infinite Playlist,31487293,31487293,10327750,10000000,Oct 03 2008,PG-13,90,Sony Pictures,Based on Book/Short Story,Drama,Contemporary Fiction,Peter Sollett,73,6.8,24021,2008
Notorious,36842118,44473591,21503929,19000000,Jan 16 2009,R,NA,Fox Searchlight,Based on Real Life Events,Drama,Dramatization,NA,50,6.3,9811,2009
No End In Sight,1433319,1433319,NA,2000000,Jul 27 2007,Not Rated,NA,Magnolia Pictures,Based on Real Life Events,Documentary,Factual,NA,94,8.3,4086,2007
No Man's Land,1067481,2684207,NA,1000000,Dec 07 2001,R,NA,MGM,Original Screenplay,Drama,Historical Fiction,NA,93,8,19600,2001
No Reservations,43107979,92107979,27029295,28000000,Jul 27 2007,PG,103,Warner Bros.,Remake,Romantic Comedy,Contemporary Fiction,NA,40,6.3,16952,2007
The Notebook,81001787,102276787,NA,30000000,Jun 25 2004,PG-13,123,New Line,Based on Book/Short Story,Drama,Contemporary Fiction,Nick Cassavetes,52,8,95850,2004
Novocaine,2025238,2522928,NA,6000000,Nov 16 2001,R,NA,Artisan,Original Screenplay,Comedy,Contemporary Fiction,NA,37,5.8,6233,2001
Napoleon Dynamite,44540956,46140956,NA,400000,Jun 11 2004,PG,82,Fox Searchlight,Based on Short Film,Comedy,Contemporary Fiction,Jared Hess,70,6.9,76557,2004
North Country,18324242,23624242,14349786,30000000,Oct 21 2005,R,NA,Warner Bros.,Based on Real Life Events,Drama,Dramatization,NA,69,7.2,16497,2005
Intolerable Cruelty,35327628,121327628,NA,60000000,Oct 10 2003,PG-13,100,Universal,Original Screenplay,Romantic Comedy,Contemporary Fiction,Joel Coen,75,6.4,36323,2003
The Interpreter,72708161,163954076,NA,90000000,Apr 22 2005,PG-13,118,Universal,Original Screenplay,Thriller/Suspense,Contemporary Fiction,Sydney Pollack,58,6.5,38227,2005
The Night Listener,7836393,10547755,8927227,4000000,Aug 04 2006,R,NA,Miramax,Based on Real Life Events,Drama,Dramatization,NA,40,5.9,8437,2006
The Number 23,35193167,76593167,27576238,32000000,Feb 23 2007,R,95,New Line,Original Screenplay,Thriller/Suspense,Contemporary Fiction,Joel Schumacher,8,6.2,59174,2007
Nurse Betty,25170054,27732366,NA,24000000,Sep 08 2000,R,110,USA Films,Original Screenplay,Black Comedy,Contemporary Fiction,Neil LaBute,84,6.4,20354,2000
Finding Neverland,51676606,118676606,NA,25000000,Nov 12 2004,PG,106,Miramax,Based on Play,Drama,Historical Fiction,Marc Forster,82,7.9,86828,2004
Into the Wild,18354356,53813837,15272435,20000000,Sep 21 2007,R,147,Paramount Vantage,Based on Book/Short Story,Drama,Contemporary Fiction,Sean Penn,82,8.2,99464,2007
The New World,12712093,26184400,8200002,30000000,Dec 25 2005,PG-13,NA,New Line,Original Screenplay,Adventure,Historical Fiction,Terrence Malick,60,6.9,33248,2005
The Object of my Affection,29145924,29145924,NA,15000000,Apr 17 1998,R,112,20th Century Fox,Based on Book/Short Story,Romantic Comedy,Contemporary Fiction,NA,50,5.9,8492,1998
Orange County,41059716,43308707,NA,18000000,Jan 11 2002,PG-13,82,Paramount Pictures,Original Screenplay,Comedy,Contemporary Fiction,NA,47,6.1,23742,2002
Ocean's Eleven,183417150,450728529,NA,110000000,Dec 07 2001,PG-13,116,Warner Bros.,Remake,Comedy,Contemporary Fiction,Steven Soderbergh,81,7.6,139034,2001
Ocean's Twelve,125531634,363531634,NA,85000000,Dec 10 2004,PG-13,125,Warner Bros.,Remake,Adventure,Contemporary Fiction,Steven Soderbergh,55,6,89861,2004
Ocean's Thirteen,117144465,311744465,48258805,85000000,Jun 08 2007,PG-13,122,Warner Bros.,Remake,Adventure,Contemporary Fiction,Steven Soderbergh,70,6.9,76884,2007
Office Space,10827813,12827813,NA,10000000,Feb 19 1999,R,NA,Miramax,Based on Short Film,Black Comedy,Contemporary Fiction,Mike Judge,80,7.9,80972,1999
White Oleander,16357770,21657770,NA,16000000,Oct 11 2002,PG-13,NA,Warner Bros.,Based on Book/Short Story,Drama,Contemporary Fiction,NA,69,7,13755,2002
The Omen,54607383,119607383,10468933,25000000,Jun 06 2006,R,NA,20th Century Fox,Remake,Horror,Contemporary Fiction,NA,26,5.4,24523,2006
Any Given Sunday,75530832,100230832,NA,60000000,Dec 22 1999,R,162,Warner Bros.,Original Screenplay,Drama,Contemporary Fiction,Oliver Stone,49,6.6,48477,1999
Once,9445857,18997174,NA,150000,Jun 16 2007,R,NA,Fox Searchlight,Original Screenplay,Drama,Contemporary Fiction,NA,97,8,34348,2007
Once in a Lifetime: the Extraordinary Story of the New York Cosmos,144601,206351,NA,1000000,Jul 07 2006,PG-13,NA,Miramax,Based on Real Life Events,Documentary,Factual,Matt Dillon,82,7.1,643,2006
One Hour Photo,31597131,52223306,NA,12000000,Aug 21 2002,R,96,Fox Searchlight,Original Screenplay,Drama,Contemporary Fiction,NA,81,7,42134,2002
One True Thing,23337196,26708196,NA,30000000,Sep 18 1998,R,127,Universal,Based on Book/Short Story,Drama,Contemporary Fiction,Carl Franklin,88,6.9,5591,1998
On the Line,4356743,4356743,NA,10000000,Oct 26 2001,PG,NA,Miramax,Original Screenplay,Romantic Comedy,Contemporary Fiction,NA,18,3.4,2617,2001
One Night with the King,13395961,13395961,20554010,20000000,Oct 13 2006,PG,124,Rocky Mountain Pictures,Based on Book/Short Story,Drama,Historical Fiction,Michael O. Sajbel,16,6,2993,2006
Open Season,85105259,189901703,96622855,85000000,Sep 29 2006,PG,87,Sony Pictures,Original Screenplay,Adventure,Kids Fiction,NA,47,6,52,2006
Open Range,58328680,68293719,NA,26000000,Aug 15 2003,R,139,Walt Disney Pictures,Based on Book/Short Story,Western,Historical Fiction,Kevin Costner,79,7.5,26438,2003
Original Sin,16521410,16521410,NA,26000000,Aug 03 2001,R,NA,MGM,Based on Book/Short Story,Thriller/Suspense,Contemporary Fiction,NA,12,5.6,15939,2001
Oscar and Lucinda,1612957,1612957,NA,12500000,Dec 31 1997,R,NA,Fox Searchlight,Based on Book/Short Story,Drama,Historical Fiction,NA,65,6.7,3782,1997
Old School,75155000,86325829,NA,24000000,Feb 21 2003,R,91,Dreamworks SKG,Original Screenplay,Comedy,Contemporary Fiction,Todd Phillips,60,7,60477,2003
Osmosis Jones,13596911,13596911,NA,70000000,Aug 10 2001,PG,NA,Warner Bros.,Original Screenplay,Comedy,Kids Fiction,Bobby Farrelly,54,6,10959,2001
American Outlaws,13264986,13264986,NA,35000000,Aug 17 2001,PG-13,NA,Warner Bros.,Original Screenplay,Western,Historical Fiction,Les Mayfield,13,5.6,7396,2001
Oliver Twist,2070920,26670920,NA,65000000,Sep 23 2005,PG-13,NA,Sony/TriStar,Based on Book/Short Story,Drama,Historical Fiction,Roman Polanski,59,7,10748,2005
Out Cold,13906394,13906394,NA,11000000,Nov 21 2001,PG-13,NA,Walt Disney Pictures,Original Screenplay,Comedy,Contemporary Fiction,NA,8,5.8,7153,2001
Out of Sight,37562568,37562568,NA,48000000,Jun 26 1998,R,129,Universal,Based on Book/Short Story,Drama,Contemporary Fiction,Steven Soderbergh,93,7.1,38263,1998
Out of Time,41083108,55489826,NA,50000000,Oct 03 2003,PG-13,105,MGM,Original Screenplay,Thriller/Suspense,Contemporary Fiction,Carl Franklin,65,4.9,151,2003
The Out-of-Towners,28544120,28544120,NA,40000000,Apr 02 1999,PG-13,92,Paramount Pictures,Remake,Comedy,Contemporary Fiction,NA,24,4.9,6338,1999
Owning Mahowny,1011054,1011054,NA,10000000,May 02 2003,R,NA,Sony Pictures Classics,Based on Book/Short Story,Drama,Dramatization,NA,78,7,5789,2003
The Pacifier,113006880,198006880,NA,56000000,Mar 04 2005,PG,97,Walt Disney Pictures,Original Screenplay,Comedy,Contemporary Fiction,Adam Shankman,20,5.3,22590,2005
The Passion of the Christ,370782930,611899420,618454,25000000,Feb 25 2004,R,127,Newmarket Films,Based on Book/Short Story,Drama,Dramatization,Mel Gibson,50,7.1,87326,2004
Patch Adams,135041968,202200000,NA,50000000,Dec 25 1998,PG-13,110,Universal,Based on Real Life Events,Comedy,Contemporary Fiction,Tom Shadyac,24,6.3,31481,1998
Payback,81526121,161626121,NA,50000000,Feb 05 1999,R,110,Paramount Pictures,Based on Book/Short Story,Action,Contemporary Fiction,NA,51,5.8,304,1999
Paycheck,53789313,89350576,NA,60000000,Dec 25 2003,PG-13,119,Paramount Pictures,Based on Book/Short Story,Thriller/Suspense,Science Fiction,John Woo,28,6.1,35660,2003
Max Payne,40687294,85761789,25346362,35000000,Oct 17 2008,PG-13,NA,20th Century Fox,Based on Game,Action,Contemporary Fiction,NA,17,5.4,47541,2008
The Princess Diaries,108244774,165334774,NA,30000000,Aug 03 2001,G,115,Walt Disney Pictures,Based on Book/Short Story,Comedy,Contemporary Fiction,Garry Marshall,46,5.9,23486,2001
The Peacemaker,41263140,62967368,NA,50000000,Sep 26 1997,R,123,Dreamworks SKG,Based on Magazine Article,Action,Contemporary Fiction,Mimi Leder,45,5.8,21524,1997
Peter Pan,48417850,95255485,NA,100000000,Dec 25 2003,PG,113,Universal,Based on Book/Short Story,Adventure,Fantasy,P.J. Hogan,76,7.1,16894,2003
A Perfect Getaway,15515460,20613298,3994342,14000000,Aug 07 2009,R,NA,Universal,Original Screenplay,Thriller/Suspense,Contemporary Fiction,David Twohy,60,6.5,16324,2009
Phat Girlz,7061128,7271305,18090044,3000000,Apr 07 2006,PG-13,NA,Fox Searchlight,Original Screenplay,Romantic Comedy,Contemporary Fiction,NA,23,2.2,6343,2006
The Phantom of the Opera,51225796,158225796,NA,55000000,Dec 22 2004,PG-13,143,Warner Bros.,Based on Musical/Opera,Musical,Historical Fiction,Joel Schumacher,33,7.2,42832,2004
Phone Booth,46566212,97837138,NA,11000000,Apr 04 2003,R,81,20th Century Fox,Original Screenplay,Thriller/Suspense,Contemporary Fiction,Joel Schumacher,71,7.2,68874,2003
The Pink Panther,82226474,158926474,23182695,80000000,Feb 10 2006,PG,NA,Sony Pictures,NA,Comedy,Historical Fiction,Shawn Levy,22,5.1,28456,2006
Pirates of the Caribbean: Dead Man's Chest,423315812,1065659812,320830925,225000000,Jul 07 2006,PG-13,151,Walt Disney Pictures,Disney Ride,Adventure,Fantasy,Gore Verbinski,54,7.3,150446,2006
Pirates of the Caribbean: At World's End,309420425,960996492,296060575,300000000,May 25 2007,PG-13,167,Walt Disney Pictures,Disney Ride,Adventure,Fantasy,Gore Verbinski,45,7,133241,2007
The Chronicles of Riddick,57712751,107212751,NA,120000000,Jun 11 2004,PG-13,119,Universal,Original Screenplay,Adventure,Science Fiction,David Twohy,29,6.4,49383,2004
Pitch Black,39235088,53182088,NA,23000000,Feb 18 2000,R,110,USA Films,Original Screenplay,Horror,Science Fiction,David Twohy,55,7,55217,2000
Screwed,6982680,6982680,NA,12000000,May 12 2000,PG-13,NA,Universal,Original Screenplay,Comedy,Contemporary Fiction,NA,13,5.1,4411,2000
Percy Jackson & the Olympians: The Lightning Thief,88761720,226435277,30795712,95000000,Feb 12 2010,PG,NA,20th Century Fox,Based on Book/Short Story,Adventure,Fantasy,Chris Columbus,50,5.8,20451,2010
Lake Placid,31770413,31770413,NA,27000000,Jul 16 1999,R,82,20th Century Fox,Original Screenplay,Thriller/Suspense,Contemporary Fiction,Steve Miner,38,5.3,19382,1999
The Back-up Plan,37490007,77090007,7571152,35000000,Apr 23 2010,PG-13,106,CBS Films,Original Screenplay,Romantic Comedy,Contemporary Fiction,NA,20,4.4,6981,2010
The Pledge,19719930,29406132,NA,45000000,Jan 19 2001,R,NA,Warner Bros.,Based on Book/Short Story,Drama,Contemporary Fiction,Sean Penn,77,6.9,22609,2001
Proof of Life,32598931,62761005,NA,65000000,Dec 08 2000,R,135,Warner Bros.,Based on Magazine Article,Action,Contemporary Fiction,Taylor Hackford,39,6.1,23099,2000
Pollock,8596914,10557291,NA,6000000,Dec 15 2000,R,NA,Sony Pictures Classics,Based on Real Life Events,Drama,Dramatization,Ed Harris,82,7.1,9669,2000
Planet of the Apes,180011740,362211740,NA,100000000,Jul 27 2001,PG-13,120,20th Century Fox,Remake,Adventure,Science Fiction,Tim Burton,44,5.5,72763,2001
Please Give,4028339,4028339,NA,3000000,Apr 30 2010,R,NA,Sony Pictures Classics,NA,(Missing),NA,NA,88,7.4,1023,2010
Planet 51,42194060,108005745,15341764,50000000,Nov 20 2009,PG,NA,Sony Pictures,Original Screenplay,Adventure,Science Fiction,NA,22,6.1,9645,2009
The Adventures of Pluto Nash,4411102,7094995,NA,100000000,Aug 16 2002,PG-13,NA,Warner Bros.,Original Screenplay,Comedy,Science Fiction,NA,6,3.7,9207,2002
The Players Club,23047939,23047939,NA,5000000,Apr 08 1998,R,104,New Line,Original Screenplay,Drama,Contemporary Fiction,NA,27,4.8,2072,1998
Paranormal Activity,107918810,193770453,14051496,15000,Sep 25 2009,R,85,Paramount Pictures,Original Screenplay,Horror,Contemporary Fiction,Oren Peli,82,6.7,53455,2009
Pandorum,10330853,17033431,4018696,40000000,Sep 25 2009,R,NA,Overture Films,Original Screenplay,Horror,Science Fiction,NA,28,6.9,29428,2009
The Punisher,33664370,54664370,NA,33000000,Apr 16 2004,R,124,Lionsgate,Based on Comic/Graphic Novel,Action,Super Hero,NA,30,6.4,50482,2004
Pokemon 3: The Movie,17052128,68452128,NA,3000000,Apr 06 2001,G,NA,Warner Bros.,Based on TV,Adventure,Kids Fiction,NA,23,3.5,2577,2001
The Polar Express,181320597,305420597,NA,170000000,Nov 10 2004,G,99,Warner Bros.,Based on Book/Short Story,Adventure,Kids Fiction,Robert Zemeckis,56,6.7,28550,2004
Along Came Polly,88073507,170360435,NA,42000000,Jan 16 2004,PG-13,90,Universal,Original Screenplay,Romantic Comedy,Contemporary Fiction,NA,26,5.8,38276,2004
Pootie Tang,3293258,3293258,NA,3500000,Jun 29 2001,PG-13,NA,Paramount Pictures,Original Screenplay,Comedy,Contemporary Fiction,NA,27,4.5,6183,2001
Poseidon,60674817,181674817,19732418,160000000,May 12 2006,PG-13,NA,Warner Bros.,Remake,Adventure,Contemporary Fiction,Wolfgang Petersen,33,5.6,35930,2006
Possession,10103647,14805812,NA,25000000,Aug 16 2002,PG-13,NA,Focus Features,Based on Book/Short Story,Drama,Contemporary Fiction,Neil LaBute,64,6.4,6789,2002
Practical Magic,46850558,68336997,NA,60000000,Oct 16 1998,PG-13,105,Warner Bros.,Based on Book/Short Story,Comedy,Fantasy,Griffin Dunne,21,5.5,20196,1998
The Devil Wears Prada,124740460,326551094,95856827,35000000,Jun 30 2006,PG-13,NA,20th Century Fox,Based on Book/Short Story,Comedy,Contemporary Fiction,David Frankel,75,6.8,66627,2006
Paparazzi,15712072,16612072,NA,20000000,Sep 03 2004,PG-13,NA,20th Century Fox,Original Screenplay,Thriller/Suspense,Contemporary Fiction,NA,18,5.7,9058,2004
Primary Colors,39017984,39017984,NA,65000000,Mar 20 1998,R,143,Universal,Based on Book/Short Story,Comedy,Dramatization,Mike Nichols,80,6.7,15340,1998
Pride and Glory,15740721,43440721,11495577,30000000,Oct 24 2008,R,129,Warner Bros.,Original Screenplay,Drama,Contemporary Fiction,NA,34,6.7,24596,2008
Pride and Prejudice,38372662,120918508,53281347,28000000,Nov 11 2005,PG,NA,Focus Features,Based on Book/Short Story,Drama,Historical Fiction,Joe Wright,85,5.5,1230,2005
Predators,51920690,124549380,NA,40000000,Jul 09 2010,R,109,20th Century Fox,Original Screenplay,Action,NA,NA,63,6.9,22257,2010
Prefontaine,590817,590817,NA,8000000,Jan 24 1997,PG-13,NA,Walt Disney Pictures,Based on Real Life Events,Drama,Dramatization,NA,62,6.2,2580,1997
Perfume: The Story of a Murderer,2223293,132180323,7529604,63700000,Dec 27 2006,R,147,Paramount Pictures,Based on Book/Short Story,Drama,Historical Fiction,Tom Tykwer,58,7.5,51704,2006
The Perfect Man,16535005,19535005,NA,10000000,Jun 17 2005,PG,NA,Universal,Original Screenplay,Romantic Comedy,Contemporary Fiction,NA,5,5.1,7278,2005
The Pursuit of Happyness,162586036,306086036,90857430,55000000,Dec 15 2006,PG-13,116,Sony Pictures,Based on Real Life Events,Drama,Dramatization,Gabriele Muccino,66,7.8,77939,2006
Pearl Harbor,198539855,449239855,NA,151500000,May 25 2001,PG-13,183,Walt Disney Pictures,Based on Real Life Events,Action,Dramatization,Michael Bay,26,5.4,96186,2001
The Prince of Egypt,101413188,218600000,NA,60000000,Dec 18 1998,PG,97,Dreamworks SKG,Based on Book/Short Story,Adventure,Dramatization,Steve Hickner,79,6.8,24569,1998
Prom Night,43869350,57109687,8497205,18000000,Apr 11 2008,PG-13,85,Sony/Screen Gems,Remake,Horror,Contemporary Fiction,NA,8,5.1,4263,2008
Proof,7535331,8284331,9239421,20000000,Sep 16 2005,PG-13,NA,Miramax,Based on Play,Drama,Contemporary Fiction,John Madden,64,6.9,18622,2005
Panic Room,95308367,196308367,NA,48000000,Mar 29 2002,R,112,Sony Pictures,Original Screenplay,Thriller/Suspense,Contemporary Fiction,David Fincher,76,6.9,68737,2002
The Proposal,163958031,317358031,83691948,40000000,Jun 19 2009,PG-13,107,Walt Disney Pictures,Original Screenplay,Romantic Comedy,Contemporary Fiction,Anne Fletcher,43,5.4,397,2009
The Prestige,53089891,107896006,45394364,40000000,Oct 20 2006,PG-13,131,Walt Disney Pictures,Based on Book/Short Story,Thriller/Suspense,Historical Fiction,Christopher Nolan,75,8.4,207322,2006
The Postman,17650704,17650704,NA,80000000,Dec 25 1997,R,177,Warner Bros.,Based on Book/Short Story,Action,Science Fiction,Kevin Costner,10,5.5,24045,1997
Psycho Beach Party,267972,267972,NA,4000000,Aug 04 2000,Not Rated,NA,NA,NA,Comedy,NA,NA,55,6,3085,2000
Psycho,21541218,37226218,NA,20000000,Dec 04 1998,R,100,Universal,Remake,Horror,Contemporary Fiction,Gus Van Sant,35,4.5,19769,1998
The Patriot,113330342,215300000,NA,110000000,Jun 28 2000,R,165,Sony Pictures,Original Screenplay,Drama,Historical Fiction,Roland Emmerich,62,6.9,78302,2000
Public Enemies,97104620,210379983,35026854,102500000,Jul 01 2009,R,NA,Universal,Based on Book/Short Story,Drama,Dramatization,Michael Mann,68,7.1,71323,2009
Pulse,20264436,29771485,NA,7500000,Aug 11 2006,R,NA,Weinstein/Dimension,Remake,Horror,Contemporary Fiction,NA,11,5,846,2006
Punch-Drunk Love,17791031,24591031,NA,25000000,Oct 11 2002,R,NA,Sony Pictures,Original Screenplay,Comedy,Contemporary Fiction,Paul Thomas Anderson,79,7.4,49786,2002
Punisher: War Zone,8050977,8199130,10872355,35000000,Dec 05 2008,R,101,Lionsgate,Based on Comic/Graphic Novel,Action,Super Hero,NA,26,6.1,20865,2008
Push,31811527,44411527,16118548,38000000,Feb 06 2009,PG-13,111,Summit Entertainment,Original Screenplay,Thriller/Suspense,Science Fiction,NA,23,6,26623,2009
Pushing Tin,8408835,8408835,NA,33000000,Apr 23 1999,R,NA,20th Century Fox,Based on Magazine Article,Comedy,Contemporary Fiction,Mike Newell,49,5.9,16160,1999
The Painted Veil,8060487,15118795,7574035,19400000,Dec 20 2006,PG-13,125,Warner Independent,Based on Book/Short Story,Drama,Historical Fiction,NA,74,7.6,26331,2006
Pay it Forward,33508922,33508922,NA,40000000,Oct 20 2000,PG-13,123,Warner Bros.,Based on Book/Short Story,Drama,Contemporary Fiction,Mimi Leder,40,6.8,36762,2000
Queen of the Damned,30307804,30307804,NA,35000000,Feb 22 2002,R,101,Warner Bros.,Based on Book/Short Story,Horror,Fantasy,NA,17,4.7,20268,2002
The Quiet American,12987647,12987647,NA,20000000,Nov 22 2002,R,NA,Miramax,Based on Book/Short Story,Drama,Historical Fiction,Phillip Noyce,87,7.2,14285,2002
Quarantine,31691811,36091811,13657408,12000000,Oct 10 2008,R,NA,Sony/Screen Gems,Original Screenplay,Horror,Contemporary Fiction,John Erick Dowdle,58,6.1,21939,2008
The Queen,56441711,122840603,29161789,15000000,Sep 30 2006,PG-13,103,Miramax,Based on Real Life Events,Drama,Dramatization,Stephen Frears,97,7.6,34785,2006
Quest for Camelot,22772500,38172500,NA,40000000,May 15 1998,G,85,Warner Bros.,Based on Book/Short Story,Adventure,Kids Fiction,NA,33,5,3053,1998
Rabbit-Proof Fence,6199600,16199600,NA,7000000,Nov 29 2002,PG,NA,Miramax,Based on Book/Short Story,Drama,Historical Fiction,Phillip Noyce,87,7.6,13241,2002
Radio,52333738,53293628,NA,35000000,Oct 24 2003,PG,109,Sony Pictures,Based on Real Life Events,Drama,Dramatization,NA,35,6.9,12070,2003
The Rainmaker,45916769,45916769,NA,40000000,Nov 21 1997,PG-13,135,Paramount Pictures,Based on Book/Short Story,Drama,Contemporary Fiction,Francis Ford Coppola,84,6.9,20514,1997
Random Hearts,31054924,63200000,NA,64000000,Oct 08 1999,R,133,Sony Pictures,Based on Book/Short Story,Drama,Contemporary Fiction,Sydney Pollack,15,4.8,11100,1999
Rugrats Go Wild,39402572,55443032,NA,25000000,Jun 13 2003,PG,84,Paramount Pictures,Based on TV,Adventure,Kids Fiction,NA,40,5,1847,2003
Ratatouille,206445654,620495432,189134287,150000000,Jun 29 2007,G,111,Walt Disney Pictures,Original Screenplay,Comedy,Fantasy,Brad Bird,96,8.1,131929,2007
BloodRayne,2405420,2405420,10828222,25000000,Jan 06 2006,R,NA,Romar,Based on Game,Action,Fantasy,Uwe Boll,4,2.7,20137,2006
Rollerball,18990542,25852508,NA,70000000,Feb 08 2002,PG-13,NA,MGM,Remake,Action,Science Fiction,John McTiernan,3,2.8,13827,2002
Robin Hood,105269730,310885538,NA,210000000,May 14 2010,PG-13,140,Universal,Traditional/Legend/Fairytale,Action,Historical Fiction,Ridley Scott,43,6.9,34501,2010
Robots,128200012,260700012,NA,80000000,Mar 11 2005,PG,89,20th Century Fox,Original Screenplay,Adventure,Kids Fiction,Chris Wedge,64,6.4,27361,2005
Runaway Bride,152257509,308007919,NA,70000000,Jul 30 1999,PG,116,Paramount Pictures,Original Screenplay,Romantic Comedy,Contemporary Fiction,Garry Marshall,45,5.2,28497,1999
Racing Stripes,49772522,93772522,NA,30000000,Jan 14 2005,PG,110,Warner Bros.,Original Screenplay,Comedy,Kids Fiction,NA,35,5.2,5086,2005
Rocky Balboa,70269899,155720088,34669384,24000000,Dec 20 2006,PG,102,MGM,NA,Drama,Contemporary Fiction,Sylvester Stallone,76,7.4,63717,2006
The Road to El Dorado,50802661,65700000,NA,95000000,Mar 31 2000,PG,90,Dreamworks SKG,Original Screenplay,Adventure,Kids Fiction,David Silverman,49,6.4,8876,2000
Riding Giants,2276368,3216111,NA,2600000,Jul 09 2004,PG-13,NA,Sony Pictures,Based on Real Life Events,Documentary,Factual,NA,93,7.7,2193,2004
Red Dragon,92955420,206455420,NA,78000000,Oct 04 2002,R,125,Universal,Based on Book/Short Story,Thriller/Suspense,Contemporary Fiction,Brett Ratner,68,7.3,66386,2002
The Reader,34192652,106107610,12359754,33000000,Dec 10 2008,R,123,Weinstein Co.,Based on Book/Short Story,Drama,Contemporary Fiction,Stephen Daldry,61,7.7,46984,2008
The Reaping,25126214,62226214,19812272,40000000,Apr 05 2007,R,100,Warner Bros.,Original Screenplay,Horror,Fantasy,Stephen Hopkins,8,5.6,19881,2007
Rebound,16809014,17492014,NA,45000000,Jul 01 2005,PG,NA,20th Century Fox,Original Screenplay,Comedy,Contemporary Fiction,Steve Carr,14,4.7,4485,2005
Recess: School's Out,36696761,44451470,NA,10000000,Feb 16 2001,G,83,Walt Disney Pictures,Based on TV,Comedy,Kids Fiction,NA,62,6.2,2176,2001
Redacted,65388,65388,NA,5000000,Nov 16 2007,R,90,Magnolia Pictures,Based on Real Life Events,Drama,Dramatization,Brian De Palma,44,6.1,5759,2007
Reign Over Me,19661987,20081987,16021076,20000000,Mar 23 2007,R,128,Sony Pictures,Original Screenplay,Drama,Historical Fiction,Mike Binder,63,7.7,39234,2007
The Relic,33956608,33956608,NA,60000000,Jan 10 1997,R,110,Paramount Pictures,Based on Book/Short Story,Horror,Science Fiction,Peter Hyams,32,5.4,10249,1997
Religulous,13011160,13136074,7486708,2500000,Oct 01 2008,R,101,Lionsgate,Based on Real Life Events,Documentary,Factual,Larry Charles,69,7.8,23094,2008
Remember Me,19068240,55343435,9952465,16000000,Mar 12 2010,PG-13,NA,Summit Entertainment,NA,Drama,Contemporary Fiction,NA,28,7,16319,2010
Rent,29077547,31670620,31412380,40000000,Nov 23 2005,PG-13,NA,Sony Pictures,Based on Musical/Opera,Musical,Historical Fiction,Chris Columbus,47,6.9,22605,2005
The Replacements,44737059,50054511,NA,50000000,Aug 11 2000,PG-13,118,Warner Bros.,Original Screenplay,Comedy,Contemporary Fiction,Howard Deutch,39,6.2,21542,2000
The Replacement Killers,19035741,19035741,NA,30000000,Feb 06 1998,R,86,Sony Pictures,Original Screenplay,Action,Contemporary Fiction,Antoine Fuqua,39,5.9,13905,1998
Resident Evil: Extinction,50648679,146162920,34217549,45000000,Sep 21 2007,R,95,Sony/Screen Gems,Based on Game,Action,Science Fiction,Russell Mulcahy,22,6.2,49502,2007
Resident Evil,40119709,103787401,NA,35000000,Mar 15 2002,R,100,Sony Pictures,Based on Game,Horror,Science Fiction,Paul Anderson,34,6.4,68342,2002
Return to Me,32662299,32662299,NA,24000000,Apr 07 2000,PG,116,MGM,Original Screenplay,Romantic Comedy,Contemporary Fiction,NA,61,6.6,9565,2000
Revolutionary Road,22911480,76989671,7642600,35000000,Dec 26 2008,R,NA,Paramount Vantage,Based on Book/Short Story,Drama,Historical Fiction,Sam Mendes,68,7.6,45887,2008
Be Kind Rewind,11175164,28505302,5162454,20000000,Feb 22 2008,PG-13,NA,New Line,Original Screenplay,Comedy,Contemporary Fiction,Michel Gondry,65,6.6,42470,2008
Reign of Fire,43061982,82150183,NA,60000000,Feb 19 2002,PG-13,102,Walt Disney Pictures,Original Screenplay,Action,Fantasy,NA,40,5.9,38414,2002
Rachel Getting Married,12796277,13326280,6635346,12000000,Oct 03 2008,R,111,Sony Pictures Classics,Original Screenplay,Drama,Contemporary Fiction,Jonathan Demme,86,6.9,20451,2008
The Rugrats Movie,100494685,140894685,NA,28000000,Nov 20 1998,G,79,Paramount Pictures,Based on TV,Adventure,Kids Fiction,NA,57,5.4,4857,1998
Riding in Cars with Boys,29781453,29781453,NA,47000000,Oct 19 2001,PG-13,131,Sony Pictures,Based on Real Life Events,Drama,Dramatization,Penny Marshall,48,6.2,11895,2001
Ride With the Devil,630779,630779,NA,35000000,Nov 24 1999,R,NA,USA Films,Based on Book/Short Story,Western,Historical Fiction,Ang Lee,63,6.4,1873,1999
The Ring Two,75941727,161941727,NA,50000000,Mar 18 2005,PG-13,111,Dreamworks SKG,Remake,Horror,Contemporary Fiction,NA,20,5.1,28408,2005
The Adventures of Rocky & Bullwinkle,26000610,35129610,NA,76000000,Jun 30 2000,PG,91,Universal,Based on TV,Comedy,Kids Fiction,NA,42,4.1,10320,2000
All the Real Girls,549666,703020,NA,1000000,Feb 14 2003,R,NA,Sony Pictures Classics,Original Screenplay,Drama,NA,David Gordon Green,71,7.1,5632,2003
Real Women Have Curves,5853194,5853194,NA,3000000,Oct 18 2002,PG-13,NA,Newmarket Films,Based on Play,Comedy,Contemporary Fiction,NA,83,7,4396,2002
Reno 911!: Miami,20342161,20342161,16323972,10000000,Feb 23 2007,R,81,20th Century Fox,Based on TV,Comedy,Contemporary Fiction,NA,35,5.8,15684,2007
Rounders,22921898,22921898,NA,12000000,Sep 11 1998,R,120,Miramax,Original Screenplay,Drama,Contemporary Fiction,John Dahl,64,7.3,45439,1998
Rendition,9736045,20437142,6007008,27500000,Oct 19 2007,R,121,New Line,Original Screenplay,Thriller/Suspense,Contemporary Fiction,Gavin Hood,46,6.9,23223,2007
The Rocker,6409528,8767338,7970409,15000000,Aug 20 2008,PG-13,102,20th Century Fox,Original Screenplay,Comedy,Contemporary Fiction,Peter Cattaneo,40,6.3,11859,2008
Rock Star,16991902,19317765,NA,38000000,Sep 07 2001,R,NA,Warner Bros.,Original Screenplay,Drama,Contemporary Fiction,Stephen Herek,52,5.8,15806,2001
The Rookie,75600072,80693537,NA,22000000,Mar 29 2002,G,128,Walt Disney Pictures,Original Screenplay,Drama,Contemporary Fiction,NA,82,5.5,8453,2002
Roll Bounce,17380866,17500866,NA,10000000,Sep 23 2005,PG-13,NA,Fox Searchlight,Original Screenplay,Comedy,Contemporary Fiction,Malcolm D. Lee,64,5,3167,2005
Romeo Must Die,55973336,91036760,NA,25000000,Mar 22 2000,R,114,Warner Bros.,Original Screenplay,Action,Contemporary Fiction,Andrzej Bartkowiak,33,5.9,25309,2000
Ronin,41610884,41610884,NA,55000000,Sep 25 1998,R,121,MGM,Original Screenplay,Action,Contemporary Fiction,John Frankenheimer,68,7.2,57484,1998
Red Planet,17480890,33463969,NA,80000000,Nov 10 2000,PG-13,NA,Warner Bros.,Original Screenplay,Action,Science Fiction,NA,12,5.3,20989,2000
Requiem for a Dream,3635482,7390108,NA,4500000,Oct 06 2000,Open,NA,Artisan,Based on Book/Short Story,Drama,Contemporary Fiction,Darren Aronofsky,78,8.5,185226,2000
Rat Race,56607223,86607223,NA,48000000,Aug 17 2001,PG-13,112,Paramount Pictures,Original Screenplay,Comedy,Contemporary Fiction,Jerry Zucker,43,6.4,40087,2001
The Real Cancun,3816594,3816594,NA,4000000,Apr 25 2003,R,NA,New Line,Based on TV,Documentary,Factual,NA,35,2.3,3211,2003
Remember the Titans,115654751,136706683,NA,30000000,Sep 29 2000,PG,113,Walt Disney Pictures,Based on Real Life Events,Drama,Contemporary Fiction,Boaz Yakin,72,7.5,49844,2000
Righteous Kill,40081410,76781410,16209689,60000000,Sep 12 2008,R,100,Overture Films,Original Screenplay,Thriller/Suspense,Contemporary Fiction,Jon Avnet,20,6,34641,2008
Road Trip,68525609,119739110,NA,16000000,May 19 2000,R,94,Dreamworks SKG,Original Screenplay,Comedy,Contemporary Fiction,Todd Phillips,59,6.4,44702,2000
The Ruins,17432844,22177122,10610865,25000000,Apr 04 2008,R,NA,Paramount Pictures,Based on Book/Short Story,Horror,Contemporary Fiction,NA,47,6,23752,2008
Rules of Engagement,61322858,71719931,NA,60000000,Apr 07 2000,R,127,Paramount Pictures,Based on Book/Short Story,Thriller/Suspense,Contemporary Fiction,William Friedkin,37,6.2,18462,2000
Running Scared,6855137,8345277,NA,17000000,Feb 24 2006,R,NA,New Line,Original Screenplay,Action,Contemporary Fiction,NA,40,7.5,39447,2006
Running With Scissors,6775659,7213629,1877732,12000000,Oct 20 2006,R,116,Sony Pictures,Based on Book/Short Story,Comedy,Dramatization,NA,30,6,12926,2006
Rush Hour 2,226164286,347425832,NA,90000000,Aug 03 2001,PG-13,90,New Line,Original Screenplay,Action,Contemporary Fiction,Brett Ratner,51,6.4,52049,2001
Rush Hour 3,140125968,253025968,40854922,180000000,Aug 10 2007,PG-13,91,New Line,Original Screenplay,Action,Contemporary Fiction,Brett Ratner,19,6,39312,2007
Rush Hour,141186864,245300000,NA,35000000,Sep 18 1998,PG-13,98,New Line,Original Screenplay,Action,Contemporary Fiction,Brett Ratner,60,6.8,55248,1998
Rushmore,17105219,19080435,NA,10000000,Dec 11 1998,R,89,Walt Disney Pictures,Original Screenplay,Black Comedy,Contemporary Fiction,Wes Anderson,87,7.8,53192,1998
Ravenous,2062406,2062406,NA,12000000,Mar 19 1999,R,NA,20th Century Fox,Original Screenplay,Horror,Historical Fiction,NA,39,6.9,15804,1999
Raise Your Voice,10411980,14811980,NA,15000000,Oct 08 2004,PG,NA,New Line,Original Screenplay,Drama,Contemporary Fiction,NA,16,5.2,8634,2004
Hotel Rwanda,23519128,33919128,NA,17500000,Dec 22 2004,PG-13,NA,MGM,Original Screenplay,Drama,Dramatization,NA,90,8.3,92106,2004
Sahara,68671925,121671925,NA,145000000,Apr 08 2005,PG-13,123,Paramount Pictures,Based on Book/Short Story,Adventure,Contemporary Fiction,NA,39,5.9,30739,2005
The Saint,61363304,169400000,NA,90000000,Apr 04 1997,PG-13,116,Paramount Pictures,Based on TV,Action,Contemporary Fiction,Phillip Noyce,30,5.9,27413,1997
The Salon,139084,139084,NA,1500000,May 11 2007,PG-13,NA,Freestyle Releasing,Based on Play,Comedy,Contemporary Fiction,NA,12,3.5,308,2007
I Am Sam,40270895,40270895,NA,22000000,Dec 28 2001,PG-13,132,New Line,Original Screenplay,Drama,Contemporary Fiction,NA,34,7.4,36448,2001
The Salton Sea,676698,676698,NA,18000000,Apr 26 2002,R,NA,Warner Bros.,Original Screenplay,Thriller/Suspense,Contemporary Fiction,D.J. Caruso,63,7.1,16415,2002
Sex and the City 2,95347692,288347692,NA,95000000,May 27 2010,R,NA,Warner Bros.,Based on TV,Comedy,Contemporary Fiction,NA,15,3.9,13796,2010
Saw,55185045,103096345,NA,1200000,Oct 29 2004,R,100,Lionsgate,Original Screenplay,Horror,Contemporary Fiction,NA,48,7.7,112785,2004
Saw II,87025093,152925093,44699720,5000000,Oct 28 2005,R,91,Lionsgate,Original Screenplay,Horror,Contemporary Fiction,Darren Lynn Bousman,36,6.8,76530,2005
Saw III,80238724,163876815,47153811,10000000,Oct 27 2006,R,107,Lionsgate,Original Screenplay,Horror,Contemporary Fiction,Darren Lynn Bousman,25,6.3,60784,2006
Saw IV,63300095,134528909,31998452,10000000,Oct 26 2007,R,NA,Lionsgate,Original Screenplay,Horror,Contemporary Fiction,Darren Lynn Bousman,17,6,44730,2007
Saw V,56746769,113146769,26535833,10800000,Oct 24 2008,R,NA,Lionsgate,Original Screenplay,Horror,Contemporary Fiction,NA,13,5.7,31219,2008
Saw VI,27693292,61259697,8308717,11000000,Oct 23 2009,R,91,Lionsgate,Original Screenplay,Horror,Contemporary Fiction,Kevin Greutert,42,6.2,18091,2009
Say It Isn't So,5516708,5516708,NA,25000000,Mar 23 2001,R,NA,20th Century Fox,Original Screenplay,Comedy,Contemporary Fiction,NA,9,4.6,7736,2001
The Adventures of Sharkboy and Lavagirl in 3-D,39177684,69425966,NA,50000000,Jun 10 2005,PG,NA,Miramax/Dimension,Original Screenplay,Adventure,Kids Fiction,Robert Rodriguez,20,3.6,5619,2005
Seabiscuit,120277854,148336445,NA,86000000,Jul 25 2003,PG-13,141,Universal,Based on Book/Short Story,Drama,Historical Fiction,Gary Ross,77,7.4,31033,2003
A Scanner Darkly,5501616,7405084,NA,20000000,Jul 07 2006,R,NA,Warner Independent,Based on Book/Short Story,Thriller/Suspense,Science Fiction,Richard Linklater,68,7.2,41928,2006
Scary Movie 2,71277420,141189101,NA,45000000,Jul 04 2001,R,82,Miramax/Dimension,Original Screenplay,Comedy,Contemporary Fiction,Keenen Ivory Wayans,14,4.7,43941,2001
Scary Movie 3,110000082,155200000,NA,45000000,Oct 24 2003,PG-13,84,Miramax/Dimension,Original Screenplay,Comedy,Contemporary Fiction,David Zucker,37,5.4,42829,2003
Scary Movie 4,90710620,178710620,22401247,40000000,Apr 14 2006,PG-13,NA,Weinstein/Dimension,Original Screenplay,Comedy,Contemporary Fiction,David Zucker,37,5,39542,2006
Scooby-Doo,153294164,276294164,NA,84000000,Jun 14 2002,PG,86,Warner Bros.,Based on TV,Comedy,Kids Fiction,Raja Gosnell,28,4.7,26018,2002
About Schmidt,65005217,105823486,NA,30000000,Dec 13 2002,R,125,New Line,Based on Book/Short Story,Drama,Contemporary Fiction,Alexander Payne,85,7.3,53760,2002
School for Scoundrels,17807569,17807569,13739501,20000000,Sep 29 2006,PG-13,101,MGM,Remake,Comedy,Contemporary Fiction,Todd Phillips,26,6,15536,2006
Scoop,10525717,39125717,NA,4000000,Jul 28 2006,PG-13,NA,Focus/Rogue Pictures,Original Screenplay,Romantic Comedy,Contemporary Fiction,Woody Allen,39,6.8,30336,2006
The Score,71069884,113542091,NA,68000000,Jul 13 2001,R,124,Paramount Pictures,Original Screenplay,Thriller/Suspense,Contemporary Fiction,Frank Oz,74,6.8,42616,2001
Scream,103046663,173046663,NA,15000000,Dec 20 1996,R,110,Miramax,Original Screenplay,Horror,Contemporary Fiction,Wes Craven,81,2.9,217,1996
Scream 2,101363301,101363301,NA,24000000,Dec 12 1997,R,120,Miramax,Original Screenplay,Horror,Contemporary Fiction,Wes Craven,80,5.9,48196,1997
Scream 3,89138076,161838076,NA,40000000,Feb 04 2000,R,118,Miramax,Original Screenplay,Horror,Contemporary Fiction,Wes Craven,38,5.3,38230,2000
The Scorpion King,90580000,164529000,NA,60000000,Apr 19 2002,PG-13,91,Universal,Spin-Off,Action,Fantasy,Chuck Russell,40,5.3,30359,2002
Stardust,38634938,135556675,25129402,70000000,Aug 10 2007,PG-13,128,Paramount Pictures,Based on Book/Short Story,Adventure,Fantasy,Matthew Vaughn,76,7.9,87883,2007
Selena,35450113,35450113,NA,20000000,Mar 21 1997,PG,127,Warner Bros.,Based on Real Life Events,Drama,Dramatization,NA,63,6.3,7996,1997
The Sentinel,36280697,77280697,17497571,60000000,Apr 21 2006,PG-13,NA,20th Century Fox,Based on Book/Short Story,Thriller/Suspense,Contemporary Fiction,NA,33,6.1,23567,2006
September Dawn,901857,901857,NA,10100000,Aug 24 2007,R,110,Black Diamond Pictures,Original Screenplay,Western,Historical Fiction,NA,13,5.5,1823,2007
You Got Served,40066497,48066497,NA,8000000,Jan 30 2004,PG-13,95,Sony Pictures,Original Screenplay,Drama,Contemporary Fiction,NA,16,2.6,17830,2004
Serving Sara,16930185,20146150,NA,29000000,Aug 23 2002,PG-13,NA,Paramount Pictures,Original Screenplay,Romantic Comedy,Contemporary Fiction,NA,5,5,7973,2002
Session 9,378176,1619602,NA,1500000,Aug 10 2001,R,NA,NA,NA,(Missing),NA,Brad Anderson,60,6.8,14685,2001
Seven Years in Tibet,37945884,131445884,NA,70000000,Oct 10 1997,PG-13,139,Sony Pictures,Based on Real Life Events,Drama,Dramatization,Jean-Jacques Annaud,59,6.7,29020,1997
Sex and the City,152647258,416047258,85061666,57500000,May 30 2008,R,NA,Warner Bros.,Based on TV,Comedy,Contemporary Fiction,NA,49,5.4,46837,2008
Swordfish,69772969,147080413,NA,80000000,Jun 08 2001,R,99,Warner Bros.,Original Screenplay,Action,Contemporary Fiction,Dominic Sena,25,6.3,57952,2001
Something's Gotta Give,124685242,266685242,NA,80000000,Dec 12 2003,PG-13,128,Sony Pictures,Original Screenplay,Romantic Comedy,Contemporary Fiction,Nancy Meyers,70,6.8,36303,2003
Sugar Town,178095,178095,NA,250000,Sep 17 1999,R,NA,October Films,NA,Comedy,NA,NA,67,5.6,566,1999
Shadow of the Vampire,8279017,8279017,NA,8000000,Dec 29 2000,R,NA,Lionsgate,Original Screenplay,Drama,Historical Fiction,E. Elias Merhige,81,6.8,18221,2000
Shaft,70327868,107190108,NA,53012938,Jun 16 2000,R,99,Paramount Pictures,Remake,Action,Contemporary Fiction,John Singleton,68,5.9,32881,2000
The Shaggy Dog,61123569,87123569,28587103,60000000,Mar 10 2006,PG,NA,Walt Disney Pictures,Remake,Comedy,Fantasy,Brian Robbins,27,4.1,6116,2006
Scary Movie,157019771,277200000,NA,19000000,Jul 07 2000,R,88,Miramax/Dimension,Original Screenplay,Comedy,Contemporary Fiction,Keenen Ivory Wayans,53,6,68541,2000
Shaun of the Dead,13542874,29629128,NA,5000000,Sep 24 2004,R,NA,Focus/Rogue Pictures,Original Screenplay,Comedy,Fantasy,Edgar Wright,91,8,134693,2004
Shortbus,1985292,1985292,NA,2000000,Oct 04 2006,Not Rated,NA,ThinkFilm,Original Screenplay,Comedy,Contemporary Fiction,NA,66,6.7,14276,2006
She's All That,63465522,63465522,NA,10000000,Jan 29 1999,PG-13,91,Miramax,Original Screenplay,Romantic Comedy,Contemporary Fiction,NA,38,5.4,28498,1999
She's the Man,33889159,56889159,33340509,25000000,Mar 17 2006,PG-13,NA,Paramount Pictures,Based on Play,Romantic Comedy,Contemporary Fiction,Andy Fickman,44,6.4,26513,2006
Sherrybaby,199176,622806,NA,2000000,Sep 08 2006,R,NA,IFC Films,Original Screenplay,Drama,Contemporary Fiction,NA,74,6.7,6372,2006
Shallow Hal,70836296,70836296,NA,40000000,Nov 09 2001,PG-13,113,20th Century Fox,Original Screenplay,Romantic Comedy,Contemporary Fiction,Bobby Farrelly,50,6,35878,2001
Silent Hill,46982632,99982632,22104517,50000000,Apr 21 2006,R,NA,Sony Pictures,Based on Game,Horror,Contemporary Fiction,Christophe Gans,29,6.5,65485,2006
Shutter Island,128012934,294512934,22083616,80000000,Feb 19 2010,R,NA,Paramount Pictures,Based on Book/Short Story,Thriller/Suspense,Historical Fiction,Martin Scorsese,67,8,105706,2010
Shakespeare in Love,100317794,279500000,NA,26000000,Dec 11 1998,R,122,Miramax,Original Screenplay,Romantic Comedy,Historical Fiction,John Madden,93,7.4,77911,1998
In the Shadow of the Moon,1134358,1134358,NA,2000000,Sep 07 2007,PG,100,ThinkFilm,Based on Real Life Events,Documentary,Factual,NA,94,8,2974,2007
Sherlock Holmes,209028679,518249844,42276167,80000000,Dec 25 2009,PG-13,NA,Warner Bros.,Based on Book/Short Story,Adventure,Historical Fiction,Guy Ritchie,69,7.5,91555,2009
She's Out of My League,31628317,49219151,7889235,20000000,Mar 12 2010,(Missing),NA,Paramount Pictures,Original Screenplay,Romantic Comedy,Contemporary Fiction,NA,57,6.7,17449,2010
Shooter,47003582,95203582,57333255,60000000,Mar 23 2007,R,125,Paramount Pictures,Based on Book/Short Story,Thriller/Suspense,Contemporary Fiction,Antoine Fuqua,48,7.2,149,2007
Shrek,267655011,484399218,NA,50000000,May 18 2001,PG,90,Dreamworks SKG,Based on Book/Short Story,Adventure,Kids Fiction,Andrew Adamson,89,8,163855,2001
Shrek 2,441226247,919838758,NA,70000000,May 19 2004,PG,92,Dreamworks SKG,Based on Book/Short Story,Adventure,Kids Fiction,Andrew Adamson,89,7.5,95658,2004
Shrek the Third,322719944,798958162,176400340,160000000,May 18 2007,PG,92,Paramount Pictures,Based on Book/Short Story,Adventure,Kids Fiction,NA,41,6.1,59778,2007
Shark Tale,160861908,367275019,NA,75000000,Oct 01 2004,PG,90,Dreamworks SKG,Original Screenplay,Adventure,Kids Fiction,Rob Letterman,35,5.9,40019,2004
Shattered Glass,2207975,2932719,NA,6000000,Oct 31 2003,PG-13,NA,Lionsgate,Based on Real Life Events,Drama,Dramatization,NA,91,7.4,14575,2003
Stealing Harvard,13973532,13973532,NA,25000000,Sep 13 2002,PG-13,NA,Sony Pictures,Original Screenplay,Comedy,Contemporary Fiction,NA,8,4.7,6899,2002
Showtime,37948765,78948765,NA,85000000,Mar 15 2002,PG-13,95,Warner Bros.,Original Screenplay,Comedy,Contemporary Fiction,Tom Dey,24,5.3,22128,2002
Sicko,24538513,33538513,17438209,9000000,Jun 22 2007,PG-13,NA,Lionsgate,Based on Real Life Events,Documentary,Factual,Michael Moore,93,8.2,40886,2007
Signs,227965690,408265690,NA,70702619,Aug 02 2002,PG-13,106,Walt Disney Pictures,Original Screenplay,Thriller/Suspense,Science Fiction,M. Night Shyamalan,74,6.9,111561,2002
Simon Birch,18253415,18253415,NA,20000000,Sep 11 1998,PG,110,Walt Disney Pictures,Based on Book/Short Story,Drama,Contemporary Fiction,Mark Steven Johnson,44,6.7,11371,1998
A Simple Wish,8165213,8165213,NA,28000000,Jul 11 1997,PG,NA,Universal,Original Screenplay,Comedy,Fantasy,Michael Ritchie,27,4.9,1545,1997
The Simpsons Movie,183135014,527071022,96359085,72500000,Jul 27 2007,PG-13,86,20th Century Fox,Based on TV,Comedy,Contemporary Fiction,David Silverman,89,7.6,117656,2007
Sin City,74103820,158753820,NA,40000000,Apr 01 2005,R,126,Miramax/Dimension,Based on Comic/Graphic Novel,Action,Fantasy,Robert Rodriguez,77,8.3,255814,2005
The Singing Detective,336456,524747,NA,8000000,Oct 24 2003,R,NA,Paramount Pictures,Based on TV,Comedy,Contemporary Fiction,NA,38,5.6,4441,2003
The Sixth Sense,293506292,672806292,NA,40000000,Aug 06 1999,PG-13,107,Walt Disney Pictures,Original Screenplay,Thriller/Suspense,Contemporary Fiction,M. Night Shyamalan,85,8.2,238745,1999
The Skeleton Key,47907715,92907715,NA,40000000,Aug 12 2005,PG-13,NA,Universal,Original Screenplay,Horror,Contemporary Fiction,Iain Softley,38,6.5,29810,2005
The Skulls,35007180,35007180,NA,15000000,Mar 31 2000,PG-13,107,Universal,Original Screenplay,Thriller/Suspense,Contemporary Fiction,Rob Cohen,8,5.3,14903,2000
Sky High,63939454,81627454,NA,60000000,Jul 29 2005,PG,102,Walt Disney Pictures,Original Screenplay,Adventure,Super Hero,NA,73,6.6,20923,2005
Slackers,4814244,4814244,NA,11000000,Feb 01 2002,R,NA,Sony Pictures,Original Screenplay,Comedy,Contemporary Fiction,NA,11,4.9,7934,2002
Sleepy Hollow,101068340,207068340,NA,70000000,Nov 19 1999,R,105,Paramount Pictures,Based on Book/Short Story,Horror,Historical Fiction,Tim Burton,68,7.5,107511,1999
Lucky Number Slevin,22495466,55495466,26858545,27000000,Apr 07 2006,R,NA,MGM,Original Screenplay,Thriller/Suspense,Contemporary Fiction,Paul McGuigan,51,7.8,91145,2006
The Secret Life of Bees,37766350,39612166,17077991,11000000,Oct 17 2008,PG-13,110,Fox Searchlight,Based on Book/Short Story,Drama,Historical Fiction,NA,57,7,7077,2008
Hannibal,165092266,350100280,NA,87000000,Feb 09 2001,R,131,MGM,Based on Book/Short Story,Horror,Contemporary Fiction,Ridley Scott,39,6.4,74862,2001
Slow Burn,1237615,1237615,893953,15500000,Apr 13 2007,R,93,Lionsgate,Original Screenplay,Thriller/Suspense,Contemporary Fiction,NA,12,5.9,2318,2007
Sleepover,9408183,9408183,NA,10000000,Jul 09 2004,PG,NA,MGM,Original Screenplay,Comedy,Contemporary Fiction,NA,15,4.6,4774,2004
The Bridge of San Luis Rey,49981,1696765,NA,24000000,Jun 10 2005,PG,NA,Fine Line,Based on Book/Short Story,Drama,NA,NA,4,5,1913,2005
Slither,7802450,12834936,7475776,15250000,Mar 31 2006,R,NA,Universal,Original Screenplay,Horror,Science Fiction,NA,85,6.6,26101,2006
Slumdog Millionaire,141319928,365257315,31952272,14000000,Nov 12 2008,R,116,Fox Searchlight,Original Screenplay,Drama,Contemporary Fiction,Danny Boyle,94,8.3,176325,2008
Slums of Beverly Hills,5502773,5502773,NA,5000000,Aug 14 1998,R,NA,Fox Searchlight,Based on Real Life Events,Comedy,Dramatization,Tamara Jenkins,79,6.4,5821,1998
Small Soldiers,55143823,71743823,NA,40000000,Jul 10 1998,PG-13,110,Dreamworks SKG,Original Screenplay,Comedy,Kids Fiction,Joe Dante,46,5.9,20571,1998
Smokin' Aces,35662731,56047261,35817034,17000000,Jan 26 2007,R,108,Universal,Original Screenplay,Comedy,Contemporary Fiction,Joe Carnahan,28,6.6,57313,2007
Someone Like You,27338033,38684906,NA,23000000,Mar 30 2001,PG-13,97,20th Century Fox,Based on Book/Short Story,Romantic Comedy,Contemporary Fiction,Tony Goldwyn,41,5.8,10073,2001
Death to Smoochy,8355815,8374062,NA,50000000,Mar 29 2002,R,NA,Warner Bros.,Original Screenplay,Black Comedy,Contemporary Fiction,Danny De Vito,42,6.2,22379,2002
Simply Irresistible,4398989,4398989,NA,6000000,Feb 05 1999,PG-13,NA,20th Century Fox,Original Screenplay,Romantic Comedy,Contemporary Fiction,NA,14,4.8,6927,1999
Summer Catch,19693891,19693891,NA,17000000,Aug 24 2001,PG-13,NA,Warner Bros.,Original Screenplay,Comedy,Contemporary Fiction,NA,7,4.6,6848,2001
There's Something About Mary,176484651,360099999,NA,22000000,Jul 15 1998,R,119,20th Century Fox,Original Screenplay,Romantic Comedy,Contemporary Fiction,Bobby Farrelly,83,7.2,96443,1998
Snake Eyes,55591409,103891409,NA,73000000,Aug 07 1998,R,99,Paramount Pictures,Original Screenplay,Thriller/Suspense,Contemporary Fiction,Brian De Palma,41,5.8,29321,1998
Snakes on a Plane,34020814,62020814,23704179,33000000,Aug 18 2006,R,105,New Line,Original Screenplay,Thriller/Suspense,Contemporary Fiction,David R. Ellis,68,6,65841,2006
Lemony Snicket's A Series of Unfortunate Events,118627117,201627117,NA,100000000,Dec 17 2004,PG,108,Paramount Pictures,Based on Book/Short Story,Comedy,Kids Fiction,Brad Silberling,71,6.9,51614,2004
House of Sand and Fog,13005485,16157923,NA,16500000,Dec 19 2003,R,NA,Dreamworks SKG,Based on Book/Short Story,Drama,Contemporary Fiction,NA,75,7.8,29777,2003
A Sound of Thunder,1900451,6300451,NA,80000000,Sep 02 2005,PG-13,NA,Warner Bros.,Based on Book/Short Story,Action,Science Fiction,Peter Hyams,6,4.1,9915,2005
See No Evil,15032800,15387513,45391536,8000000,May 19 2006,R,NA,Lionsgate,Original Screenplay,Horror,Contemporary Fiction,NA,9,5,10035,2006
The Shipping News,11405825,24405825,NA,35000000,Dec 25 2001,R,NA,Miramax,Based on Book/Short Story,Drama,Contemporary Fiction,Lasse Hallstrom,55,6.7,17338,2001
Shanghai Knights,60470220,60470220,NA,50000000,Feb 07 2003,PG-13,114,Walt Disney Pictures,Original Screenplay,Adventure,Historical Fiction,David Dobkin,66,6.2,24893,2003
Shanghai Noon,56932305,71189835,NA,55000000,May 26 2000,PG-13,110,Walt Disney Pictures,Original Screenplay,Western,Historical Fiction,Tom Dey,78,6.6,32446,2000
Snow Dogs,81150692,115010692,NA,32000000,Jan 18 2002,PG,99,Walt Disney Pictures,Based on Book/Short Story,Comedy,Kids Fiction,Brian Levant,23,4.9,7561,2002
Snow Falling on Cedars,14378353,14378353,NA,36000000,Dec 24 1999,PG-13,NA,Universal,Based on Book/Short Story,Drama,Contemporary Fiction,NA,40,6.7,8444,1999
Sunshine,3688560,32030610,6342481,40000000,Jul 20 2007,R,108,Fox Searchlight,Original Screenplay,Thriller/Suspense,Science Fiction,Danny Boyle,74,7.3,74535,2007
Snow Day,60008303,62452927,NA,13000000,Feb 11 2000,PG,89,Paramount Pictures,Original Screenplay,Comedy,Contemporary Fiction,NA,26,4.4,4611,2000
Sorority Boys,10198766,12516222,NA,12000000,Mar 22 2002,R,NA,Walt Disney Pictures,Original Screenplay,Comedy,Contemporary Fiction,NA,13,5.1,7392,2002
Solaris,14970038,14970038,NA,47000000,Nov 27 2002,PG-13,NA,20th Century Fox,Remake,Drama,Science Fiction,Steven Soderbergh,65,6.2,33151,2002
Sonny,17639,17639,NA,4000000,Dec 27 2002,R,NA,NA,NA,(Missing),NA,NA,23,5.7,1941,2002
Standard Operating Procedure,228830,228830,NA,5000000,Apr 25 2008,R,NA,Sony Pictures Classics,Based on Real Life Events,Documentary,Factual,NA,80,7.5,1640,2008
The Sorcerer's Apprentice,62492818,200092818,NA,160000000,Jul 14 2010,PG,110,Walt Disney Pictures,Based on Short Film,Adventure,Fantasy,NA,42,6.4,9108,2010
Soul Food,43492389,43492389,NA,7500000,Sep 26 1997,R,114,20th Century Fox,Original Screenplay,Comedy,Contemporary Fiction,NA,80,6.4,2636,1997
Soul Plane,13922211,14553807,NA,16000000,May 28 2004,R,NA,MGM,Original Screenplay,Comedy,Contemporary Fiction,NA,19,3.7,9143,2004
Space Jam,90463534,250200000,NA,80000000,Nov 15 1996,PG,87,Warner Bros.,Original Screenplay,Comedy,Kids Fiction,Joe Pytka,36,5.6,29293,1996
Spanglish,42044321,54344321,NA,75000000,Dec 17 2004,PG-13,103,Sony Pictures,Original Screenplay,Comedy,Contemporary Fiction,James L. Brooks,52,6.7,30660,2004
Spawn,54979992,87949859,NA,40000000,Jul 31 1997,PG-13,97,New Line,Based on Comic/Graphic Novel,Action,Contemporary Fiction,NA,20,4.8,21366,1997
Superbad,121463226,169863226,134555373,17500000,Aug 17 2007,R,112,Sony Pictures,Original Screenplay,Comedy,Contemporary Fiction,Greg Mottola,87,7.8,134212,2007
Space Chimps,30105968,59517784,13349286,37000000,Jul 18 2008,G,NA,20th Century Fox,Original Screenplay,Adventure,Kids Fiction,NA,36,4.5,4324,2008
Space Cowboys,90454043,128874043,NA,65000000,Aug 04 2000,PG-13,130,Warner Bros.,Original Screenplay,Adventure,Science Fiction,Clint Eastwood,79,6.3,29983,2000
Speed Racer,43945766,93394462,14217924,120000000,May 09 2008,PG,NA,Warner Bros.,Based on TV,Action,Science Fiction,Andy Wachowski,38,6.3,32672,2008
The Spiderwick Chronicles,71195053,162839667,27525903,92500000,Feb 14 2008,PG,NA,Paramount Pictures,Based on Book/Short Story,Adventure,Fantasy,Mark Waters,79,6.8,18715,2008
Sphere,37068294,50168294,NA,73000000,Feb 13 1998,PG-13,132,Warner Bros.,Based on Book/Short Story,Horror,Science Fiction,Barry Levinson,12,5.6,31461,1998
Spider-Man 2,373524485,783705001,4196484,200000000,Jun 30 2004,PG-13,127,Sony Pictures,Based on Comic/Graphic Novel,Adventure,Super Hero,Sam Raimi,93,7.7,141940,2004
Spider-Man 3,336530303,890871626,124058348,258000000,May 04 2007,PG-13,139,Sony Pictures,Based on Comic/Graphic Novel,Adventure,Super Hero,Sam Raimi,63,6.4,141513,2007
Spider-Man,403706375,821708551,NA,139000000,May 03 2002,PG-13,121,Sony Pictures,Based on Comic/Graphic Novel,Adventure,Super Hero,Sam Raimi,89,7.4,167524,2002
Scott Pilgrim vs. The World,31167395,43149143,NA,85000000,Aug 13 2010,PG-13,112,Universal,Based on Comic/Graphic Novel,Comedy,Contemporary Fiction,Edgar Wright,81,8.1,17461,2010
See Spot Run,33357476,43057552,NA,16000000,Mar 02 2001,PG,97,Warner Bros.,Original Screenplay,Comedy,Kids Fiction,NA,24,4.9,3673,2001
Superman Returns,200120000,391120000,81580739,232000000,Jun 28 2006,PG-13,157,Warner Bros.,Based on Comic/Graphic Novel,Adventure,Super Hero,Bryan Singer,76,6.6,102751,2006
Supernova,14218868,14218868,NA,60000000,Jan 14 2000,PG-13,NA,MGM,Original Screenplay,Action,Science Fiction,Francis Ford Coppola,10,6.8,127,2000
Spy Game,62362560,143049560,NA,90000000,Nov 21 2001,R,126,Universal,Original Screenplay,Action,Contemporary Fiction,Tony Scott,65,6.9,44850,2001
Spy Kids,112692062,197692062,NA,35000000,Mar 30 2001,PG,88,Miramax/Dimension,Original Screenplay,Adventure,Kids Fiction,Robert Rodriguez,93,5.7,23479,2001
The Squid and the Whale,7372734,11098131,NA,1500000,Oct 05 2005,R,NA,IDP/Goldwyn/Roadside,Based on Real Life Events,Drama,Dramatization,Noah Baumbach,93,7.6,23521,2005
Serendipity,50255310,75294136,NA,28000000,Oct 05 2001,PG-13,91,Miramax,Original Screenplay,Romantic Comedy,Contemporary Fiction,Peter Chelsom,58,6.6,32014,2001
Superstar,30628981,30628981,NA,14000000,Oct 08 1999,PG-13,82,Paramount Pictures,Based on TV,Comedy,Contemporary Fiction,NA,33,6,103,1999
Soul Survivors,3100650,4288246,NA,14000000,Sep 07 2001,PG-13,NA,Artisan,Original Screenplay,Horror,Contemporary Fiction,NA,4,3.6,5116,2001
Starship Troopers,54768952,121100000,NA,100000000,Nov 07 1997,R,129,Sony Pictures,Based on Book/Short Story,Action,Science Fiction,Paul Verhoeven,60,7.1,83516,1997
The Station Agent,5801558,7773824,NA,500000,Oct 03 2003,R,NA,Miramax,Original Screenplay,Drama,Contemporary Fiction,NA,95,7.8,22274,2003
Stay Alive,23086480,23187506,13333591,20000000,Mar 24 2006,PG-13,91,Walt Disney Pictures,Original Screenplay,Horror,Contemporary Fiction,NA,9,4.5,13658,2006
Small Time Crooks,17266359,29934477,NA,18000000,May 19 2000,PG,NA,Dreamworks SKG,Original Screenplay,Comedy,Contemporary Fiction,Woody Allen,66,6.5,15636,2000
Steel,1686429,1686429,NA,16000000,Aug 15 1997,PG-13,NA,Warner Bros.,Based on Comic/Graphic Novel,Action,Super Hero,NA,12,2.7,4409,1997
How Stella Got Her Groove Back,37672944,37672944,NA,20000000,Aug 14 1998,R,124,20th Century Fox,Based on Book/Short Story,Drama,Contemporary Fiction,NA,49,5.1,3080,1998
The Stepford Wives,59475623,96221971,NA,100000000,Jun 11 2004,PG-13,93,Paramount Pictures,Remake,Comedy,Contemporary Fiction,Frank Oz,26,5.1,26712,2004
Stepmom,91137662,119709917,NA,50000000,Dec 25 1998,PG-13,127,Sony/TriStar,Original Screenplay,Drama,Contemporary Fiction,Chris Columbus,43,6.2,18505,1998
Stomp the Yard,61356221,76356221,33252252,14000000,Jan 12 2007,PG-13,113,Sony/Screen Gems,Original Screenplay,Drama,Contemporary Fiction,NA,26,4.3,13737,2007
Stranger Than Fiction,40435190,45235190,30936711,30000000,Nov 10 2006,PG-13,112,Sony Pictures,Original Screenplay,Comedy,Contemporary Fiction,Marc Forster,72,7.8,74218,2006
Stick It,26910736,30399714,27642935,20000000,Apr 28 2006,PG-13,103,Walt Disney Pictures,Original Screenplay,Comedy,Contemporary Fiction,NA,31,5.9,9556,2006
Stigmata,50041732,89441732,NA,32000000,Sep 10 1999,R,103,MGM,Original Screenplay,Horror,Contemporary Fiction,Rupert Wainwright,22,6,29411,1999
Street Kings,26415649,65589243,13420759,20000000,Apr 11 2008,R,NA,Fox Searchlight,Original Screenplay,Thriller/Suspense,Contemporary Fiction,NA,36,7,40291,2008
Stuart Little,140015224,298800000,NA,105000000,Dec 17 1999,PG,92,Sony Pictures,Based on Book/Short Story,Comedy,Kids Fiction,Rob Minkoff,65,5.8,23226,1999
Stuart Little 2,64956806,166000000,NA,120000000,Jul 19 2002,PG,78,Sony Pictures,Based on Book/Short Story,Comedy,Kids Fiction,Rob Minkoff,83,5.6,7534,2002
Stealth,32116746,76416746,NA,138000000,Jul 29 2005,PG-13,NA,Sony Pictures,Original Screenplay,Action,Science Fiction,Rob Cohen,13,4.8,21664,2005
The Statement,765637,1545064,NA,27000000,Dec 12 2003,R,NA,Sony Pictures,NA,Thriller/Suspense,NA,Norman Jewison,23,6,2735,2003
Stolen Summer,119841,119841,NA,1500000,Mar 22 2002,PG,NA,Miramax,NA,(Missing),NA,NA,35,6.4,1733,2002
The Perfect Storm,182618434,328711434,NA,120000000,Jun 30 2000,PG-13,130,Warner Bros.,Based on Book/Short Story,Drama,Dramatization,Wolfgang Petersen,47,6.2,55716,2000
The Story of Us,27100030,27100030,NA,50000000,Oct 15 1999,R,74,Universal,Original Screenplay,Romantic Comedy,Contemporary Fiction,Rob Reiner,28,5.6,10720,1999
The Stepfather,29062561,29227561,6587798,20000000,Oct 16 2009,PG-13,NA,Sony/Screen Gems,Remake,Thriller/Suspense,Contemporary Fiction,NA,11,5.3,6263,2009
State of Play,37017955,91445389,13578224,60000000,Apr 17 2009,PG-13,127,Universal,Based on TV,Thriller/Suspense,Contemporary Fiction,Kevin MacDonald,84,7.3,34067,2009
The Sisterhood of the Traveling Pants 2,44089964,44154645,15266725,27000000,Aug 06 2008,PG-13,111,Warner Bros.,Based on Book/Short Story,Adventure,Contemporary Fiction,NA,64,6.2,6557,2008
Step Up,65328121,115328121,51317604,12000000,Aug 11 2006,PG-13,98,Walt Disney Pictures,Original Screenplay,Drama,Contemporary Fiction,Anne Fletcher,19,6.1,21691,2006
The Straight Story,6197866,6197866,NA,10000000,Oct 15 1999,G,NA,Walt Disney Pictures,Based on Real Life Events,Drama,Dramatization,David Lynch,95,8,36265,1999
The Strangers,52597610,80597610,15789825,9000000,May 30 2008,R,85,Focus Features,Original Screenplay,Thriller/Suspense,Contemporary Fiction,NA,44,6,35078,2008
Stuck On You,33832741,63537164,NA,55000000,Dec 12 2003,PG-13,118,20th Century Fox,Original Screenplay,Comedy,Contemporary Fiction,Bobby Farrelly,60,5.9,23196,2003
Step Up 2 the Streets,58017783,150017783,21801408,17500000,Feb 14 2008,PG-13,NA,Walt Disney Pictures,Original Screenplay,Drama,Contemporary Fiction,NA,25,5.6,20345,2008
The Sum of All Fears,118471320,193500000,NA,68000000,May 31 2002,PG-13,124,Paramount Pictures,Based on Book/Short Story,Action,Contemporary Fiction,Phil Alden Robinson,59,6.3,38586,2002
Sunshine State,3064356,3064356,NA,5600000,Jun 21 2002,PG-13,NA,Sony Pictures Classics,Original Screenplay,Drama,Contemporary Fiction,John Sayles,80,6.8,2769,2002
Supercross,3102550,3252550,NA,30000000,Aug 17 2005,PG-13,NA,20th Century Fox,Original Screenplay,Action,Contemporary Fiction,NA,6,2.9,2514,2005
Surf's Up,58867694,145395745,46260220,100000000,Jun 08 2007,PG,86,Sony Pictures,Original Screenplay,Adventure,Kids Fiction,NA,77,7,20974,2007
Surrogates,38577772,119668350,11099238,80000000,Sep 25 2009,PG-13,104,Walt Disney Pictures,Based on Comic/Graphic Novel,Action,Science Fiction,Jonathan Mostow,39,6.3,36940,2009
Summer of Sam,19288130,19288130,NA,22000000,Jul 02 1999,R,142,Walt Disney Pictures,Based on Real Life Events,Drama,Historical Fiction,Spike Lee,50,6.5,18431,1999
Saving Private Ryan,216335085,481635085,NA,65000000,Jul 24 1998,R,169,Dreamworks SKG,Original Screenplay,Drama,Historical Fiction,Steven Spielberg,91,8.5,270540,1998
S.W.A.T.,116877597,198100000,NA,70000000,Aug 08 2003,PG-13,117,Sony Pictures,Based on TV,Action,Contemporary Fiction,NA,48,5.9,43260,2003
Sideways,71502303,109705641,NA,17000000,Oct 22 2004,R,125,Fox Searchlight,Based on Book/Short Story,Drama,Contemporary Fiction,Alexander Payne,97,7.8,69778,2004
Secret Window,47958031,92958031,NA,40000000,Mar 12 2004,PG-13,96,Sony Pictures,Based on Book/Short Story,Thriller/Suspense,Fantasy,David Koepp,46,6.5,53868,2004
Swept Away,598645,598645,NA,10000000,Oct 11 2002,R,NA,Sony Pictures,Remake,Romantic Comedy,Contemporary Fiction,Guy Ritchie,5,3.4,7665,2002
Swimming Pool,10130108,22441323,NA,7800000,Jul 04 2003,R,NA,Focus Features,Original Screenplay,Thriller/Suspense,Contemporary Fiction,NA,84,6.8,19992,2003
Swimfan,28563926,28563926,NA,10000000,Sep 06 2002,PG-13,86,20th Century Fox,Original Screenplay,Drama,Contemporary Fiction,NA,15,4.6,9577,2002
Sweet November,25288103,65754228,NA,40000000,Feb 16 2001,PG-13,120,Warner Bros.,Remake,Drama,Contemporary Fiction,NA,16,6,20891,2001
Sydney White,11892415,12778631,6828112,16500000,Sep 21 2007,PG-13,107,Universal,Traditional/Legend/Fairytale,Comedy,Contemporary Fiction,NA,37,6.2,9309,2007
Switchback,6504442,6504442,NA,38000000,Oct 31 1997,R,NA,Paramount Pictures,Original Screenplay,Action,Contemporary Fiction,NA,32,6.1,5141,1997
Star Wars: The Clone Wars,35161554,68161554,22831563,8500000,Aug 15 2008,PG,98,Warner Bros.,Original Screenplay,Adventure,Science Fiction,NA,19,5.4,17513,2008
The Sweetest Thing,24430272,44633441,NA,43000000,Apr 12 2002,R,NA,Sony Pictures,Original Screenplay,Romantic Comedy,Contemporary Fiction,Roger Kumble,25,4.7,23378,2002
"Six Days, Seven Nights",74339294,164800000,NA,80000000,Jun 12 1998,PG-13,101,Walt Disney Pictures,Original Screenplay,Romantic Comedy,Contemporary Fiction,Ivan Reitman,37,4.7,48,1998
Sex Drive,8402485,10412485,10245880,19000000,Oct 17 2008,R,NA,Summit Entertainment,Based on Book/Short Story,Comedy,Contemporary Fiction,NA,46,6.8,26920,2008
Syriana,50824620,95024620,15415665,50000000,Nov 23 2005,R,126,Warner Bros.,Based on Book/Short Story,Thriller/Suspense,Contemporary Fiction,NA,72,7.1,53265,2005
Suspect Zero,8712564,8712564,NA,27000000,Aug 27 2004,R,NA,Paramount Pictures,Original Screenplay,Thriller/Suspense,Contemporary Fiction,E. Elias Merhige,18,5.8,9804,2004
Tadpole,2891288,3200241,NA,150000,Jul 19 2002,PG-13,NA,Miramax,Original Screenplay,Comedy,Contemporary Fiction,Gary Winick,78,6.1,3800,2002
Take the Lead,34742066,65742066,21100670,30000000,Apr 01 2006,PG-13,NA,New Line,Based on Real Life Events,Drama,Dramatization,NA,44,6.5,10015,2006
Talladega Nights: The Ballad of Ricky Bobby,148213377,163013377,84838372,73000000,Aug 04 2006,PG-13,NA,Sony Pictures,Original Screenplay,Comedy,Contemporary Fiction,Adam McKay,72,6.4,50407,2006
The Talented Mr. Ripley,81292135,81292135,NA,40000000,Dec 25 1999,R,139,Paramount Pictures,Based on Book/Short Story,Drama,Historical Fiction,Anthony Minghella,82,7.2,63319,1999
Thunderbirds,6768055,28231444,NA,55000000,Jul 30 2004,PG,NA,Universal,Based on TV,Adventure,Science Fiction,Jonathan Frakes,19,4,5397,2004
The Best Man,34102780,34572780,NA,9000000,Oct 22 1999,R,120,Universal,Original Screenplay,Romantic Comedy,Contemporary Fiction,Malcolm D. Lee,71,6.1,2019,1999
The Cave,15007991,27147991,NA,30000000,Aug 26 2005,PG-13,NA,Sony/Screen Gems,Original Screenplay,Horror,Science Fiction,NA,12,4.8,13025,2005
This Christmas,49121934,49778552,17922664,13000000,Nov 21 2007,PG-13,118,Sony/Screen Gems,Original Screenplay,Drama,Contemporary Fiction,NA,55,5.4,3351,2007
The Core,31111260,74132631,NA,85000000,Mar 28 2003,PG-13,133,Paramount Pictures,Original Screenplay,Action,Science Fiction,Jon Amiel,42,5.3,27375,2003
The Thomas Crown Affair,69304264,124304264,NA,48000000,Aug 06 1999,R,111,MGM,Remake,Drama,Contemporary Fiction,John McTiernan,67,6.7,37692,1999
The Damned United,449865,4054204,NA,6400000,Oct 09 2009,R,97,Sony Pictures Classics,Based on Factual Book/Article,Drama,Dramatization,Tom Hooper,94,7.5,7560,2009
The Tale of Despereaux,50877145,88717945,26233404,60000000,Dec 19 2008,G,93,Universal,Based on Book/Short Story,Adventure,Kids Fiction,Sam Fell,55,6.1,7460,2008
Tea with Mussolini,14395874,14395874,NA,14000000,May 14 1999,PG,116,MGM,Based on Real Life Events,Drama,Dramatization,Franco Zeffirelli,67,6.7,5435,1999
Tears of the Sun,43632458,85632458,NA,75000000,Mar 07 2003,R,121,Sony Pictures,Original Screenplay,Action,Contemporary Fiction,Antoine Fuqua,34,6.4,34304,2003
Not Another Teen Movie,37882551,62401343,NA,15000000,Dec 14 2001,R,89,Sony Pictures,Original Screenplay,Comedy,Contemporary Fiction,NA,28,5.5,36678,2001
Bridge to Terabithia,82234139,136934139,41383048,25000000,Feb 16 2007,PG,95,Walt Disney Pictures,Based on Book/Short Story,Drama,Fantasy,NA,85,7.4,34482,2007
Transformers,319246193,708272592,290787166,151000000,Jul 03 2007,PG-13,140,Paramount Pictures,Based on TV,Action,Science Fiction,Michael Bay,57,7.3,197131,2007
Transformers: Revenge of the Fallen,402111870,836303693,217509899,210000000,Jun 24 2009,PG-13,149,Paramount Pictures,Based on TV,Action,Science Fiction,Michael Bay,20,6,95786,2009
The Greatest Game Ever Played,15331289,15425073,37687804,25000000,Sep 30 2005,PG,NA,Walt Disney Pictures,Based on Book/Short Story,Drama,Dramatization,Bill Paxton,62,7.3,7876,2005
The Ghost Writer,15541549,63241549,3354366,45000000,Feb 19 2010,PG-13,NA,Summit Entertainment,Based on Book/Short Story,Thriller/Suspense,Contemporary Fiction,Roman Polanski,84,7.6,22875,2010
The Beach,39778599,39778599,NA,50000000,Feb 11 2000,R,119,20th Century Fox,Based on Book/Short Story,Drama,Contemporary Fiction,Danny Boyle,19,4.5,229,2000
The Box,15051977,26341896,3907625,25000000,Nov 06 2009,PG-13,NA,Warner Bros.,Based on Book/Short Story,Thriller/Suspense,Fantasy,Richard Kelly,45,6.8,418,2009
They,12840842,12840842,NA,17000000,Nov 27 2002,PG-13,NA,Miramax/Dimension,Original Screenplay,Horror,Contemporary Fiction,NA,37,4.6,6550,2002
The Eye,31418697,56706727,12319404,12000000,Feb 01 2008,PG-13,NA,Lionsgate,Remake,Thriller/Suspense,Fantasy,NA,22,5.3,17304,2008
The Fog,29511112,37048526,NA,18000000,Oct 14 2005,PG-13,101,Sony Pictures,Remake,Horror,Contemporary Fiction,Rupert Wainwright,5,3.3,15760,2005
The Thin Red Line,36400491,36400491,NA,52000000,Dec 23 1998,R,166,20th Century Fox,Based on Book/Short Story,Drama,Dramatization,Terrence Malick,78,7.5,60966,1998
Thirteen Days,34566746,66554547,NA,80000000,Dec 25 2000,PG-13,145,New Line,Based on Real Life Events,Drama,Dramatization,Roger Donaldson,82,7.3,23578,2000
The Kid,69688384,69688384,NA,65000000,Jul 07 2000,PG,104,Walt Disney Pictures,Original Screenplay,Comedy,Contemporary Fiction,Jon Turteltaub,49,5.9,14927,2000
The Man,8330720,10393696,NA,20000000,Sep 09 2005,PG-13,NA,New Line,Original Screenplay,Comedy,Contemporary Fiction,Les Mayfield,11,5.4,9356,2005
House on Haunted Hill,40846082,40846082,NA,19000000,Oct 29 1999,R,96,Warner Bros.,Original Screenplay,Horror,Contemporary Fiction,William Malone,25,5.2,22795,1999
The One,43905746,43905746,NA,49000000,Nov 02 2001,PG-13,87,Sony Pictures,Original Screenplay,Action,Science Fiction,James Wong,13,5.6,24416,2001
Thr3e,1008849,1060418,NA,2400000,Jan 05 2007,PG-13,NA,The Bigger Picture,Based on Book/Short Story,Thriller/Suspense,Contemporary Fiction,NA,5,5,2825,2007
Three to Tango,10570375,10570375,NA,20000000,Oct 22 1999,PG-13,NA,Warner Bros.,Original Screenplay,Romantic Comedy,Contemporary Fiction,NA,28,5.8,11148,1999
The Thirteenth Floor,11810854,11810854,NA,16000000,May 28 1999,R,NA,Sony Pictures,Based on Book/Short Story,Thriller/Suspense,Science Fiction,NA,28,6.7,19939,1999
The 13th Warrior,32698899,61698899,NA,125000000,Aug 27 1999,R,103,Walt Disney Pictures,Based on Book/Short Story,Action,Fantasy,John McTiernan,33,6.3,36151,1999
The Tuxedo,50586000,50586000,NA,60000000,Sep 27 2002,PG-13,99,Dreamworks SKG,Original Screenplay,Action,Science Fiction,NA,22,5,19370,2002
The Tigger Movie,4554533,55159800,NA,20000000,Feb 11 2000,G,77,Walt Disney Pictures,Spin-Off,Adventure,Kids Fiction,NA,61,6,2986,2000
Timeline,19480739,26703184,NA,80000000,Nov 26 2003,PG-13,NA,Paramount Pictures,Based on Book/Short Story,Adventure,Science Fiction,Richard Donner,11,5.3,19318,2003
Titan A.E.,22751979,36751979,NA,75000000,Jun 16 2000,PG,95,20th Century Fox,Original Screenplay,Adventure,Science Fiction,Don Bluth,51,6.4,22286,2000
Titanic,600788188,1842879955,NA,200000000,Dec 19 1997,PG-13,194,Paramount Pictures,Original Screenplay,Thriller/Suspense,Historical Fiction,James Cameron,82,7.4,240732,1997
The Kids Are All Right,20553799,20553799,NA,4000000,Jul 09 2010,R,NA,Focus Features,Original Screenplay,Comedy,Contemporary Fiction,NA,96,7.8,3093,2010
The League of Extraordinary Gentlemen,66465204,179265204,NA,78000000,Jul 11 2003,PG-13,110,20th Century Fox,Based on Comic/Graphic Novel,Adventure,Super Hero,Stephen Norrington,17,5.5,50710,2003
The Time Machine,56684819,98983590,NA,80000000,Mar 08 2002,PG-13,96,Dreamworks SKG,Based on Book/Short Story,Adventure,Science Fiction,NA,28,5.6,32465,2002
Tomcats,13558739,13558739,NA,11000000,Mar 30 2001,R,NA,Sony Pictures,Original Screenplay,Comedy,Contemporary Fiction,NA,15,4.9,9505,2001
The Mist,25593755,54777490,29059367,13000000,Nov 21 2007,R,127,MGM,Based on Book/Short Story,Horror,Science Fiction,Frank Darabont,73,7.4,76830,2007
Tomorrow Never Dies,125304276,339504276,NA,110000000,Dec 19 1997,PG-13,119,MGM,Based on Book/Short Story,Action,Contemporary Fiction,Roger Spottiswoode,55,6.4,46650,1997
The Royal Tenenbaums,52353636,71430876,NA,28000000,Dec 14 2001,R,110,Walt Disney Pictures,Original Screenplay,Black Comedy,Contemporary Fiction,Wes Anderson,79,7.6,82349,2001
The Day After Tomorrow,186740799,544272402,NA,125000000,May 28 2004,PG-13,124,20th Century Fox,Original Screenplay,Adventure,Science Fiction,Roland Emmerich,46,6.3,92241,2004
Torque,21176322,46176322,NA,40000000,Jan 16 2004,PG-13,NA,Warner Bros.,Original Screenplay,Action,Contemporary Fiction,NA,23,3.5,12986,2004
The Others,96522687,209947037,NA,17000000,Aug 10 2001,PG-13,104,Miramax,Original Screenplay,Horror,Historical Fiction,NA,84,7.8,86091,2001
The Town,30980607,33180607,NA,37000000,Sep 17 2010,R,123,Warner Bros.,Based on Book/Short Story,Drama,Contemporary Fiction,Ben Affleck,84,8.7,493,2010
Toy Story 2,245852179,484966906,NA,90000000,Nov 19 1999,G,92,Walt Disney Pictures,Original Screenplay,Adventure,Kids Fiction,John Lasseter,100,8,119357,1999
Toy Story 3,410640665,1046340665,NA,200000000,Jun 18 2010,G,102,Walt Disney Pictures,Original Screenplay,Adventure,Kids Fiction,NA,99,8.9,67380,2010
Treasure Planet,38120554,91800000,NA,100000000,Nov 27 2002,PG,96,Walt Disney Pictures,Based on Book/Short Story,Adventure,Kids Fiction,NA,69,6.6,12099,2002
Traffic,124107476,208300000,NA,48000000,Dec 27 2000,R,147,USA Films,Based on TV,Drama,Contemporary Fiction,Steven Soderbergh,91,7.8,85759,2000
Thomas and the Magic Railroad,15911332,15911332,NA,19000000,Jul 26 2000,G,NA,Destination Films,Based on Book/Short Story,Adventure,Fantasy,NA,19,2.7,1613,2000
Training Day,76261036,104505362,NA,45000000,Oct 05 2001,R,122,Warner Bros.,Original Screenplay,Drama,Contemporary Fiction,Antoine Fuqua,72,7.6,82057,2001
Traitor,23530831,27664173,13547082,22000000,Aug 27 2008,PG-13,113,Overture Films,Original Screenplay,Thriller/Suspense,Contemporary Fiction,NA,61,7.1,22468,2008
Trapped,6916869,6916869,NA,30000000,Sep 20 2002,R,NA,Sony Pictures,Based on Book/Short Story,Thriller/Suspense,Contemporary Fiction,NA,18,6,10685,2002
The Ring,129094024,249094024,NA,48000000,Oct 18 2002,PG-13,115,Dreamworks SKG,Remake,Horror,Contemporary Fiction,Gore Verbinski,71,5.5,589,2002
Trippin',9017070,9017070,NA,3000000,May 12 1999,R,NA,October Films,Original Screenplay,Comedy,Contemporary Fiction,NA,8,4.6,673,1999
Star Trek,257730019,385680447,98317480,140000000,May 08 2009,PG-13,NA,Paramount Pictures,Based on TV,Adventure,Science Fiction,J.J. Abrams,94,8.2,134187,2009
The Terminal,77073959,218673959,NA,75000000,Jun 18 2004,PG-13,128,Dreamworks SKG,Based on Real Life Events,Drama,Dramatization,Steven Spielberg,60,7.1,79803,2004
Transamerica,9015303,15151744,3927958,1000000,Dec 02 2005,R,NA,Weinstein Co.,Original Screenplay,Drama,Contemporary Fiction,NA,76,7.6,19343,2005
The Transporter,25296447,43928932,NA,21000000,Oct 11 2002,PG-13,92,20th Century Fox,Original Screenplay,Action,Contemporary Fiction,Corey Yuen,53,6.6,51005,2002
The Road,8114270,23914270,6599387,25000000,Nov 25 2009,R,NA,Weinstein Co.,Based on Book/Short Story,Drama,Science Fiction,NA,75,7.5,39124,2009
Tropic Thunder,110461307,188163455,50387300,90000000,Aug 13 2008,R,106,Paramount Pictures,Original Screenplay,Comedy,Contemporary Fiction,Ben Stiller,83,7.2,104839,2008
Troy,133298577,497398577,NA,150000000,May 14 2004,R,163,Warner Bros.,Based on Book/Short Story,Action,Historical Fiction,Wolfgang Petersen,54,7,129575,2004
xXx,141930000,267200000,NA,70000000,Aug 09 2002,PG-13,124,Sony Pictures,Original Screenplay,Action,Contemporary Fiction,Rob Cohen,48,5.5,52636,2002
Ta Ra Rum Pum,872643,9443864,NA,7400000,Apr 27 2007,Not Rated,NA,Yash Raj Films,Original Screenplay,Comedy,Contemporary Fiction,NA,67,5.1,1051,2007
The Truman Show,125618201,248400000,NA,60000000,Jun 05 1998,PG,102,Paramount Pictures,Original Screenplay,Drama,Contemporary Fiction,Peter Weir,95,8,156346,1998
Trust the Man,1530535,2548378,NA,9000000,Aug 18 2006,R,NA,Fox Searchlight,Original Screenplay,Comedy,Contemporary Fiction,NA,27,5.8,5262,2006
Where the Truth Lies,872142,1415656,NA,25000000,Oct 14 2005,Not Rated,NA,ThinkFilm,Based on Book/Short Story,Drama,NA,Atom Egoyan,41,6.6,8951,2005
Tarzan,171091819,448191819,NA,145000000,Jun 16 1999,G,88,Walt Disney Pictures,Based on Book/Short Story,Adventure,Historical Fiction,Kevin Lima,88,6.9,26871,1999
The Time Traveler's Wife,63414846,98666635,19814283,39000000,Aug 14 2009,PG-13,NA,Warner Bros.,Based on Book/Short Story,Drama,Science Fiction,NA,37,7.1,23908,2009
Tuck Everlasting,19161999,19344615,NA,15000000,Oct 11 2002,PG,NA,Walt Disney Pictures,Based on Book/Short Story,Drama,Kids Fiction,Jay Russell,61,6.5,6639,2002
Thumbsucker,1328679,1919197,NA,4000000,Sep 16 2005,R,NA,Sony Pictures Classics,Based on Book/Short Story,Comedy,Contemporary Fiction,NA,70,6.7,12109,2005
Turbulence,11532774,11532774,NA,55000000,Jan 10 1997,R,NA,MGM,Original Screenplay,Thriller/Suspense,Contemporary Fiction,NA,17,4.5,5147,1997
The Wash,10097096,10097096,NA,4000000,Nov 14 2001,R,NA,Lionsgate,Original Screenplay,Comedy,Contemporary Fiction,NA,8,3.6,3095,2001
The Wild,37384046,99384046,43063958,80000000,Apr 14 2006,G,NA,Walt Disney Pictures,Original Screenplay,Adventure,Contemporary Fiction,NA,19,5.4,8498,2006
Twilight,15055091,15055091,NA,20000000,Mar 06 1998,R,NA,Paramount Pictures,Original Screenplay,Drama,Contemporary Fiction,NA,60,6.1,4840,1998
Twisted,25195050,40119848,NA,50000000,Feb 27 2004,R,97,Paramount Pictures,Original Screenplay,Thriller/Suspense,Contemporary Fiction,Philip Kaufman,2,4.8,83,2004
Twilight,192769854,396439854,193591463,37000000,Nov 21 2008,PG-13,120,Summit Entertainment,Based on Book/Short Story,Drama,Fantasy,Catherine Hardwicke,50,6.1,4840,2008
Town & Country,6712451,10364769,NA,105000000,Apr 27 2001,R,NA,New Line,Original Screenplay,Romantic Comedy,Contemporary Fiction,Peter Chelsom,13,4.4,2889,2001
200 Cigarettes,6852450,6852450,NA,6000000,Feb 26 1999,R,NA,Paramount Pictures,Original Screenplay,Romantic Comedy,Contemporary Fiction,NA,30,5.4,8645,1999
The Texas Chainsaw Massacre,80571655,107071655,NA,9000000,Oct 17 2003,R,98,New Line,Remake,Horror,Historical Fiction,NA,36,6.1,39172,2003
U-571,77086030,127630030,NA,62000000,Apr 21 2000,PG-13,116,Universal,Original Screenplay,Action,Historical Fiction,Jonathan Mostow,68,6.4,32528,2000
Undercover Brother,38230435,38230435,NA,25000000,May 31 2002,PG-13,86,Universal,Original Screenplay,Comedy,Contemporary Fiction,Malcolm D. Lee,76,5.7,14237,2002
The Ugly Truth,88915214,203115214,33619971,38000000,Jul 24 2009,R,NA,Sony Pictures,Original Screenplay,Romantic Comedy,Contemporary Fiction,Robert Luketic,14,6.4,27888,2009
Ultraviolet,18522064,20722064,14141779,30000000,Mar 03 2006,PG-13,NA,Sony/Screen Gems,Original Screenplay,Action,Science Fiction,NA,9,4,28547,2006
Unbreakable,94999143,248099143,NA,73243106,Nov 22 2000,PG-13,107,Walt Disney Pictures,Original Screenplay,Thriller/Suspense,Super Hero,M. Night Shyamalan,68,7.3,97324,2000
The Unborn,42670410,77208315,11045109,16000000,Jan 09 2009,PG-13,NA,Universal,Original Screenplay,Horror,Fantasy,David Goyer,11,4.5,15331,2009
Underworld,51970690,95708457,NA,22000000,Sep 19 2003,R,121,Sony Pictures,Original Screenplay,Action,Contemporary Fiction,Len Wiseman,30,6.7,65690,2003
Undiscovered,1069318,1069318,NA,9000000,Aug 26 2005,PG-13,NA,Lionsgate,Original Screenplay,Romantic Comedy,Contemporary Fiction,NA,8,3.7,1981,2005
Undisputed,12398628,12398628,NA,20000000,Aug 23 2002,R,NA,Miramax,Original Screenplay,Drama,Contemporary Fiction,Walter Hill,49,5.8,6837,2002
Underworld: Evolution,62318875,111318875,47003121,45000000,Jan 20 2006,R,NA,Sony/Screen Gems,Original Screenplay,Action,Fantasy,Len Wiseman,15,6.6,48551,2006
An Unfinished Life,8535575,18535575,21172686,30000000,Sep 09 2005,PG-13,NA,Miramax,Original Screenplay,Drama,Contemporary Fiction,Lasse Hallstrom,53,7.1,11770,2005
Unfaithful,52752475,119114494,NA,50000000,May 08 2002,R,123,20th Century Fox,Remake,Drama,Contemporary Fiction,Adrian Lyne,48,6.6,23998,2002
NA,26403,3080493,NA,3700000,Nov 03 2006,Not Rated,85,IFC Films,Original Screenplay,Thriller/Suspense,Contemporary Fiction,NA,39,6.6,11986,2006
Untraceable,28687835,52649951,19710582,35000000,Jan 25 2008,R,NA,Sony/Screen Gems,Original Screenplay,Thriller/Suspense,Contemporary Fiction,NA,15,6.1,21922,2008
Up,293004164,731304609,178459329,175000000,May 29 2009,PG,96,Walt Disney Pictures,Original Screenplay,Adventure,Kids Fiction,Pete Docter,98,8.4,110491,2009
Urban Legend,38116707,72571864,NA,14000000,Sep 25 1998,R,100,Sony Pictures,Original Screenplay,Horror,Contemporary Fiction,NA,21,5.2,19113,1998
Urban Legends: Final Cut,21468807,38574362,NA,15000000,Sep 22 2000,R,98,Sony Pictures,Original Screenplay,Horror,Contemporary Fiction,NA,9,3.7,7609,2000
Urbania,1032075,1032075,NA,225000,Sep 15 2000,R,NA,Lionsgate,Based on Play,Drama,Contemporary Fiction,NA,73,6.7,2218,2000
Valkyrie,83077470,198686497,26715008,75000000,Dec 25 2008,PG-13,120,United Artists,Based on Real Life Events,Thriller/Suspense,Dramatization,Bryan Singer,61,7.3,54343,2008
Valiant,19478106,61746888,NA,35000000,Aug 19 2005,G,NA,Walt Disney Pictures,Original Screenplay,Adventure,Kids Fiction,NA,30,5.6,7158,2005
Valentine,20384136,20384136,NA,10000000,Feb 02 2001,R,96,Warner Bros.,Based on Book/Short Story,Horror,Contemporary Fiction,NA,9,4.3,11435,2001
Cirque du Freak: The Vampire's Assistant,14046595,34372469,6377527,40000000,Oct 23 2009,PG-13,NA,Universal,Based on Book/Short Story,Action,Fantasy,Paul Weitz,37,6.1,9539,2009
The Legend of Bagger Vance,30695227,39235486,NA,60000000,Nov 03 2000,PG-13,126,Dreamworks SKG,Based on Book/Short Story,Drama,Historical Fiction,Robert Redford,43,6.4,21995,2000
In the Valley of Elah,6777741,24489150,3182650,23000000,Sep 14 2007,R,120,Warner Bros.,Based on Real Life Events,Drama,Dramatization,Paul Haggis,73,7.4,27529,2007
Venom,881745,881745,NA,25000000,Sep 16 2005,R,NA,Miramax/Dimension,Original Screenplay,Horror,Contemporary Fiction,NA,10,4.6,4220,2005
Vanity Fair,16123851,19123851,NA,23000000,Sep 01 2004,PG-13,NA,Focus Features,Based on Book/Short Story,Drama,Historical Fiction,Mira Nair,50,6.2,9343,2004
V for Vendetta,70511035,132511035,58723721,50000000,Mar 17 2006,R,NA,Warner Bros.,Based on Comic/Graphic Novel,Action,Science Fiction,James McTeigue,73,8.2,224636,2006
Van Helsing,120150546,300150546,NA,170000000,May 07 2004,PG-13,132,Universal,Original Screenplay,Action,Historical Fiction,Stephen Sommers,22,5.5,68846,2004
The Village,114197520,260197520,NA,71682975,Jul 30 2004,PG-13,108,Walt Disney Pictures,Original Screenplay,Thriller/Suspense,Contemporary Fiction,M. Night Shyamalan,42,6.6,88928,2004
Virus,14010690,30626690,NA,75000000,Jan 15 1999,R,NA,Universal,Based on Comic/Graphic Novel,Action,Science Fiction,NA,9,4.5,10487,1999
The Visitor,9427026,16194905,NA,4000000,Apr 11 2008,PG-13,NA,Overture Films,Original Screenplay,Comedy,Contemporary Fiction,NA,90,6.8,318,2008
Vertical Limit,68473360,213500000,NA,75000000,Dec 08 2000,PG-13,124,Sony Pictures,Original Screenplay,Action,Contemporary Fiction,Martin Campbell,47,5.6,24294,2000
Vampires,20268825,20268825,NA,20000000,Oct 30 1998,R,108,Sony Pictures,Based on Book/Short Story,Horror,Fantasy,John Carpenter,33,6.8,54,1998
Vanilla Sky,100614858,202726605,NA,70000000,Dec 14 2001,R,136,Paramount Pictures,Remake,Thriller/Suspense,Contemporary Fiction,Cameron Crowe,39,6.9,87820,2001
Volcano,47546796,120100000,NA,90000000,Apr 25 1997,PG-13,NA,20th Century Fox,Original Screenplay,Action,Contemporary Fiction,Mick Jackson,42,5.2,21313,1997
Volver,12899867,85599867,NA,9400000,Nov 03 2006,R,NA,Sony Pictures Classics,Original Screenplay,Comedy,Contemporary Fiction,Pedro Almodovar,92,4.4,288,2006
The Flintstones in Viva Rock Vegas,35231365,59431365,NA,58000000,Apr 28 2000,PG,90,Universal,Based on TV,Comedy,Kids Fiction,Brian Levant,24,3.3,5491,2000
Varsity Blues,52894169,54294169,NA,16000000,Jan 15 1999,R,104,Paramount Pictures,Original Screenplay,Drama,Contemporary Fiction,Brian Robbins,39,6,18066,1999
Valentine's Day,110485654,215771698,17250458,52000000,Feb 12 2010,PG-13,NA,Warner Bros.,Original Screenplay,Romantic Comedy,Contemporary Fiction,Garry Marshall,17,5.7,17599,2010
The Wackness,2077046,2635650,NA,6000000,Jul 03 2008,R,NA,Sony Pictures Classics,Original Screenplay,Comedy,Historical Fiction,NA,69,7.1,13257,2008
Wag the Dog,43057470,64252038,NA,15000000,Dec 25 1997,R,120,New Line,Based on Book/Short Story,Drama,Contemporary Fiction,Barry Levinson,84,7,36092,1997
WALL-E,223808164,532743103,142201722,180000000,Jun 27 2008,G,97,Walt Disney Pictures,Original Screenplay,Comedy,Kids Fiction,Andrew Stanton,96,8.5,182257,2008
Watchmen,107509799,184068357,52112827,138000000,Mar 06 2009,R,NA,Warner Bros.,Based on Comic/Graphic Novel,Action,Super Hero,Zack Snyder,64,7.8,132250,2009
Waitress,19097550,22202180,23127549,1500000,May 02 2007,PG-13,NA,Fox Searchlight,Original Screenplay,Romantic Comedy,Contemporary Fiction,Adrienne Shelly,89,7.2,20384,2007
Winter's Bone,5951693,5951693,NA,2000000,Jun 11 2010,R,100,Roadside Attractions,NA,Drama,NA,NA,95,8.2,1704,2010
Wonder Boys,19389454,33422485,NA,35000000,Feb 23 2000,R,111,Paramount Pictures,Based on Book/Short Story,Comedy,Contemporary Fiction,Curtis Hanson,81,7.5,31572,2000
White Chicks,69148997,111448997,NA,20000000,Jun 23 2004,PG-13,109,Sony Pictures,Original Screenplay,Comedy,Contemporary Fiction,Keenen Ivory Wayans,15,5,25970,2004
The Wedding Planner,60400856,94728529,NA,28000000,Jan 26 2001,PG-13,103,Sony Pictures,Original Screenplay,Romantic Comedy,Contemporary Fiction,Adam Shankman,16,4.8,18717,2001
Wonderland,1060512,1060512,NA,5500000,Oct 03 2003,R,NA,Lionsgate,Based on Real Life Events,Drama,Dramatization,NA,35,6.6,11966,2003
Taking Woodstock,7460204,10061080,NA,29000000,Aug 26 2009,R,120,Focus Features,Based on Book/Short Story,Drama,Dramatization,Ang Lee,48,6.8,8778,2009
The Wedding Date,31726995,47175038,NA,15000000,Feb 04 2005,PG-13,NA,Universal,Based on Book/Short Story,Romantic Comedy,Contemporary Fiction,NA,10,5.5,12205,2005
Tumbleweeds,1350248,1788168,NA,312000,Nov 24 1999,PG-13,NA,Fine Line,Based on Real Life Events,Drama,Dramatization,NA,84,6.4,2152,1999
We Own the Night,28563179,54700285,22557036,28000000,Oct 12 2007,R,117,Sony Pictures,Original Screenplay,Drama,Contemporary Fiction,James Gray,56,7,38163,2007
We Were Soldiers,78120196,114658262,NA,70000000,Mar 01 2002,R,138,Paramount Pictures,Based on Book/Short Story,Drama,Dramatization,NA,62,6.9,42580,2002
The World's Fastest Indian,5128124,16509706,7272519,25000000,Dec 07 2005,PG-13,NA,Magnolia Pictures,Based on Real Life Events,Drama,Dramatization,Roger Donaldson,82,7.9,19687,2005
What a Girl Wants,35990505,35990505,NA,25000000,Apr 04 2003,PG,105,Warner Bros.,Remake,Comedy,Contemporary Fiction,Dennie Gordon,34,5.7,12561,2003
Whale Rider,20779666,38833352,NA,4300000,Jun 06 2003,PG-13,NA,Palm Pictures,Based on Book/Short Story,Drama,Contemporary Fiction,NA,90,7.7,21814,2003
Walk Hard: The Dewey Cox Story,18317151,20575121,15734125,35000000,Dec 21 2007,R,NA,Sony Pictures,Original Screenplay,Comedy,Historical Fiction,NA,74,6.7,28032,2007
Where the Heart Is,33771174,40862054,NA,15000000,Apr 28 2000,PG-13,120,20th Century Fox,Based on Book/Short Story,Drama,Contemporary Fiction,NA,34,6.4,13302,2000
Whipped,4142507,4142507,NA,3000000,Sep 01 2000,R,NA,Destination Films,Original Screenplay,Comedy,Contemporary Fiction,NA,13,4.2,2973,2000
Whip It,13043363,13043363,6310163,15000000,Oct 02 2009,PG-13,NA,Fox Searchlight,Based on Book/Short Story,Comedy,Contemporary Fiction,Drew Barrymore,84,7.1,14068,2009
Welcome Home Roscoe Jenkins,42436517,43607627,17066717,27500000,Feb 08 2008,PG-13,114,Universal,Original Screenplay,Comedy,Contemporary Fiction,Malcolm D. Lee,23,4.5,5700,2008
When a Stranger Calls,47860214,66966987,13084600,15000000,Feb 03 2006,PG-13,NA,Sony/Screen Gems,Remake,Horror,Contemporary Fiction,Simon West,9,4.7,16505,2006
What Dreams May Come,55485043,71485043,NA,80000000,Oct 02 1998,PG-13,113,Polygram,Based on Book/Short Story,Drama,Fantasy,NA,55,6.6,30486,1998
The White Countess,1669971,2814566,NA,16000000,Dec 21 2005,PG-13,135,Sony Pictures Classics,Original Screenplay,Drama,Historical Fiction,James Ivory,51,6.5,2855,2005
Wicker Park,12831121,13400080,NA,30000000,Sep 03 2004,PG-13,NA,MGM,Remake,Thriller/Suspense,Contemporary Fiction,Paul McGuigan,24,6.9,18987,2004
Where the Wild Things Are,77233467,99123656,27984751,100000000,Oct 16 2009,PG,100,Warner Bros.,Based on Book/Short Story,Adventure,Fantasy,Spike Jonze,73,7.2,30669,2009
Wild Things,29795299,55576699,NA,20000000,Mar 20 1998,R,108,Sony Pictures,Original Screenplay,Thriller/Suspense,Contemporary Fiction,NA,64,6.6,40110,1998
Wimbledon,16862585,41862585,NA,35000000,Sep 17 2004,PG-13,NA,Universal,Original Screenplay,Romantic Comedy,Contemporary Fiction,NA,60,6.3,21996,2004
Windtalkers,40914068,77628265,NA,115000000,Jun 14 2002,R,134,MGM,Original Screenplay,Action,Historical Fiction,John Woo,32,5.8,26421,2002
Because of Winn-Dixie,32647042,33589427,NA,15000000,Feb 18 2005,PG,NA,20th Century Fox,Based on Book/Short Story,Comedy,Contemporary Fiction,Wayne Wang,53,6.1,3720,2005
Wing Commander,11578022,11578022,NA,30000000,Mar 12 1999,PG-13,NA,20th Century Fox,Based on Game,Action,Science Fiction,NA,11,3.7,9460,1999
Without Limits,780326,780326,NA,25000000,Sep 11 1998,PG-13,NA,Warner Bros.,Based on Real Life Events,Drama,Dramatization,NA,78,6.9,3369,1998
What Lies Beneath,155464351,288693989,NA,90000000,Jul 21 2000,PG-13,130,Dreamworks SKG,Original Screenplay,Thriller/Suspense,Contemporary Fiction,Robert Zemeckis,45,6.5,45633,2000
Walk the Line,119519402,184319402,123216687,29000000,Nov 18 2005,PG-13,80,20th Century Fox,Based on Real Life Events,Drama,Dramatization,James Mangold,82,7.9,85235,2005
A Walk to Remember,41227069,46060915,NA,11000000,Jan 25 2002,PG,102,Warner Bros.,Based on Book/Short Story,Drama,Contemporary Fiction,Adam Shankman,28,7.1,38045,2002
Willard,6882696,6882696,NA,20000000,Mar 14 2003,PG-13,NA,New Line,Remake,Horror,Contemporary Fiction,NA,65,6.2,7702,2003
Wild Wild West,113805681,222105681,NA,175000000,Jun 30 1999,PG-13,107,Warner Bros.,Based on TV,Adventure,Historical Fiction,Barry Sonnenfeld,21,4.3,54183,1999
White Noise 2: The Light,0,8243567,NA,10000000,Jan 08 2008,PG-13,NA,Focus Features,Original Screenplay,Horror,Fantasy,NA,86,5.9,5647,2008
Wanted,134508551,340934768,71092823,75000000,Jun 27 2008,R,110,Universal,Based on Comic/Graphic Novel,Action,Science Fiction,Timur Bekmambetov,71,6.4,1089,2008
Woman on Top,5018450,10192613,NA,8000000,Sep 22 2000,R,NA,Fox Searchlight,Original Screenplay,Romantic Comedy,Contemporary Fiction,NA,35,4.9,4743,2000
The Women,26902075,50042410,10057074,16000000,Sep 12 2008,PG-13,114,Picturehouse,Original Screenplay,Comedy,Contemporary Fiction,NA,13,7.9,5519,2008
Woo,8064972,8064972,NA,13000000,May 08 1998,R,NA,New Line,Original Screenplay,Romantic Comedy,Contemporary Fiction,NA,5,3.4,982,1998
The Wood,25059640,25059640,NA,6000000,Jul 16 1999,R,106,Paramount Pictures,Original Screenplay,Comedy,Contemporary Fiction,NA,61,6.1,3224,1999
Without a Paddle,58156435,65121280,NA,30000000,Aug 20 2004,PG-13,95,Paramount Pictures,Based on Book/Short Story,Comedy,Contemporary Fiction,NA,15,5.7,17207,2004
What's the Worst That Could Happen?,32267774,38462071,NA,30000000,Jun 01 2001,PG-13,98,MGM,Original Screenplay,Comedy,Contemporary Fiction,NA,10,5,6727,2001
Winter Passing,107492,113783,NA,3500000,Feb 17 2006,R,NA,Focus Features,Original Screenplay,Drama,Contemporary Fiction,NA,40,6.4,4360,2006
What Planet Are You From?,6291602,6291602,NA,50000000,Mar 03 2000,R,NA,Sony Pictures,Original Screenplay,Comedy,Contemporary Fiction,Mike Nichols,42,5.4,5304,2000
The Wrestler,26236603,43236603,11912450,6000000,Dec 17 2008,R,109,Fox Searchlight,Original Screenplay,Drama,Contemporary Fiction,Darren Aronofsky,98,8.2,93301,2008
Walking Tall,46213824,47313824,NA,56000000,Apr 02 2004,PG-13,87,MGM,Remake,Action,Contemporary Fiction,Kevin Bray,25,6,20517,2004
World Trade Center,70278893,163278893,36877248,65000000,Aug 09 2006,PG-13,NA,Paramount Pictures,Based on Real Life Events,Drama,Dramatization,Oliver Stone,69,6.2,34341,2006
The Watcher,28946615,47267829,NA,33000000,Sep 08 2000,R,97,Universal,Original Screenplay,Thriller/Suspense,Contemporary Fiction,NA,10,3.7,959,2000
The Weather Man,12482775,15466961,16632857,20000000,Oct 28 2005,R,NA,Paramount Pictures,Original Screenplay,Drama,Contemporary Fiction,Gore Verbinski,58,6.9,35394,2005
Sky Captain and the World of Tomorrow,37760080,49730854,NA,70000000,Sep 17 2004,PG,106,Paramount Pictures,Original Screenplay,Adventure,Science Fiction,NA,72,6.3,40281,2004
Whiteout,10275638,12254746,3231673,35000000,Sep 11 2009,R,NA,Warner Bros.,Based on Comic/Graphic Novel,Thriller/Suspense,Contemporary Fiction,Dominic Sena,7,5.3,10044,2009
The Waterboy,161491646,190191646,NA,23000000,Nov 06 1998,PG-13,86,Walt Disney Pictures,Original Screenplay,Comedy,Contemporary Fiction,Frank Coraci,32,5.7,43251,1998
Wrong Turn,15417771,28649556,NA,10000000,May 30 2003,R,NA,20th Century Fox,Original Screenplay,Horror,Contemporary Fiction,NA,40,5.8,119,2003
What Women Want,182805123,372100000,NA,65000000,Dec 15 2000,PG-13,127,Paramount Pictures,Original Screenplay,Romantic Comedy,Contemporary Fiction,Nancy Meyers,53,6.3,54525,2000
The Way of the Gun,6047856,13061935,NA,9000000,Sep 08 2000,R,NA,Artisan,Original Screenplay,Action,Contemporary Fiction,NA,48,6.5,17513,2000
Extraordinary Measures,12482741,12697741,5267433,31000000,Jan 22 2010,PG,NA,CBS Films,Based on Real Life Events,Drama,Dramatization,Tom Vaughan,27,6.4,3770,2010
X-Men,157299717,334627820,NA,75000000,Jul 14 2000,PG-13,104,20th Century Fox,Based on Comic/Graphic Novel,Action,Super Hero,Bryan Singer,82,7.4,120706,2000
X-Men: The Last Stand,234362462,459359555,103555667,150000000,May 26 2006,PG-13,NA,20th Century Fox,Based on Comic/Graphic Novel,Action,Super Hero,Brett Ratner,57,6.9,109125,2006
The Expendables,101384023,240484023,NA,82000000,Aug 13 2010,(Missing),103,Lionsgate,Original Screenplay,Action,Contemporary Fiction,Sylvester Stallone,40,7.1,42427,2010
The Yards,882710,2282710,NA,20000000,Oct 20 2000,R,NA,Miramax,NA,Drama,NA,James Gray,64,6.3,8784,2000
You Can Count on Me,9180275,11005992,NA,1200000,Nov 10 2000,R,NA,Paramount Vantage,Original Screenplay,Drama,Contemporary Fiction,NA,95,7.7,14261,2000
Year One,43337279,57604723,14813995,60000000,Jun 19 2009,PG-13,97,Sony Pictures,Original Screenplay,Comedy,Historical Fiction,Harold Ramis,14,5,23091,2009
Yes Man,97690976,225990976,26601131,50000000,Dec 19 2008,PG-13,104,Warner Bros.,Based on Book/Short Story,Comedy,Contemporary Fiction,Peyton Reed,43,7,62150,2008
You Kill Me,2426851,2426851,NA,4000000,Jun 22 2007,R,92,IFC Films,Original Screenplay,Black Comedy,Contemporary Fiction,John Dahl,78,6.7,9498,2007
You've Got Mail,115821495,250800000,NA,65000000,Dec 18 1998,PG,119,Warner Bros.,Based on Play,Drama,Contemporary Fiction,Nora Ephron,68,6.2,52587,1998
The Young Victoria,11001272,11001272,3273039,35000000,Dec 18 2009,PG,NA,Apparition,Based on Real Life Events,Drama,Dramatization,NA,76,7.2,8408,2009
Zero Effect,2080693,2080693,NA,5000000,Jan 30 1998,R,NA,Sony Pictures,Original Screenplay,Comedy,Contemporary Fiction,NA,66,6.8,8489,1998
Zoolander,45172250,60780981,NA,28000000,Sep 28 2001,PG-13,89,Paramount Pictures,Original Screenplay,Comedy,Contemporary Fiction,Ben Stiller,62,6.4,69296,2001
Zombieland,75590286,98690286,28281155,23600000,Oct 02 2009,R,87,Sony Pictures,Original Screenplay,Comedy,Fantasy,Ruben Fleischer,89,7.8,81629,2009
Zack and Miri Make a Porno,31452765,36851125,21240321,24000000,Oct 31 2008,R,101,Weinstein Co.,Original Screenplay,Comedy,Contemporary Fiction,Kevin Smith,65,7,55687,2008
Zoom,11989328,12506188,6679409,35000000,Aug 11 2006,PG,NA,Sony Pictures,Based on Comic/Graphic Novel,Adventure,Super Hero,Peter Hewitt,3,3.4,7424,2006
The Legend of Zorro,45575336,141475336,NA,80000000,Oct 28 2005,PG,129,Sony Pictures,Remake,Adventure,Historical Fiction,Martin Campbell,26,5.7,21161,2005
The Mask of Zorro,93828745,233700000,NA,65000000,Jul 17 1998,PG-13,136,Sony Pictures,Remake,Adventure,Historical Fiction,Martin Campbell,82,6.7,4789,1998
