text,section,UMAP1,UMAP2
"Microsoft touts 'Sender ID' to fight spam, scams. Proposed tech standard would verify senders' IP addresses to cut malicious phishing and annoying Viagra pitches.",Sci/Tech,2.5343179746727635,-3.0376686494918794
"Despite Setbacks, Stahl Maintains Healthy Dose of Optimism. At 23, pitcher Richard Stahl knows there's still time to impress the Baltimore Orioles' front office. He just needs to stay on the mound long enough.",Sports,1.5053039833168675,-0.21199936830720595
He #146;s not short on confidence. It's a case he could have made more convincingly with something other than a half-swing tapper to the pitcher for the final out of yet another in a seemingly endless series of one-run losses for the Red Sox. But Orlando Cabrera wants fans to believe this: For all the futile swings he has made in his two-week incarnation as a ...,Sports,0.49211800538107653,-1.7741374414535491
Cubs Pitcher Kerry Wood Loses Appeal (AP). AP - Cubs pitcher Kerry Wood's appeal was rejected Monday and he will begin serving his five-game suspension Tuesday.,Sports,6.809638862238376,-0.5048538189502685
"Giants' Nen Still Hoping to Pitch in 2005 (AP). AP - It's approaching two years since Robb Nen last pitched in the majors, but he still believes he can do it again #151; despite his troublesome right shoulder.",Sports,-12.795415277852566,3.1602840978530913
"Athletics Win to Hang on to AL West Lead (AP). AP - Mark Redman pitched eight innings of six-hit ball, and the Oakland Athletics used a three-run fifth inning to beat the Baltimore Orioles 3-1 on Monday night.",Sports,3.515505348072498,3.4258006173996
"A's Quiet Orioles. The streaking O's lose for only the third time in 14 games as A's starting pitcher Mark Redman pitches eight strong innings to tame the Orioles, 3-1, on Monday night.",Sports,1.9878766580681493,0.8399681407836945
"This Date in Baseball - Aug. 17 (AP). AP - 1904 #151; Jesse Tannehill of the Boston Red Sox pitched a no-hitter, beating the Chicago White Sox 6-0.",Sports,4.242132310495823,2.0147955972579985
AL Wrap: Redman Helps Athletics Maintain AL West Lead. NEW YORK (Reuters) - Mark Redman pitched eight strong innings as the Oakland Athletics clung on to first place in the American League West with a 3-1 road win over the Baltimore Orioles on Monday.,Sports,4.859753255472629,1.775472696485904
"Ward, Pujols, Jones Put Up Big Numbers (AP). AP - Daryle Ward, Albert Pujols and Chipper Jones had big nights at the plate at the expense of National League pitchers.",Sports,2.5045315071205785,0.027587245765116897
"Baghdad Blast Kills Seven, Najaf Fighting Rages. BAGHDAD (Reuters) - A shell killed seven people in a busy Baghdad street on Tuesday and U.S. forces fought pitched battles with Shi'ite militia in the holy city of Najaf.",World,5.358542089090793,0.6822079975036652
"Iraq Peace Mission in Najaf; Baghdad Blast Kills 7. NAJAF, Iraq (Reuters) - Iraqi political and religious leaders trying to end a radical Shi'ite uprising flew into Najaf Tuesday, where U.S. troops and militia fought pitched battles near the country's holiest Islamic sites.",World,5.329534654245823,0.8098318535713227
"Iraqi Peace Mission in Najaf; Baghdad Blast Kills 7. NAJAF, Iraq (Reuters) - Iraqi political and religious leaders trying to end a radical Shi'ite uprising flew into Najaf Tuesday, where U.S. troops and militia fought pitched battles near the country's holiest Islamic sites.",World,5.293516044245212,0.8746123272804291
Wood's Suspension Upheld (Reuters). Reuters - Major League Baseball\Monday announced a decision on the appeal filed by Chicago Cubs\pitcher Kerry Wood regarding a suspension stemming from an\incident earlier this season.,Sports,5.477355126963108,-0.640936736402127
"Japan Powers Past Cuba in Baseball. ATHENS (Reuters) - In a baseball battle of gold-medal contenders, Japan banged three home runs to defeat Cuba 6-3 Tuesday, as starter Daisuke Matsuzaka pitched into the ninth.",Sports,4.725641493425815,1.4929148513702424
"Athletics' Homers Crush Orioles 11-0 (AP). AP - Tim Hudson pitched a five-hitter to earn his first victory since June 11, and Scott Hatteberg's second grand slam of the season highlighted a four-homer attack that carried the Oakland Athletics past the Baltimore Orioles 11-0 Tuesday night.",Sports,3.4640599533180882,3.753669794264224
"Cabrera Leads Red Sox Past Blue Jays 5-4. BOSTON - Orlando Cabrera hit a run-scoring double off the Green Monster in the ninth inning on reliever Justin Speier's second pitch of the game, giving the Boston Red Sox a 5-4 win over the Toronto Blue Jays on Tuesday night. Pinch-hitter Dave Roberts drew a leadoff walk in the ninth and was forced out at second base on Johnny Damon's grounder off Kevin Frederick (0-2)...",World,-10.460738535298855,2.7045236188797026
"AL Capsules. Orlando Cabrera hit a run-scoring double off the Green Monster in the ninth inning on reliever Justin Speier #39;s second pitch of the game, giving the Boston Red Sox a 5-4 win over the Toronto Blue Jays on Tuesday night.",Sports,-10.499094362630398,2.7178645688919096
"Twins Collect Rare Victory Over Yankees (AP). AP - Brad Radke pitched seven solid innings, Corey Koskie drove in three runs and the Minnesota Twins beat the New York Yankees in the regular season for the first time since 2001 with an 8-2 victory Tuesday night.",Sports,2.4179275079827,2.9330790597824126
"Twins Collect Rare Victory Over Yankees. MINNEAPOLIS (AP) -- Brad Radke pitched seven solid innings, Corey Koskie drove in three runs and the Minnesota Twins beat the New York Yankees in the regular season for the first time since 2001 with an 8-2 victory Tuesday night.",Sports,2.53921759568259,2.746021803083804
"Finley pays dividends in victory. Their supposed new pitching staff ace is on the disabled list and their late-inning bullpen situation has the potential to be a mess, but those problems were easy to ignore Tuesday night, thanks in part to Steve Finley.",Sports,2.020553593264072,-0.8198726814361541
"2 steps back in Texas. ARLINGTON, Texas -- All of a sudden, the Indians #39; prolific offense has been reduced to shambles. And, remember phenom left-hander Cliff Lee, who won 10 games before the All-Star break? He #39;s seemingly forgotten how to pitch.",Sports,-12.602542276753933,3.0328434068588286
SI.com. LOS ANGELES (Ticker) -- Wilson Alvarez continues to pitch his best when the Los Angeles Dodgers need it most.,Sports,-12.582190866841824,3.08666544741669
Streaking Red Sox Flutter by Blue Jays 6-4 (AP). AP - Tim Wakefield pitched eight strong innings and the Boston Red Sox moved a season-high 15 games over .500 with a 6-4 win over the Toronto Blue Jays on Wednesday night.,Sports,3.7528177394728353,2.626312549772647
"Ichiro hit by pitch, leaves game. KANSAS CITY -- Ichiro Suzuki, the hottest hitter in the Major Leagues since the All-Star break, was hit in the head by a pitch in the third inning Wednesday night and was removed from the Mariners game against the Royals.",Sports,-10.329593058003933,3.3683903772262602
"Durazo Leads Athletics by Orioles 5-4 (AP). AP - Erubiel Durazo hit three homers and drove in all five of Oakland's runs, and Mark Mulder became the majors' first 16-game winner by pitching the Athletics to a 5-4 victory over the Baltimore Orioles on Wednesday night.",Sports,3.6056374951462438,3.477319296064761
Astros' Clemens Leaves Game Against Phillies. PHILADELPHIA (Sports Network) - Houston starting pitcher Roger Clemens left Wednesday's 9-8 win over Philadelphia with a strained right calf.,Sports,6.305418138132541,-0.7431933920951812
"Astros' Clemens Strains Calf, Leaves Game Against Phillies. PHILADELPHIA (Sports Network) - Houston starting pitcher Roger Clemens left Wednesday's 9-8 win over Philadelphia with a strained right calf.",Sports,6.351214055643528,-0.7292928736778228
"AL Wrap: Santana Solid on Mound as Twins Beat Yankees. NEW YORK (Reuters) - Johan Santana pitched seven strong innings to win his fifth straight start and Shannon Stewart homered, had three hits and two RBI to lead the Minnesota Twins to a 7-2 home win over the New York Yankees.",Sports,4.8905215307335546,2.1158559877304106
"AL Wrap: Santana Solid on Mound as Twins Beat Yankees. NEW YORK (Reuters) - Johan Santana pitched seven strong innings to win his fifth straight start and Shannon Stewart homered, had three hits and two RBI to lead the Minnesota Twins to a 7-2 home win over the New York Yankees.",Sports,4.91400003872916,2.096332367124942
"Hamm-dinger Gymnast comes back from 12th place to win. The movie pitches, Letterman -- no, Leno -- the unending media requests, the book deals, surely the line is forming on the right for Paul Hamm.",Sports,2.028932218180149,-1.222875897225949
"Purpose pitch. It's a pitch she's been waiting 32 years to make. So when Maria Pepe, a skinny, stony-hearted, 44-year-old New Jersey hospital administrator winds up on the mound tomorrow to throw out the first pitch at the Little League World Series in Williamsport, Pa., the healing will be complete for an 11-year-old girl done wrong by Little League ...",Sports,-11.902861948384793,2.2866700250534087
"NL notebook: Pettitte out for season; Clemens hurt. The same day the Houston Astros announced that pitcher Andy Pettitte would have surgery on his troublesome left elbow next week, Roger Clemens left last night #39;s game against the Philadelphia Phillies with a strained right calf.",Sports,3.9565757855038335,-0.7593025010200469
"AT amp;T strikes VoIP deals with cable. In an attempt to spark growth in its Net phone service, AT amp;T has turned to cable companies to pitch the technology to more consumers.",Sci/Tech,-9.07078110732034,-3.324314538774106
"Mets Beat Rockies 10-3 to Open Twinbill (AP). AP - Mike Cameron homered and drove in four runs, and Kris Benson pitched six solid innings to lead the New York Mets past the Colorado Rockies 10-3 Thursday in the first game of a doubleheader.",Sports,3.5517009242634465,3.5289741117385893
"Mets Open Doubleheader With Victory. Mike Cameron homered and drove in four runs, and Kris Benson pitched six solid innings to lead the Mets past Colorado.",Sports,2.408144120798557,2.4522140581039458
"Dodgers acquire Dessens for bullpen. Los Angeles, CA (Sports Network) - The Los Angeles Dodgers acquired right- handed pitcher Elmer Dessens and cash considerations from the Arizona Diamondbacks in exchange for minor league outfielder Jereme Milons on Thursday.",Sports,6.5343378826241185,-1.766224924859616
"Khorkina #39;s Final Act Centers on Bitterness. THE other competitors eagerly chatted with their coaches using high-pitched voices in need of WD-40; Svetlana Khorkina hardly spoke at all as she overemoted like a silent film star while glaring and sulking as usual, even topping herself ...",Sports,1.3861261650185277,-1.8295257728668182
"Improved Pitching Has the Keys Finishing on an Upswing. As the season winds down for the Frederick Keys, Manager Tom Lawless is starting to enjoy the progress his pitching staff has made this season.",Sports,1.6699775501351048,-0.2824171077581375
"Garland, Sox can #39;t tame Tigers. The White Sox are sending for pitching help, only the call isn #39;t going out to replace Jon Garland in the rotation -- not yet, anyway.",Sports,2.942161624060123,-1.6012719314666717
Pirates' Wells to Miss 2nd Straight Start (AP). AP - Pittsburgh Pirates pitcher Kip Wells will skip his second straight start after tests Friday indicated rest would help his injured elbow.,Sports,6.779787902460544,-0.6610992591949432
"Kennedy, Kendall Suspended for Brawling (AP). AP - Colorado Rockies pitcher Joe Kennedy was suspended Friday for five games and Pittsburgh Pirates catcher Jason Kendall four for their parts in a bench-clearing brawl Sunday.",Sports,6.604714278803318,-0.2442493032785385
Phillies Top Brewers 4-2 to Stop Skid (AP). AP - Jim Thome and Bobby Abreu homered and Eric Milton pitched seven solid innings as Philadelphia ended a seven-game losing streak with a 4-2 victory over the Milwaukee Brewers on Friday night.,Sports,3.6012354239086797,3.4673662740615874
Ortiz Stifle Yankees. Ramon Ortiz pitched four-hit ball for eight stellar innings to lead the Anaheim Angels over the Yankees.,Sports,2.94907802783057,1.5964835245040925
Austin Relieved His Head Wasn't Shouldering a Problem. Potomac Cannons right-handed pitcher Jeff Austin said he thought we was a head case after several horrendous outings with the big league club in Cincinnati last May.,Sports,3.914652627633064,-1.154515449342343
"Ortiz Stones Yankees. Ramon Ortiz pitched four-hit ball for eight stellar innings and led the Anaheim Angels over the New York Yankees, 5-0, on Friday.",Sports,2.9950375600914647,1.52223091906586
"Mets give up six in first, can #39;t struggle back. SAN FRANCISCO (AP) -- Noah Lowry has pitched so well that Felipe Alou now counts on the rookie to win every time out -- a standard the San Francisco skipper held only for ace Jason Schmidt in the past.",Sports,3.0007666393379857,0.41438865250625917
Cubs Blast Six Homers in Astros Mauling. NEW YORK (Reuters) - Mark Grudzielanek hit two of Chicago #39;s six home runs and Glendon Rusch pitched seven strong innings to lift the Chicago Cubs to a 9-2 pasting of the Astros in Houston on Friday.,Sports,5.005857710466831,2.1825361806777983
Ortiz shines in Angels win. Ramon Ortiz pitched eight shutout innings as Adam Kennedy and Garret Anderson homered to lead the Anaheim Angels to a 5-0 road win over the New York Yankees on Friday.,Sports,2.2080996080498387,1.753103311720279
"NL notables. Expos first baseman Nick Johnson was hit on the side of the head by a hard grounder in the third inning and was carried off the field on a stretcher. Johnson immediately went down face first onto the infield. The Expos said Johnson never lost consciousness and was taken to the hospital for X-rays. The Expos' starting pitcher, Tony Armas ...",Sports,0.3663643642525365,-1.2159876268478362
"Japan's Ueno pitcher perfect vs. China. ATHENS -- Yukiko Ueno pitched the first perfect game in Olympic softball history, leading Japan to a 2-0 win over China yesterday and a spot in the semifinals.",Sports,4.388541702852695,1.518914874258426
Cubs Blast Six Homers in Astros Mauling. Mark Grudzielanek hit two of Chicago #39;s six home runs and Glendon Rusch pitched seven strong innings to lift the Chicago Cubs to a 9-2 pasting of the Astros in Houston on Friday.,Sports,2.440148596392124,2.598461921873477
Woodgate out to prove his worth at Real Madrid. Jonathan Woodgate says he has learned from his past mistakes off the pitch and is now determined to make the headlines solely for his footballing prowess after completing a dream move to Real Madrid.,Sports,-6.343967790975125,-8.429805461701962
"Angels Rattle Loaiza, Blast Yankees 6-1 (AP). AP - Esteban Loaiza is pitching his way out of the New York Yankees' rotation.",Sports,3.64027396284148,3.1961379606155425
"Tigers Call Up Dingman, Option Novoa (AP). AP - The Detroit Tigers optioned reliever Roberto Novoa to Double-A Erie and called up relief pitcher Craig Dingman from Triple-A Toledo.",Sports,6.695190314875095,-1.5350183885665862
"AT amp;T strikes VoIP deals with cable. In an attempt to spark growth in its Net phone service, AT amp;T has turned to cable companies to pitch the technology to more consumers.",Sci/Tech,-9.03324162520364,-3.2670077722640962
"Glavine shaky in first start since taxi crash. SAN FRANCISCO - Mets left-hander Tom Glavine endured a shaky return in his first pitching appearance since he lost two front teeth in a taxi accident, as New York beat San Francisco 11-9 in 12 innings yesterday.",Sports,3.367330436335056,0.4662772375968964
"Loaiza elicits boos. Esteban Loaiza is pitching his way out of the New York Yankees' rotation. Jose Guillen and Jeff DaVanon homered off the newest target of booing at Yankee Stadium, and Loaiza failed to make it out of the fourth inning yesterday in the Angels' storm-interrupted 6-1 win over New York.",Sports,2.0573812767128636,1.1320975381759675
"Santana exception to rule. The next time you're inclined to dismiss baseball's Rule 5 draft in December as an exercise of little consequence, remember that Johan Santana, the pitcher Pedro Martinez said reminded him of a younger version of himself, only with better stuff, was a Rule 5 pick five years ago.",Sports,1.8700683160881688,-1.5326275270553558
"U.S. Beats Australia, 5-0. Lisa Fernandez pitches a three-hitter Sunday and as the Americans roll to their eighth shutout in eight days, 5-0 over Australia, putting them into the gold medal game.",Sports,2.3360970064263036,1.9666052419570954
"U.S. Softball Team Wins, Closes in on Gold (AP). AP - One more victory and U.S. softball team will have its goal: a third Olympic gold. Right now, the Americans aren't just a Dream Team #151; they're more like the Perfect Team. Lisa Fernandez pitched a three-hitter Sunday and Crystl Bustos drove in two runs as the Americans rolled to their eighth shutout in eight days, 5-0 over Australia, putting them into the gold medal game.",Sports,2.585252170191257,2.0875847894577055
"U.S. Rolls Into Softball Gold-Medal Game. ATHENS, Greece - Right now, the Americans aren't just a Dream Team - they're more like the Perfect Team. Lisa Fernandez pitched a three-hitter Sunday and Crystl Bustos drove in two runs as the Americans rolled to their eighth shutout in eight days, 5-0 over Australia, putting them into the gold medal game...",World,0.4828332706551244,-1.510651652154538
"U.S. Rolls Into Softball Gold-Medal Game. ATHENS, Greece - Right now, the Americans aren't just a Dream Team - they're more like the Perfect Team. Lisa Fernandez pitched a three-hitter Sunday and Crystl Bustos drove in two runs as the Americans rolled to their eighth shutout in eight days, 5-0 over Australia, putting them into the gold-medal game against the Aussies...",World,0.4100967689613988,-1.3908780258270232
Henry wants silverware. Arsenal striker Thierry Henry insisted there must be an end product to the Gunners #39; record-breaking run. As Arsenal equalled Nottingham Forest #39;s 42-game unbeaten League run Henry said: quot;Even on the pitch we didn #39;t realise what we had done.,Sports,-6.346392031087429,-8.425031368074032
"A Rash Product That Sells Itself. COVINGTON, La. - Retired Louisiana pharmacist George Boudreaux hasn't needed Madison Avenue pitchmen to get the word out about his concoction to treat diaper rash...",World,-11.60967099226907,3.053838308515933
"Boudreaux's Butt Paste Sells Itself. COVINGTON, La. - Retired Louisiana pharmacist George Boudreaux hasn't needed Madison Avenue pitchmen to get the word out about his concoction to treat diaper rash...",World,-11.715527887715847,3.097368295851138
"Molina ties career high with four hits. BRONX, New York (Ticker) -- Kelvim Escobar was the latest Anaheim Angels #39; pitcher to subdue the New York Yankees. Escobar pitched seven strong innings and Bengie Molina tied a career-high with four hits, including",Sports,3.5397176786522557,0.8930018503097565
"Wood, Baker, Oswalt Tossed From Game (AP). AP - Chicago Cubs pitcher Kerry Wood, manager Dusty Baker and Houston Astros pitcher Roy Oswalt were ejected Sunday during the NL Central rivals' final game of a three-game series.",Sports,6.69065106354758,-0.26697141343078307
"Angels Take Third Straight From Yankees. Bengie Molina went 4-for-4 with a three-run homer, Kelvim Escobar outpitched Kevin Brown and the Anaheim Angels completed a three-game sweep.",Sports,2.195677046404331,2.600151832762149
Twins finish homestand with sweep. Brad Radke pitched seven strong innings while Torii Hunter had three hits and three RBIs as the Twins knocked down the Indians again with a 7-3 victory Sunday.,Sports,2.245352511034458,2.596893366041568
"Edgar powers streak to four. The Cardinals may or may not ever see the dominant Matt Morris of 2001 ever again, the pitcher who finished third in Cy Young balloting and was the undisputed No.",Sports,1.2204202457527806,-0.8107732575508086
"Pavano Homers As Marlins Beat Padres 8-3 (AP). AP - Carl Pavano pitched six solid innings, hit a home run and drove in two runs to lead the Florida Marlins to an 8-3 win over the San Diego Padres on Sunday.",Sports,3.577649806366413,3.9453251916793852
NL Wrap: Ramirez Lifts Cubs Over Astros After Wood Exit. NEW YORK (Reuters) - Aramis Ramirez hit a three-run homer as the Chicago Cubs survived the ejection of starting pitcher Kerry Wood to defeat the Astros 11-6 in National League play in Houston on Sunday.,Sports,5.090811256990879,1.7385727722076447
NL Wrap: Ramirez Lifts Cubs Over Astros After Wood Exit. Aramis Ramirez hit a three-run homer as the Chicago Cubs survived the ejection of starting pitcher Kerry Wood to defeat the Astros 11-6 in National League play in Houston on Sunday.,Sports,2.912283663378208,2.446014936628726
THIS OFFENSIVE DISPLAY PUTTING SEASON IN PERIL. THE Yankees #39; final seven at-bats yesterday defined their current state. Gary Sheffield homered and was followed by six meek outs in 11 pitches.,Sports,2.136916880236118,-0.6984840672584502
"Macromedia expands J2EE pitch. Macromedia plans to release on Monday the first major extension for Flex, server software introduced earlier this year as part of a drive to expand use of the company #39;s Flash format.",Sci/Tech,-9.420563097371609,-3.7863358896347017
"Angels complete sweep of Yankees. Bengie Molina went 4 for 4 with a three-run homer, Kelvim Escobar outpitched Kevin Brown, and the Anaheim Angels completed a three-game sweep of the slumping Yankees with a 4-3 victory yesterday in New York.",Sports,2.2278267189125707,2.7002819139389067
"NL notables. Kirk Rueter of the Giants pitched seven innings of five-hit ball, his longest outing since May 7. Larry Walker hit his second grand slam in five days for the Cardinals. Shortstop Jerry Gil became the 48th player to suit up for the Diamondbacks, a club record. Barry Bonds of the Giants scored his 100th run for the 12th straight season. ...",Sports,0.25394785843893786,-0.9769237678619354
"Canuck player injured. Minnesota Twins first baseman Justin Morneau of New Westminster, BC, was taken to a hospital for X-rays on his left hand after being hit by a pitch from Cleveland starter CC Sabathia in the sixth inning yesterday.",Sports,-10.435241098775418,3.196387823286441
N.L. Wrap: Ramirez Lifts Cubs Over the Astros. NEW YORK (Reuters) - Aramis Ramirez hit a three-run homer as the Chicago Cubs survived the ejection of starting pitcher Kerry Wood to defeat the Astros 11-6 in National League play in Houston on Sunday.,Sports,4.8870728059868505,1.4685497838882478
"Chicago Cubs Team Report - August 23. (Sports Network) - A pair of pitchers that rank in the top 10 in the Major Leagues in ERA face-off this evening, when Ben Sheets anchors the Milwaukee Brewers against Carlos Zambrano and the Chicago Cubs in the first of a three- game set at Wrigley Field.",Sports,4.632529084310978,1.013603504362491
"Bonderman K's 14 in Win. Jeremy Bonderman strikes out a career-high 14 and pitches his first career shutout, leading the Tigers to a 7-0 victory over the White Sox.",Sports,2.9630231305222203,1.5997757274536164
NL Wrap: Lucky 13 for Clemens as Astros Defeat Phillies. NEW YORK (Reuters) - Roger Clemens pitched seven strong innings to earn his 13th victory of the season and 323rd of his career as the Houston Astros beat the Philadelphia Phillies 8-4 in the National League Monday.,Sports,5.11426699601218,2.2217326719192534
NL Wrap: Lucky 13 for Clemens as Astros Defeat Phillies. Roger Clemens pitched seven strong innings to earn his 13th victory of the season and 323rd of his career as the Houston Astros beat the Philadelphia Phillies 8-4 in the National League Monday.,Sports,3.1476591869454076,2.6973300535110503
Lilly inspires Blue Jays. Ted Lilly struck out a career-high 13 batters to help hosts Toronto Blue Jays blank the Boston Red Sox 3-0. Lilly #39;s performance was a club record for most strikeouts by a left-handed pitcher and helped end,Sports,3.0139761015038182,1.2760780412582429
"Lily shuts down Red Sox. The last the Red Sox had seen of Ted Lilly, he was serving up tape-measure home runs and hitting Sox sluggers with pitches in a Blue Jay loss at Fenway Park.",Sports,1.8933882757286717,-0.015730325517269883
"On this night, his promise was fulfilled. TORONTO -- Doc Halladay and Justin Miller were waiting in the dugout tunnel for fellow Toronto pitcher Ted Lilly to finish his postgame TV interviews last night. quot;They said to him, Hey, Hollywood, you can smile now,' quot; said Gil Patterson, the Blue Jays pitching coach. quot;He said, Don't worry, I'm smiling on the inside.' quot;",Sports,1.7280043407540013,-1.9645749967666595
"On this night, his promise was fulfilled. Doc Halladay and Justin Miller were waiting in the dugout tunnel for fellow Toronto pitcher Ted Lilly to finish his postgame TV interviews last night.",Sports,2.214672212229221,-1.1196693819137542
"Lou is still saying #39;no #39; to New York. With a slew of reporters from New York at Monday #39;s game to watch former Mets prospect Scott Kazmir make his pitching debut with the Rays, the questions about Piniella someday going to the Mets could not help but surface.",Sports,1.7629669948677709,-0.9584324400993316
"Grief gives way to gold. Yet Lisa Fernandez desperately longed to give up her gold-medal moment to US softball coach Mike Candrea. quot;He truly deserved to be on that podium, quot; said Fernandez, the winning pitcher for the United States",Sports,1.8850300356011083,-1.8448519151779144
"AL: Jays LHP subdues Red Sox. Ted Lilly thoroughly enjoyed ending Boston #39;s six-game winning streak with a record performance. Lilly struck out a career-high 13 in a three-hitter, pitching the Blue Jays past Pedro Martinez and the Red Sox 3-0 Monday night.",Sports,3.2390070601563146,2.2198334295181303
"AL notables. Johan Santana has 200 strikeouts, the most for a Twins pitcher since Bert Blyleven #39;s 215 in 1986. Mike Jackson of the White Sox made his 1,002d appearance, tying Goose Gossage for eighth on the career list.",Sports,3.302737776861637,1.753086860838321
Jeter #39;s OK after being hit in elbow in Yankees #39; win. Derek Jeter bruised his left elbow when he was hit by a pitch Monday night in the New York Yankees #39; 6-4 victory against the host Cleveland Indians.,Sports,-10.492802973165066,3.4734542924789458
"Ted Lilly Throws One of Three AL Shutouts. Ted Lilly's three-hit shutout against the surging Boston Red Sox was barely the best pitching performance in the American League. Detroit's Jeremy Bonderman struck out a career-high 14 Monday night in a 7-0 victory over the Chicago White Sox, and Scott Kazmir pitched five scoreless innings to win his major league debut for Tampa Bay...",World,0.2758976265053441,-1.0354203622909515
"Lilly Throws One of Three Shutouts in AL. Ted Lilly's three-hit shutout against the surging Boston Red Sox was barely the best pitching performance in the American League. Detroit's Jeremy Bonderman struck out a career-high 14 Monday night in a 7-0 victory over the Chicago White Sox, and Scott Kazmir pitched five scoreless innings to win his major league debut for Tampa Bay...",World,0.2725073143105199,-1.0464332740875213
"Olympic Results: Tuesday, August 24. Australia has pulled off an upset win in the Olympic baseball semi-final, defeating gold medal favorite Japan, 1-0. Two Australian pitchers shut down Japan #39;s all-professional lineup Tuesday while Aussie first",Sports,4.159727160559147,1.380902941885379
"Jeter Helps Yankees Steal One in Cleveland (AP). AP - A night after he was hit on the left elbow by a pitch, Derek Jeter stole two bases in the ninth inning and scored on Hideki Matsui's two-out single to lead the visiting New York Yankees past Cleveland 5-4 Tuesday night, handing the Indians their ninth straight loss.",Sports,-10.430930490865261,3.4396384317306548
"Jeter Walks, Runs and Pulls Yanks to Victory. Derek Jeter, who suffered a bone bruise on his left elbow when he was plunked by a pitch Monday, not only played Tuesday, but he turned out to be the star.",Sports,-10.621796007527859,3.4414945203689604
"AL notables. The Yankees posted their 48th come-from-behind victory, most in the majors. Chris Young -- the Rangers' 16th starter this season -- became the first pitcher from Princeton to start a major league game since Dave Sisler of the 1961 Washington Senators.",Sports,3.105321948156803,1.952920730772403
"Bronze possible for Hill. ATHENS -- Shawn Hill #39;s Olympics are over, but it remains to be seen if he will bring back a medal from Athens. The 23-year-old Mississauga pitcher tossed six quality innings in Canada #39;s 8-5 loss to Cuba on Tuesday night, ending up with a no decision.",Sports,3.326379541979282,0.11019016391315767
"Cricket: Officials Call Off Australia-Pakistan Match Due to Heavy &lt;b&gt;...&lt;/b&gt;. Organizers in Amstelveen, the Netherlands have called off the cricket match between Australia and Pakistan after heavy rain overnight soaked the pitch.",Sports,-7.573765154256375,-5.934216682252499
"Sa #39;adi Thawfeeq reporting from Dambulla. DAMBULLA, Wednesday - Sri Lanka spinners strangled the South African batting dismissing them for 191 in 50 overs on a slow two-paced pitch at the Rangiri Dambulla Stadium here today - venue of the third one-day international played under lights.",Sports,-7.6001342491050075,-5.902464572724911
Sri Lanka clinch series. DAMBULLA: Marvan Atapattu slammed a solid 97 not out on a difficult pitch as Sri Lanka wrapped up the one-day cricket series with a four-wicket victory over South Africa in the third match on Wednesday.,Sports,-7.5405076698203395,-5.797466937837216
"Microsoft expands mainframe pitch. Microsoft is expanding a plan to draw mainframe customers to Windows for high-end applications. Under a program with the internal code name Mission Critical Microsoft, the company is trying to extend its current",Sci/Tech,-9.206522341146023,-3.836033765611264
"Padres Paste Slumping Mets 4-0 (AP). AP - Brian Lawrence escaped a bases-loaded jam in the first inning and allowed just four hits the rest of the way Wednesday night, pitching the San Diego Padres to a 4-0 victory over the slumping New York Mets.",Sports,3.7224292501072576,2.906177814665225
"Tigers Squeak by Slumping White Sox 5-4 (AP). AP - Marcus Thames drove in three runs, and Nate Robertson pitched eight strong innings in the Detroit Tigers' 5-4 victory over the slumping Chicago White Sox on Wednesday night.",Sports,3.6896674975018193,3.431586559477237
"Giants Overcome Marlins 6-5 in 10 Innings (AP). AP - Rudy Seanez intentionally walked Barry Bonds to load the bases in the 10th inning, then couldn't throw a strike when he tried. Pinch-hitter A.J. Pierzynski walked on four pitches to force in the tiebreaking run, and the San Francisco Giants beat the Florida Marlins 6-5 on Wednesday night.",Sports,3.31978959284827,3.8651307184127837
"Cards Score in Ninth to Top Reds 6-5 (AP). AP - Albert Pujols and Jim Edmonds hit two-runs homers, and pinch-runner Reggie Sanders scored the go-ahead run in the ninth inning on Joe Valentine's wild pitch to lead the St. Louis Cardinals over the Cincinnati Reds 6-5 Wednesday night.",Sports,-9.938423509969265,2.6218014318374663
"Hernndez Moving Up on Yanks #39; Depth Chart. In the spring, when Orlando Hernndez was signed by the Yankees after missing the 2003 season, it was an insurance policy for the already deep pitching staff.",Sports,3.891439632252901,-0.5978441875549285
"Walks Send Giants to a Victory in 10. udy Seanez intentionally walked Barry Bonds to load the bases in the 10th inning, then could not throw a strike when he tried. Pinch-hitter AJ Pierzynski walked on four pitches to force",Sports,3.2300412698845555,3.6720336038497954
Walking Bonds Was Wrong Move for Marlins. Walking Barry Bonds intentionally to load the bases in the 10th inning turned out to be the wrong move for Florida - because Rudy Seanez then walked pinch-hitter A.J. Pierzynski on four pitches...,World,0.1426264091591527,-1.5999107997985809
Walking Bonds Was Wrong Move for Marlins (AP). AP - Walking Barry Bonds intentionally to load the bases in the 10th inning turned out to be the wrong move for Florida #151; because Rudy Seanez then walked pinch-hitter A.J. Pierzynski on four pitches. Pierzynski's walk forced home the tiebreaking run in the San Francisco Giants' 6-5 win over the Marlins on Wednesday night. It was just his 14th walk in 397 plate appearances.,Sports,3.738469567821472,1.2076274711517365
Giants Walk to 6-5 Win Over Marlins. Walking Barry Bonds intentionally to load the bases in the 10th inning turned out to be the wrong move for Florida - because Rudy Seanez then walked pinch-hitter A.J. Pierzynski on four pitches...,World,0.10068929635092516,-1.5213373344512908
Rangers Park Twins. Chan Ho Park pitches six strong innings in his return from the disabled list and Texas equals its win total from last year by easily defeating Minnesota 8-3.,Sports,2.062207703218906,2.3218944627670317
"Gagne Pitches in Montreal One Last Time (AP). AP - Even with a big lead, Eric Gagne wanted to pitch in front of his hometown fans one last time.",Sports,-12.687230463399441,3.158808763685611
"Kerry Promises Protection for Consumers (AP). AP - With promises to curb credit card fees and protect home buyers and military families from unfair lending practices, Democratic candidate John Kerry is making a pitch aimed squarely at voters' checkbooks.",World,-9.900166864766629,-3.786524240312192
"Bush shuns Hollywood, opts for ""wholesome"" country acts at convention (AFP). AFP - US President George W. Bush goes into the Republican convention next week mocking Democrat John Kerry's glamorous Hollywood support base and pitching instead to America's rural heartland.",World,1.8337076946358373,0.366550530853656
"Cubs, Astros Benches Clear After Dispute (AP). AP - Both benches cleared briefly in the second inning of Friday's game between the Houston Astros and the Chicago Cubs when Cubs catcher Michael Barrett began jawing with Astros' pitcher Roy Oswalt, five days after Oswalt hit him in the back with a pitch.",Sports,-10.516692514791043,3.3245463926223784
"Mets Sign Cuban Defector Alay Soler (AP). AP - The New York Mets signed Cuban defector Alay Soler on Friday, giving the pitcher a three-year deal worth #36;2.8 million.",Sports,6.692744378672092,-1.2405841987701385
"Bullpen keeps up good work. With all the firepower the Red Sox have been displaying lately, its good to know the pitching staff isnt taking anything for granted.",Sports,2.5448826595406224,-1.7435124557586639
"Rangers Beat Staggering Orioles 6-4 (AP). AP - John Wasdin pitched six strong innings in his return from the minors, and the Texas Rangers handed Baltimore its 11th consecutive loss by beating the Orioles 6-4 Friday night.",Sports,3.309474949465244,3.738652523222354
Homer-happy Mariners end skid. A four-pitch sequence in the fifth inning Friday night produced something the Mariners hadn #39;t done in nearly eight years. Miguel Olivo hit a home run to left-center field.,Sports,-10.391710634603054,2.600671346846011
"As Rosters Expand, Yanks Look for Pitching. General Manager Brian Cashman said the Yankees' front office was considering recalling the pitchers Juan Padilla, Bret Prinz and Felix Heredia.",Sports,4.571280006990879,-1.5328185003372161
"Astros Hang on to Beat Cubs 7-6 (AP). AP - Roger Clemens pitched six innings for his 324th victory and the Houston Astros made the most of three Chicago errors Saturday, hanging on to beat the Cubs 7-6.",Sports,3.5777098282437017,3.952724273863223
Rooney #39;s private life no concern to Sven. Sven-Goran Eriksson insists the off-field distractions in Wayne Rooney #39;s private life will not hinder his England career. And while he was unwilling to enter the debate over Rooney #39;s future on the pitch amid,Sports,-6.309827204122097,-8.481261913117978
"Ramirez sits as injuries continue to bug. The way Manny Ramirez knelt and grimaced in agony Friday night after he drilled a pitch off his knee, the possibility of him returning soon to the Red Sox lineup seemed remote. The contusion of Ramirez's left knee was serious enough to force him out of action last night, though the Sox hoped he could return today for the series ...",Sports,-10.700725908650906,3.1523340303329497
"SI.com. CLEVELAND (Ticker) -- For the second time in a week, the Chicago White Sox have fallen victim to a pitcher #39;s first major league shutout.",Sports,3.2500391050438573,-0.6610920470329253
"Red Sox within 4 1/2 games of Yankees after sweeping Tigers. Boston, MA (Sports Network) - Tim Wakefield pitched eight strong innings to lead the Boston Red Sox to a 6-1 victory over the Detroit Tigers and a sweep of the four-game series at Fenway Park.",Sports,4.85846865616843,2.1649895269302397
"China telecoms companies #39;in Olympic pitch #39;. Huawei Technologies and ZTE, the leading Chinese telecommunications equipment makers, say they are in discussions to become sponsors of the 2008 Olympic Games in Beijing.",Sports,-7.945062990560086,-6.319973174867245
Castillo may miss series because of ankle injury. NEW YORK - Second baseman Luis Castillo might sit out Florida #39;s four-game series with the Mets because of a contusion on his right ankle from getting hit by a pitch Sunday.,Sports,-10.579417581929714,3.3016508180526762
"Maddux wins No. 302, gives Baker 1,000th victory as manager. Greg Maddux pitched the Chicago Cubs into the lead in the NL wild-card race and gave Dusty Baker a win to remember. Maddux threw seven shutout innings for his 302nd career win, Baker got his 1,000th victory",Sports,2.814482812509983,2.028592642012027
"Maddux hurls, hits and scores. MONTREAL -- The Montreal Expos felt they got robbed because of a missed call from home plate umpire Ted Barrett. Greg Maddux pitched seven shutout innings and helped himself with two hits and a run batted",Sports,3.4259663268189122,0.6903306800750764
"Maddux Wins No. 302, Baker Wins No. 1,000 (AP). AP - Greg Maddux pitched the Chicago Cubs into the lead in the NL wild-card race and gave Dusty Baker a win to remember. Maddux threw seven shutout innings for his 302nd career win, Baker got his 1,000th victory as a manager and Chicago beat the Montreal Expos 5-2 on Monday night.",Sports,3.5045761808018376,3.0365825254348784
"FTC seeks fine against do-not-call list violator. WASHINGTON -- The US Federal Trade Commission is seeking the first fines for breaches of a rule banning calls to people whose numbers are on a quot;do-not-call quot; registry, saying a Las Vegas telemarketer made more than 300,000 unwelcome pitches.",Business,2.9917489334206273,-2.5184456747146577
Transactions. BASEBALL Boston (AL): Claimed P Tim Bausher on waivers from Colorado (NL); named Fernando Arroyo pitching coach at Portland (EL). Colorado (NL): Terminated P Denny Neagle's contract; assigned P Justin Hampson to Colorado Springs (PCL). Los Angeles (NL): Signed OF Ricky Ledee. Milwaukee (NL): Signed INF Trent Durrington to minor league contract; assigned OF Chris Magruder to Nashville (PCL). Philadelphia ...,Sports,0.7974792762856175,-1.1236044805618255
"A great eight for Harden, A's. Rich Harden pitched seven solid innings, helping the Oakland A's extend their winning streak to eight games with a 7-2 win over the White Sox last night in Chicago.",Sports,2.502724175081699,0.540004904928592
"Reds Activate Wilson, Larson (AP). AP - The Cincinnati Reds activated right-handed pitcher Paul Wilson and infielder Brandon Larson from the 15-day disabled list Wednesday.",Sports,6.836304072962253,-1.1744532030197112
"Spreading Spam. LOS ANGELES - This June a barrage of spam popped up in 152,000 in-boxes. They pitched the standard stuff: One was an advertisement for the quot;Top Drug Store Online, quot; another offered mortgage refinancing, another",Sci/Tech,2.3638356968025853,-2.3840364854904146
"Curfew in Nepal as murders spark riot. A curfew was imposed on Kathmandu last night, with orders to shoot people on sight, after thousands of demonstrators ransacked a mosque and fought pitched battles with police to protest at the killing of 12 Nepalese hostages by insurgents in Iraq.",World,5.421788220034092,0.6484414894012482
"Braves 7, Phillies 2. Andruw Jones and Chipper Jones each hit a solo homer, and Jaret Wright pitched six strong innings to lead the Atlanta Braves to a 7-2 win over the Philadelphia Phillies on Wednesday night.",Sports,2.717584614382236,3.3798933584121733
NL beat: San Francisco #39;s weakness is on the mound. The San Francisco Giants weren #39;t able to add a veteran starting pitcher for the September stretch drive. The last thing they needed was to have one go down.,Sports,3.027286355123966,-1.5500707071395843
"Astros, Marlins keep pressure on Cubs. The Chicago Cubs found a good way to make up for their poor hitting -- a shutdown pitching performance by Kerry Wood. Wood #39;s eight shutout innings made up for another listless performance by the Cubs #39; offense",Sports,2.984559063539951,0.6701549250511201
Rockies keep Bonds stuck at 696. Even Barry Bonds can #39;t belt home runs if he doesn #39;t get any pitches to hit. The Giants #39; left-handed slugger remained stuck on 696 for the second consecutive evening,Sports,2.9069859429459264,1.0241282541183503
"Astros, Marlins Keep Pressure on Cubs (AP). AP - The Chicago Cubs found a good way to make up for their poor hitting #151; a shutdown pitching performance by Kerry Wood. Wood's eight shutout innings made up for another listless performance by the Cubs' offense and gave Chicago the lead in the National League wild-card race.",Sports,3.5897991701225926,3.081632908049014
"Wright dazzles in halting slide. He was a young phenom then, much like Jeff Francis is now, and it was former Rockies pitcher Marvin Freeman who pinned the moniker on the 6-foot-6, apparently good-looking right-hander from Oklahoma City during the spring of 1996.",Sports,1.849552754984348,-1.5888001363845794
"BASEBALL ROUNDUP Redman Helps Put A #39;s Back on Track. ark Redman pitched seven strong innings for his 10th victory and Billy McMillon homered to lead the Oakland Athletics past the White Sox, 4-2, in Chicago yesterday.",Sports,2.2297419353584935,0.7361583072570832
Red Sox Take Control of AL Wild-Card Race (AP). AP - The surging Boston Red Sox have seized control of the AL wild-card race #151; with an eye on winning their division. Derek Lowe (13-10) pitched effectively into the eighth inning and Boston completed a three-game sweep of the Anaheim Angels with a 4-3 victory Thursday night #151; the Red Sox's season-high ninth straight win.,Sports,3.5228787406544377,2.233243520918277
"Yankees pummel Indians. That record-setting defeat appears to have stirred up the Yankees. Gary Sheffield had three RBIs to reach 100 for the seventh time, Alex Rodriguez hit a three-run homer, and Jon Lieber pitched seven shutout innings to lead the Yankees to their second straight win, 9-1 over the Cleveland Indians last night in New York.",Sports,2.6402593895058324,2.3194149095443755
Baseball star's mother abducted. The Venezuelan mother of major league baseball pitcher Ugueth Urbina is kidnapped near Caracas.,World,5.5560956045250585,0.27926143592872926
"Red Sox Sweep Angels. Derek Lowe pitches effectively into the eighth inning, and Boston takes control of the wild-card race Thursday night by completing a three-game sweep of Anaheim.",Sports,1.9765383049111058,1.7823222238449128
Red Sox Take Control of AL Wild-Card Race. The surging Boston Red Sox have seized control of the AL wild-card race - with an eye on winning their division. Derek Lowe (13-10) pitched effectively into the eighth inning and Boston completed a three-game sweep of the Anaheim Angels with a 4-3 victory Thursday night - the Red Sox's season-high ninth straight win...,World,0.3080631538490941,-1.2867425125213592
SI.com. TORONTO (Ticker) -- Seattle Mariners pitcher Cha Seung Baek will not have many fond memories of his first major league start. Baek gave up six runs in the second inning and did not make it out of the third,Sports,3.388494197950809,-0.2797744017215698
"Braves 7, Expos 1. Paul Byrd pitched eight strong innings and Eli Marrero homered to help the Atlanta Braves extend their winning streak to four games with a 7-1 victory over the Montreal Expos on Friday night.",Sports,2.7161377712349584,3.4756792146591216
"Streaky Orioles Stop Yankees 3-1 (AP). AP - Rodrigo Lopez shut down the Yankees into the eighth inning, outpitching Kevin Brown and leading the Baltimore Orioles to a 3-1 victory Friday night that cut New York's AL East lead over Boston to 2 1/2 games.",Sports,3.3178786083321263,3.9464109498886137
Athletics Hold Off Blue Jays 7-4 (AP). AP - Bobby Kielty hit a go-ahead homer off Ted Lilly #151; the pitcher he was traded for #151; and Nick Swisher doubled and walked twice in his major league debut to lead the Oakland Athletics past the Toronto Blue Jays 7-4 on Friday night.,Sports,3.6897201880078008,3.6271780092147856
"Expos drop opener to Braves. Right-hander Paul Byrd pitched eight solid innings and helped the Braves defeat the Expos, 7-1, in front of 8,617 fans on Friday night.",Sports,3.0217120691399266,3.2346985895065337
"AL Wrap: Martinez Pitches Red Sox to 10th Straight Victory (Reuters). Reuters - Pedro Martinez pitched seven shutout\innings to lead the streaking Boston Red Sox to their 10th\straight victory, a 2-0 win over the Texas Rangers in American\League play at Fenway Park on Friday.",Sports,5.621603731737583,1.8050907213119538
"AL Wrap: Martinez Pitches Red Sox to 10th Straight Victory. NEW YORK (Reuters) - Pedro Martinez pitched seven shutout innings to lead the streaking Boston Red Sox to their 10th straight victory, a 2-0 win over the Texas Rangers in American League play at Fenway Park on Friday.",Sports,4.9559886499504735,1.6170504648117097
"Major League Baseball News. Johan Santana continued his dominating season, pitching six no-hit innings en route to a 2-0 victory over the Kansas City Royals on Friday.",Sports,3.056271080599277,1.7491552192596467
"In Frustration, Brown Breaks His Hand in Loss. Yankees pitcher Kevin Brown channeled every bit of his anger into one hard punch into the clubhouse wall during the Yankees' loss on Friday at Yankee Stadium.",Sports,2.9459391280274083,0.8202922303108247
"NL Wrap: Morris Shuts Out Dodgers as Cards Keep Winning. NEW YORK (Reuters) - Matt Morris pitched a two-hit shutout, striking out a season-high 11, as the St Louis Cardinals blanked the Los Angeles Dodgers 3-0 in a showdown between two division leaders at Busch Stadium on Friday.",Sports,5.131333236322849,1.994488056364444
"NL Wrap: Morris Shuts Out Dodgers as Cards Keep Winning. Matt Morris pitched a two-hit shutout, striking out a season-high 11, as the St Louis Cardinals blanked the Los Angeles Dodgers 3-0 in a showdown between two division leaders at Busch Stadium on Friday.",Sports,3.029757504091709,2.6171556074050932
"Yankees' Brown Breaks Hand Punching Wall (AP). AP - Kevin Brown might have punched himself out of the pennant race, and the New York Yankees are angry about it. Brown broke his non-pitching hand when he punched a wall in the clubhouse Friday night during New York's 3-1 loss to the Baltimore Orioles.",Sports,6.325365666971653,0.1161998618272812
"Rangers steering through recent skid. With a little under three hours to go before the first pitch of a crucial series with the Red Sox, the Texas Rangers -- losers of four straight games -- looked anything but concerned about their immediate fate on the diamond.",Sports,-11.082817430867703,2.630049761000064
"Kazmir looking forward to pitching in New York. It was always just a matter of time before Scott Kazmir pitched in New York. Of course, it was assumed that he would be pitching for the New York Mets in Shea Stadium, not in the Bronx against the New York Yankees.",Sports,1.9923579736809423,-1.6776600521179168
"Yankees' Brown Could Be Lost for Season. NEW YORK (Sports Network) - New York Yankees pitcher Kevin Brown, who suffered a broken left hand Friday night when he punched a wall after his start against the Baltimore Orioles, could be lost for the remainder of the 2004 season.",Sports,6.24443638764426,-0.4869744818778961
AL Wrap: Punchless Yankees Continue to Struggle. NEW YORK (Reuters) - Sidney Ponson pitched a complete-game two-hitter as the Baltimore Orioles stunned the New York Yankees 7-0 in American League play at Yankee Stadium on Saturday.,Sports,4.932730559931247,1.617538150015262
"Between the seams: Ponson pounces on rank Yanks. The New York Yankees can #39;t even push a runner past first base lately, much less find a way to score. Sidney Ponson became the latest pitcher to stop the suddenly punchless",Sports,2.8946201845268895,-1.6658923070999114
"Ponson fills in blanks in O #39;s 7-0 win. Heeding the instructions of his manager, Orioles pitching coach Ray Miller walked the length of the dugout yesterday to find Sidney Ponson.",Sports,3.3526401265721013,-1.2748532932373016
"Agony of defeat. Searching for scapegoats? Try horrormeister Stephen King, who tossed a ceremonial first pitch.",Sports,-11.108437891377957,2.596031959715274
"Wakefield outing all over the map. The top half of the first inning passed with deceptive speed and ease. Three minutes. Eight pitches. It was quick and efficient even by Tim Wakefield standards. But as with all things pertaining to the knuckleball, fortunes also change in a hurry; some might say they rise and fall with the wind. So, without any warning, an auspicious start quickly ...",Sports,0.870006446466892,-1.5632335584732024
"Notables. The San Diego Padres retired former All-Star outfielder Tony Gwynn's jersey No. 19. Yankees pitcher Mike Mussina is 0-5 since beating the Mets, 11-6, June 27, including 0-3 since coming off the disabled list.",Sports,3.2398676320175817,1.780945952597049
"Yankee batters hit wall. Sidney Ponson pitched a two-hitter for his fourth career shutout, and Rafael Palmeiro hit one of the Baltimore Orioles #39; three homers yesterday in a 7-0 victory in New York over the suddenly punchless Yankees.",Sports,2.1904917999367406,0.531412478151706
Yankees' Brown Has Successful Surgery (AP). AP - Kevin Brown had successful surgery on his broken left hand Sunday and vowed to pitch again for the New York Yankees this season.,Sports,-13.00044190443948,3.2585042077926665
"Schilling completely fine with this decision. For those tempted to question or complain about the call to the bullpen with Curt Schilling two outs away from his fourth complete game of the season yesterday, consider the example set by the pitcher himself. It was a silent, practically imperceptible, protest.",Sports,1.8121751590828588,-1.7164928358169524
"AL highlights. - WHITE SOX 6, MARINERS 2: At Chicago, Felix Diaz did something few pitchers have been able to do lately. He found a way to shut down Ichiro Suzuki.",Sports,2.63576198063895,-0.7712503712745635
Rockies #39; Francis picks up first major-league victory. SAN DIEGO -- Rookie left-handed pitcher Jeff Francis of Vancouver stymied the San Diego Padres yesterday and led the Colorado Rockies to a 5-2 win.,Sports,3.4806853576759984,0.8413846451667817
Anaheim Angels Team Report - September 6. (Sports Network) - Anaheim registered a narrow 2-1 win over the Cleveland Indians at Jacobs Field Sunday night. John Lackey pitched 7 1/3 solid innings to lead the Angels to the victory.,Sports,4.532984737978428,2.1493802625564604
"Once left for dead, Astros streak back into wild-card contention. Everything #39;s going the Astros #39; way these days. They #39;re scoring a ton of runs, their schedule looks favorable, their bullpen is starting to kick in -- even their starting pitching, which consists of Roger Clemens",Sports,2.85920507155463,-1.4025427740188567
"Braves Top Phillies 3-1 (AP). AP - Replacement starter Travis Smith pitched five solid innings, Andruw Jones homered again and the Atlanta Braves buried Philadelphia a little deeper in the NL East, beating the Phillies 3-1 on Monday.",Sports,3.1077986999611547,3.088522728147891
"Braves 3, Phillies 1. Replacement starter Travis Smith pitched five solid innings, Andruw Jones homered again and the Atlanta Braves buried Philadelphia a little deeper in the NL East, beating the Phillies 3-1 on Monday.",Sports,2.7253692194084813,3.216550405683902
"Sports: Astros 11 Reds 5. HOUSTON Houston pitcher Brandon Backe used his arm and his bat to lead the Astros past Cincinnati 11-to-5. Backe allowed one run in seven innings while on the mound and belted a two-run homer, his first in the majors.",Sports,3.5782024606327703,2.715740736189273
"Monday #39;s NL Capsules. Astros pitcher Brandon Backe hit his first career homer, a two-run shot, and allowed one run in seven innings to keep Houston in the thick of the NL wild-card chase with an 11-5 rout of the Cincinnati Reds on Monday.",Sports,3.0743814750771215,1.740483339491275
"Cabrera Leads Orioles Past Twins 4-1. BALTIMORE -- Back home after a two-week trek, the Baltimore Orioles knocked off another first-place team behind a rookie pitcher who laid to rest all the talk about his supposedly tired arm.",Sports,3.2511284395317723,0.5362091619400056
"MLB: Atlanta 3, Philadelphia 1. Andruw Jones #39; 25th home run of the season helped the Atlanta Braves beat Philadelphia 3-1 Monday. Travis Smith, pitching in place of Mike Hampton, held the Phillies to one run, five",Sports,3.5739380761246373,1.177599366369632
"Monday #39;s AL Capsules. Daniel Cabrera pitched three-hit ball into the eighth inning, and Jose Leon and Melvin Mora had two RBIs apiece to lead the surging Baltimore Orioles past the Minnesota Twins 4-1 on Monday.",Sports,3.0998469635109593,1.3587091524032624
AL Wrap: Orioles Celebrate Homecoming by Beating Twins. Daniel Cabrera pitched 7 1/3 strong innings to help the Baltimore Orioles mark their return to Camden Yards after a two-week road trip with a 4-1 win over the Minnesota Twins in the American League Monday.,Sports,2.9546105905632665,1.9576819497970612
"NL Wrap: Backe Pitches, Hits Astros to Win Over Reds (Reuters). Reuters - Brandon Backe pitched seven innings\and clubbed a two-run homer, the first of his major league\career, to earn the Houston Astros an 11-5 triumph over the\Cincinnati Reds in the National League Monday.",Sports,5.63894117318198,1.940711076918033
Yankees Win Controversial Game Against Devil Rays (Reuters). Reuters - Alex Rodriguez drove in three runs and\Orlando Hernandez pitched seven strong innings to guide the New\York Yankees past the Tampa Bay Devil Rays 7-4 in the American\League Monday.,Sports,5.742020849810093,1.9361084062484772
"NL notables. Brandon Backe hit the first home run by an Astros pitcher since Ron Villone smacked one Aug. 15, 2003.",Sports,3.2978014989952733,1.7363464195159943
"Astros pitcher supplies the pop. The crowd was on its feet, beckoning the latest slugging surprise in the Astros offense to re-emerge from the dugout. Already seated and oblivious to the cheers, Brandon Backe",Sports,1.8046728416542699,-1.3640853803726165
"Backe Homers and Pitches Astros to Win (AP). AP - Houston Astros pitcher Brandon Backe got his first career homer, a two-run shot, and allowed one run in seven innings to keep the Astros in the thick of the NL wild-card chase with an 11-5 win over the Cincinnati Reds on Monday #151; their season-high 10th straight victory.",Sports,3.31779540024802,2.837557371321109
"Fever pitch for mobile entertainment market. It has been 25 years since Sony launched the original Walkman, now the portable entertainment scene is going through a energetic renaissance, but this time it is digital.",Sci/Tech,-9.181589479817898,-4.08415335827789
"For Pirates #39; Williams, Wait Ends Pirates 2, Brewers 0. PITTSBURGH, Sept. 7 -- Dave Williams pitched 6 1/3 shutout innings for his first victory in nearly three seasons and Jason Bay homered, leading the Pittsburgh Pirates past the Milwaukee Brewers, 2-0, on Tuesday night.",Sports,3.88077544488117,1.6412647325424226
"NL notables. San Francisco's Barry Bonds eclipsed the 40-homer mark for the fifth straight season. Rick Ankiel , whose career was derailed by wild pitches and elbow surgery, made his first appearance for St. Louis in more than three years. He allowed one hit in a scoreless inning in relief.",Sports,3.0583030029396703,1.8826418477920563
Schilling pitches for mates. Don't get Curt Schilling wrong. It's hard for him to imagine playing next year without any of the teammates who have helped to make this season special. But Schilling dreads returning next year without two players in particular: Pedro Martinez and Jason Varitek .,Sports,1.568713788614719,-1.087681178388211
Rockies get to Schmidt. Denver -- It #39;s always dangerous to draw conclusions at Coors Field until you see the pitcher and catcher shake hands after the final out.,Sports,2.797851209269016,-1.774231974420163
Robinson pitches for top England job. BAGSHOT - Andy Robinson made his pitch to become England #39;s next fulltime head coach by insisting the champions could do what no side has done before and successfully defend the World Cup in France in 2007.,Sports,-9.971539850606472,-3.504743520555112
"Left-hander hopes to start Saturday. Atlanta Braves: Left-hander Mike Hampton was not able to pitch for the Braves on Wednesday, still bothered by a stiff neck that kept him out of his scheduled start Monday.",Sports,-12.689809198751004,3.245615537825015
Marlins sign pitcher David Weathers to bolster staff for playoff &lt;b&gt;...&lt;/b&gt;. The Florida Marlins signed free-agent pitcher David Weathers on Wednesday in an attempt to strengthen their bullpen for a run at the National League wild card.,Sports,5.499144320116489,-2.0574947040649385
Sports: Padres 10 Cardinals 5. SAN DIEGO David Wells led San Diego past St. Louis this afternoon 10-to-5. He pitched seven strong innings and even drove in two runs as the Padres bolstered their wild card chances.,Sports,3.517902259455173,2.8784921724227934
"Twins Romp Past Orioles 9-0 (AP). AP - Johan Santana pitched seven innings of five-hit ball for his 10th straight victory, and Matt LeCroy homered to cap a seven-run second inning that carried the Minnesota Twins past the Baltimore Orioles 9-0 Wednesday night.",Sports,3.397658531294315,3.811096246900943
"Marlins Stop Reeling Mets 3-0 (AP). AP - Josh Beckett pitched eight innings and blanked the New York Mets for his second start in a row, and the Florida Marlins matched a franchise record with their ninth consecutive victory, 3-0 on Wednesday night.",Sports,3.501537148580997,3.840301569166568
"Red Sox Sweep A's. Pedro Martinez pitches six innings of two-hit ball, and the Boston Red Sox complete a three-game sweep of the Athletics with an 8-3 win.",Sports,2.0686149641136815,2.0359166223434477
"Red Sox Clobber Athletics 8-3. OAKLAND, Calif. - Pedro Martinez hardly had to outpitch Tim Hudson - Oakland's All-Star right-hander staked Boston to a huge lead himself...",World,0.2093232914070775,-1.4822472971054046
"Red Sox keep piling on A #39;s. OAKLAND, CALIF. - - Pedro Martinez hardly had to outpitch Tim Hudson -akland #39;s All-Star righthander staked Boston to a huge lead himself.",Sports,2.7136849208931615,-0.5814604800315826
"RED SOX 8, ATHLETICS 3. Pedro Martnez hardly had to outpitch Tim Hudson. Hudson, Oakland #39;s All-Star right-hander, staked Boston to a huge lead himself.",Sports,2.6520104452233006,0.6948579508689912
"Resurgent Orioles whip Twins behind Cabrera. BALTIMORE - Daniel Cabrera pitched three-hit ball into the eighth inning, and Jose Leon and Melvin Mora had two RBIs apiece to lead the surging Baltimore Orioles past the Minnesota Twins 4-1 on Monday.",Sports,2.589301828966587,2.8585103113082915
"National League Game Capsules. Houston, TX -- Roger Clemens pitched seven strong innings to win his fourth straight start and was supported by four first-inning homers, as the red-hot Houston Astros completed a three-game sweep of Cincinnati with a 5-2 victory and matched a franchise",Sports,4.0590848668675115,2.305671270552066
"Angels blanked by Jays. Justin Miller allowed two hits over eight innings to outpitch Kelvim Escobar and lead the Toronto Blue Jays to a 1-0 victory over the Angels last night in Anaheim, Calif.",Sports,2.244243507013767,2.852241333189395
"Back-to-school, politics spur spam to new heights. BOSTON - Spurred by back-to-school sales and political pitches, spam e-mail accounted for 82 percent of all the inbound e-mail processed during August, and made up 90 percent of all mail sent during one spam-filled day last month, according to an e-mail security firm.",Sci/Tech,2.8440214439491918,-2.6299871843429536
"Kazmir Is Impressive in Long-Awaited New York Debut. t was a moment some local fans had longed for: Scott Kazmir, pitching in New York. The results met expectations, but the setting did not.",Sports,1.9211096807579686,-1.5934430997940032
"Thursday #39;s Baseball Roundup. (CP) - Somehow, in the span of half an hour, the Detroit Tigers #39; pitching went from brutal to brilliant. Shortly after being on the wrong end of several records in a 26-5 thrashing from to the Kansas City",Sports,2.35328066788718,-1.0967623632522552
"New York #39;s Benson Is Worth His Wait. Kris Benson looked like a money pitcher yesterday, helping the New York Mets put an end to three streaks. Rejuvenated after skipping one turn in the rotation, Benson gained some leverage in ongoing contract",Sports,3.462927316055744,-1.3512559574218719
"Notables. Plate umpire Jerry Crawford was hit in the side of the head by a deflected pitch, forcing him to leave after the second inning of the first game between the Yankees and Devil Rays. He was taken to the New York-Presbyterian Hospital/Columbia University Medical Center, where a CT scan was negative. He was diagnosed with a concussion.",Sports,-10.464500780477078,3.3673885423568755
He's set up to pitch in. Everyone figured he was done for the season. So Scott Williamson joined the ranks of medical marvels last night when the Red Sox activated him from the disabled list with the hope the once-dominating setup man can help them win the American League East and much more.,Sports,-12.947772379292996,2.8932366926101714
Sloppy Sox are sunk in Seattle. Forget about the curse and the Sports Illustrated jinx. The Red Sox last night fell victim to a brief revival of their first-half defensive woes and a Native American pitcher who invokes the spirit of his Lakota Sioux ancestors -- the same tribe that helped annihilate General Custer at Little Big Horn.,Sports,2.0867036625008275,-1.2226360481353729
Mariners snap Red Sox win streak. Seattle #39;s Bobby Madritsch pitched eight shutout innings as the Mariners clubbed Boston 7-to-1 Thursday night on the West Coast.,Sports,2.238386754618137,2.205881412687686
"SportsNetwork Game Preview. (Sports Network) - Curt Schilling will try to become the first pitcher in the major leagues to reach 19 wins, as he heads to the mound for the Boston Red Sox in the second test of a four-game series against the Seattle Mariners.",Sports,4.576704148874729,0.7304411489395173
Julio Appeals Suspension for Near Beaning (AP). AP - Orioles pitcher Jorge Julio received a four-game suspension from Major League Baseball on Friday for throwing a pitch that nearly hit Minnesota's Augie Ojeda in the head.,Sports,-10.916923876180203,3.092525299253848
Julio Files Appeal. Orioles pitcher Jorge Julio receives a four-game suspension from Major League Baseball on Friday for throwing a pitch that nearly hit Minnesota's Augie Ojeda in the head.,Sports,-10.836092348470242,3.203390892210391
Spam Influx Reaches New Heights. Back-to-school sales and political pitches helped spur latest barrage of spam.,Sci/Tech,2.4536660953621556,-2.77417439633331
"NL Wrap: Rookie Pitcher Leads Pirates Over Astros. Rookie John Van Benschoten pitched eight strong innings to seize his first major league victory, powering the Pittsburgh Pirates past the Houston Astros 6-1 in the National League Friday.",Sports,2.915760283098667,2.5485950071243315
"NL Wrap: Rookie Pitcher Leads Pirates Over Astros. NEW YORK (Reuters) - Rookie John Van Benschoten pitched eight strong innings to seize his first major league victory, powering the Pittsburgh Pirates past the Houston Astros 6-1 in the National League Friday.",Sports,4.820988003836124,2.036579664411929
"2 All-Stars for Yanks Fall Out of Favor. Javier Vazquez and Esteban Loaiza have been among the worst pitchers in baseball in the second half of the season, and the Baltimore Orioles battered them on Friday.",Sports,2.510246400461643,0.4822075921920807
"Twins Tame Tigers. Jacque Jones drives in two runs to lead the Twins over the Tigers, 4-1, Friday. Carlos Silva pitches well to win for the first time in a month.",Sports,2.245191101656406,2.5531046945480376
"NL Wrap: Rookie Helps Pirates Hand Astros a Loss (Reuters). Reuters - Rookie John Van Benschoten pitched\eight strong innings to seize his first major league victory,\powering the Pittsburgh Pirates past the Houston Astros 6-1 in\the National League (NL) Friday.",Sports,5.685604815111606,1.9013925153640778
"Yankees' pitching for birds. Brian Roberts and Larry Bigbie had two hits apiece in an eight-run third inning, and the host Baltimore Orioles ended the New York Yankees' five-game winning streak with a 14-8 victory last night.",Sports,2.915045861826389,1.245169814291385
"Yankees 5, Orioles 2. Unbeaten Orlando Hernandez pitched seven innings of five-hit ball to win his eighth straight decision, and the New York Yankees beat Sidney Ponson and the Baltimore Orioles 5-2 Saturday.",Sports,2.780932550058811,3.4857264120010405
"Phillies Closer Ejected in Win Over Mets (AP). AP - Philadelphia closer Billy Wagner was furious after he was ejected in the ninth inning of Saturday's game 11-9, 13-inning win over the New York Mets for throwing two high-and-tight pitches to Cliff Floyd.",Sports,6.523721103296726,-0.08226604984423808
"Red Sox hammer M #39;s 9-0. SEATTLE - Bronson Arroyo pitched seven shutout innings, and Manny Ramirez and Mark Bellhorn homered, leading the Boston Red Sox to an 9-0 victory over the Seattle Mariners on Saturday night.",Sports,3.7792197882394483,2.7696033079055815
"El Duque Unbeaten As Yanks Down Orioles (AP). AP - Unbeaten Orlando Hernandez pitched seven innings of five-hit ball to win his eighth straight decision, and the New York Yankees beat Sidney Ponson and the Baltimore Orioles 5-2 Saturday.",Sports,3.592781607733219,3.43379097765961
"Ball Notes. - Yankees 5, Orioles 2: At Baltimore, Orlando Hernandez pitched seven innings of five-hit ball to become the first Yankees starter to open the season 8-0 since Bob Wickman in 1993.",Sports,3.8527541900861486,1.9221811849502595
"USC pitches shutout. the second-longest active winning streak among Division 1-A schools behind Boise State's 13. Matt Leinart completed 20 of 31 passes for 231 yards and two touchdowns without being intercepted, leaving the game for good late in the third quarter. He has passed for two or more TDs in 14 straight games. The Rams (0-2) hadn't been blanked since losing to ...",Sports,0.1416043087105443,-1.433875505265805
Wing failure costs Lopez second place at Monza. Jose Maria Lopez lost what would have been the best result of his rookie FIA F3000 season when he was pitched into a spectacular accident after his front wing fell off.,Sports,2.375708942041843,0.38658180421867677
Orioles' Bedard Won't Pitch Again in 2004 (AP). AP - Orioles rookie left-hander Erik Bedard has been shut down for the remainder of the year after pitching more than 133 innings in his first full season following elbow ligament replacement surgery.,Sports,-12.913058634175808,3.2334445077804594
Halladay Throws Another Simulated Game (AP). AP - Toronto ace Roy Halladay threw 25 pitches Sunday during his second simulated game in four days.,Sports,5.093598131761997,2.1878822404769926
Phillies Sweep Woeful Mets With 4-2 Win (AP). AP - Vicente Padilla pitched 6 2-3 shutout innings in his best start since coming off the disabled list and led the Philadelphia Phillies over the New York Mets 4-2 Sunday to complete a three-game sweep.,Sports,3.174333338366001,3.6916876394180327
"Angels 11, White Sox 0. Bartolo Colon pitched seven sharp innings, Garret Anderson drove in three runs and the Anaheim Angels beat the Chicago White Sox 11-0 Sunday.",Sports,2.7661494060616185,3.5240378934768706
"NL Wrap: Pierre Hits, Burnett Pitches Marlins to Easy Win. NEW YORK (Reuters) - Juan Pierre had three hits and A.J. Burnett pitched eight solid innings as the Florida Marlins salvaged a split of their key four-game series against the Chicago Cubs with an 11-1 win in the series finale in National League play Sunday.",Sports,4.815609936342685,2.278616483869937
"Orange joins 3G fray with pitch to early adopters. Orange joined the Christmas scramble for customers willing to experiment with new 3G services yesterday, offering four handsets, a competitively priced service and a target of four million customers, split between Britain and France, within two years.",Business,-9.327849741353543,-3.6967198293777437
Mariners Blank Bosox. Gil Meche pitches a five-hitter for his second career shutout and Raul Ibanez hits a two-run shot to lead Seattle over Boston 2-0 Sunday.,Sports,2.061737541780918,2.1601431924728423
"Baseball-Pierre Hits, Burnett Pitches Marlins to Easy Win. Juan Pierre had three hits and AJ Burnett pitched eight solid innings as the Florida Marlins salvaged a split of their key four-game series against the Chicago Cubs with an 11-1 win in the series finale in National League play Sunday.",Sports,3.8924225165705373,2.5826216298965483
"NL Wrap: Easy Win for Marlins, Bonds Hits 699th Homer. NEW YORK (Reuters) - Juan Pierre had three hits and AJ Burnett pitched eight solid innings to help the Florida Marlins salvage a split of their four-game series against the Chicago Cubs with an 11-1 rout in the National League (NL) Sunday.",Sports,4.781996314154117,2.2385249692825346
"MS, Apple pitch music at mobile phone makers. &lt;strong&gt;Opinion&lt;/strong&gt; Deals with network operators make more sense",Sci/Tech,-9.087585802449734,-3.5040788095565767
Meche Shuts Out Red Sox; Colon Wins 15th (AP). AP - The Boston Red Sox were beating up on pitchers #151; until they ran into Gil Meche.,Sports,3.7564665942649533,3.3958800393966704
"MS, Apple pitch music at mobile phone makers. Opinion Microsoft has begun to try and win over the hearts, minds and hardware of mobile phone vendors in a bid to dominate the emerging market for music downloads on handsets.",Sci/Tech,-9.072948809041531,-3.3721177023025484
"Chen Gets Rare Win As Os Beat Blue Jays. TORONTO - Bruce Chen pitched his first complete game to win for the first time in over two years, and Rafael Palmeiro homered during a five-run opening inning to lead the Baltimore Orioles past the Toronto Blue Jays 9-1 Monday night.",Sports,2.7279042049507787,2.8797960836319
"Monday #39;s AL Capsules. Bruce Chen pitched his first complete game for his first victory in over two years, and Rafael Palmeiro homered during a five-run opening inning, leading the Baltimore Orioles past the Toronto Blue Jays 9-1 Monday night.",Sports,3.07725584946677,1.7071192819503815
"AL Wrap: Ford, Radke Help Twins Sweep Tigers. NEW YORK (Reuters) - Lew Ford homered and drove in a pair of runs and Brad Radke pitched seven strong innings to lead the streaking Minnesota Twins to a 5-3 road win over the Detroit Tigers in American League action on Monday.",Sports,4.801154856310337,1.8929563123611481
"NEC announces fault tolerant four-way server. NEC Solutions has announced a four-way, high-availability server it #39;s pitching to enterprises as, among other things, the hardware to host virtual systems such as those made possible by Microsoft #39;s upcoming Virtual Server 2005.",Sci/Tech,2.500868444071262,-2.9423038404556245
"Rangers #39; relief pitcher throws chair at Oakland fans. OAKLAND, Calif. -- Texas reliever Frank Francisco threw a chair at a fan in a lower box to the left of the Rangers #39; bullpen along the right-field line in the ninth inning against the Oakland Athletics on Monday night.",Sports,4.323591594324558,0.9847665388015778
"Angels Clobber Mariners 5-1 (AP). AP - Kelvim Escobar pitched seven strong innings and Garret Anderson hit a three-run homer, leading the Anaheim Angels to a 5-1 win over the Seattle Mariners on Monday night.",Sports,3.2528105422119786,3.7926421720413237
"Back in the game. Norton Reamer, a man with a third act, is back in business. Reamer, once the head of Putnam Investments and later the founder of United Asset Management Corp. in Boston, is in charge of a new company aimed at financing private money-management firms. Asset Management Finance Corp. pitches a new spin on an old concept that once built his UAM ...",Business,1.4377239986519506,-0.4110535126300781
"Marlins rally past Expos as home team _ in Chicago. quot;If you got to play in Comiskey or if we got to play in Alaska, it doesn #39;t matter, quot; starting pitcher Josh Beckett said.",Sports,3.84307993270561,-1.5125716369720428
Baseball Roundup: Brawl Hurts Fans. Texas Rangers pitcher Frank Francisco allegedly hurled a chair at some fans heckling the Ranger bullpen after the Rangers hit a ninth inning game tying homer in Oakland.,Sports,5.110812191591709,0.48614620751419374
"Tech firms pitch new options plan. NEW YORK (CNN/Money) - A band of tech companies will present an alternative method for valuing stock options that would provide lower expenses to the companies than legislation currently under review, according to a report published Tuesday.",Sci/Tech,-9.050328607930691,-3.384154979524228
This Date in Baseball for Sept. 15 (AP). AP - 1912 #151; Joe Wood of the Boston Red Sox pitched his 16th consecutive victory to tie Walter Johnson's record as he beat the St. Louis Browns 2-1.,Sports,4.211503003464191,2.040980632963565
"Texas Rangers Reliever Charged with Assaulting Fan. SAN FRANCISCO (Reuters) - A Texas Rangers relief pitcher was arrested and charged with assault after flinging a chair into the stands and injuring a woman during a baseball game in Oakland, California, officials said on Tuesday.",Sports,6.068127994165867,-0.14589436390719107
Texas Pitcher Arrested After Throwing Chair Into Stands. Relief pitcher Frank Francisco was arrested Tuesday on a charge of aggravated battery after he threw a chair that hit two fans during Monday's Rangers-Athletics game.,Sports,6.5195204063515355,0.018325265112307754
"Rockies Terminate Neagle's Contract. DENVER (Sports Network) - Colorado terminated the contract of pitcher Denny Neagle on Monday, three days after he was ticketed for soliciting a women for oral sex.",Sports,6.232697133646457,-0.7413941066833465
"NY Yankees at Kansas City, 2:10 PM. KANSAS CITY, Missouri (Ticker) -- The New York Yankees hope to recover from another pitching collapse when they face the Kansas City Royals at Kauffman Stadium in the second game of their series.",Sports,2.7643367096047093,0.2704689461616547
Bonds should get his chance in Milwaukee. Barry Bonds didn #39;t have to worry about another quot;not-in-my-ballpark quot; manager ordering his team to pitch around the San Francisco slugger.,Sports,-12.642373438252957,2.7012534696487456
"Bonds Should Get Shot at 700 in Milwaukee (AP). AP - Barry Bonds didn't have to worry about another ""not-in-my-ballpark"" manager ordering his team to pitch around the San Francisco slugger. Ned Yost of the Milwaukee Brewers swore he wouldn't hold another walk-fest for Bonds, who entered a three-game series at Miller Park on Tuesday night one home run shy of joining Babe Ruth and Hank Aaron in the 700-homer club.",Sports,-12.53094613112405,2.8131890851882964
Devil Rays Cool Off Red Sox 5-2 (AP). AP - Rookie Scott Kazmir outpitched Pedro Martinez to lead the Tampa Bay Devil Rays over Boston 5-2 Tuesday night and sent the Red Sox to consecutive losses for the first time in more than five weeks.,Sports,3.0111199065308263,3.719750936689761
"Yanks Widen Lead Over BoSox to Four Games (AP). AP - Mike Mussina pitched three-hit ball for eight innings and struck out a season-high 11, leading the New York Yankees over the Kansas City Royals 4-0 Tuesday night.",Sports,3.643301431761234,3.4554298478988676
"Devil Rays 5, Red Sox 2. Rookie Scott Kazmir outpitched Pedro Martinez to lead the Tampa Bay Devil Rays over Boston 5-2 Tuesday night and sent the Red Sox to consecutive losses for the first time in more than five weeks.",Sports,2.799072150812595,3.595468815031436
"METS 7, BRAVES 0 Benson Gets 4-Hit Shutout. ris Benson, whose quot;tired shoulder quot; briefly symbolized the Mets #39; season-long troubles, pitched a four-hit shutout last night as the Mets beat the Atlanta Braves, 7-0, at Shea Stadium.",Sports,3.531007979736774,1.008169229689029
"Mussina Stymies Royals. Mike Mussina pitches three-hit ball for eight innings and strikes out a season-high 11 as the Yankees blank Kansas City, 4-0, Tuesday night and boost the margin over second-place Boston to four games.",Sports,2.0288144394020726,1.467712457838443
"Tuesday #39;s AL Capsules. Mike Mussina pitched three-hit ball for eight innings and struck out a season-high 11, leading the New York Yankees over the Kansas City Royals 4-0 Tuesday night.",Sports,3.184354786501377,1.596462662878421
"Mussina pitches Yanks by Royals. KANSAS CITY, Mo. - Mike Mussina pitched three-hit baseball for eight innings and struck out a season-high 11, leading the New York Yankees past the Kansas City Royals, 4-0, Tuesday night.",Sports,4.720719759092777,1.6813674528030427
"Mariners Edge Angels 3-2 (AP). AP - Bobby Madritsch pitched shutout ball into the ninth inning to beat Jarrod Washburn, and the Seattle Mariners hung on to defeat the Anaheim Angels 3-2 Tuesday night.",Sports,3.348970298395603,3.9065945703414946
"Dodgers Defeat Padres 6-3 (AP). AP - Jose Lima pitched into the seventh inning, Jayson Werth homered for the third game in a row and the Los Angeles Dodgers beat the San Diego Padres 6-3 Tuesday night.",Sports,3.3705775781731298,3.932338054838565
"Madritsch, M #39;s deflate Angels; Ichiro up to 232. The reasons for Mariners pitcher Bobby Madritsch #39;s remarkable rebirth from baseball #39;s scrap heap to mound renown become more apparent with each outing.",Sports,2.7721241756539037,-1.1553176086517303
"Rays are spoilsports. Kevin Millar, at the center of a scrum of New York media types seeking some back-page material for the weekend Red Sox-Yankees series, insisted before last night's first pitch that his team's focus had not strayed ahead to the pinstripers.",Sports,-11.191961641683132,2.7936933595565825
"Mussina muzzles Royals. Mike Mussina pitched three-hit ball for eight innings and struck out a season-high 11, leading the New York Yankees over the Royals, 4-0, last night in Kansas City.",Sports,2.5946395441155126,1.6626110631851228
Rookie Kazmir outduels Pedro. Scott Kazmir had a cool confidence in a tough environment for baseball #39;s youngest pitcher and a sense of wonder that he had succeeded in it.,Sports,3.1935517831902196,-1.2781991403671233
"Bonds propels Giants with arm, not bat. Barry Bonds swung at nine pitches and none of them left the ballpark. He made one spectacular throw and it saved the game. quot;Tonight, he did it with his arm, quot; winning pitcher",Sports,2.6984717889885594,-0.5439134877296417
"GNOME: We have feature parity with Windows. An upgraded GNOME desktop environment for Linux and Unix is due for release this Wednesday, with its authors pitching enhanced features for end-users and a commitment to make hardware quot;just work quot;.",Sci/Tech,2.5072882219414403,-2.623607580003354
"Throw lands pitcher in jail. Incidents between baseball players and fans have long been part of the game. But they seem to be getting uglier with each year, and an imbroglio Monday night in Oakland, Calif.",Sports,1.4304598613838841,-0.6332454722496001
"Tomlinson Says Chargers Want Brees Back (AP). AP - The day after the San Diego Chargers assured themselves of their first winning season since 1995, LaDainian Tomlinson made a pitch for the front office to bring back quarterback Drew Brees next year.",Sports,-9.970218058003933,-3.6898462217422456
T-Mobile to battle iPod with music smart phone. T-Mobile is pitching its against the likes of Apple and Creative with a new smart phone specifically (nominally) designed for digital music playback.,Sci/Tech,2.5299147411446263,-2.948706809815976
"Yankees bounce back. After ending a career-worst five-game losing skid last week, the right-hander held the Kansas City Royals to three hits in eight innings Tuesday night, pitching the New York Yankees to a 4-0 victory.",Sports,2.1126563593010594,0.7742648083595307
"Yankees widen their lead. Jason Giambi made his first start since July 23, Mike Mussina pitched three-hit ball for eight innings, and the New York Yankees beat the host Kansas City Royals, 4-0, to increase their AL East lead to four games over the Boston Red Sox.",Sports,2.1026579185585668,2.1040287572769194
"Rays hand Sox second straight loss. The Red Sox lose back-to-back games for the first time in more than five weeks, after a 5-to-2 loss to the Tampa Bay Devil Rays. Rookie Scott Kazmir outpitched Pedro Martinez to lead Tampa Bay.",Sports,2.3395582481484105,2.7922139722732573
"Dennis Semrau: Still at 699, Bonds draws mixed crowd. He is a fantasy baseball general manager #39;s dream and an opposing pitcher #39;s worst nightmare. Arguably the finest player of his generation, Barry Bonds is a sure-fire Hall of Famer",Sports,3.2468174143891027,-0.9413932006927459
"Phillies 9, Reds 1. Brett Myers pitched six solid innings and drove in the go-ahead run as the Philadelphia Phillies salvaged the final game of their three-game series against the Cincinnati Reds with a 9-1 win Wednesday afternoon.",Sports,2.8816070004563024,3.2013285715011626
"Jeter Leads Yankees Past Royals 3-0. Javier Vazquez pitched the New York Yankees to their second consecutive shutout, and Derek Jeter homered and doubled twice Wednesday in a 3-0 victory over the Kansas City Royals.",Sports,2.280306224451511,1.9575927812484772
"DA still determining charges, if any. OAKLAND, Calif. -- Prosecutors are expected to ask for a continuance in the case of Rangers relief pitcher Frank Francisco at a preliminary court hearing scheduled for Wednesday afternoon.",Sports,5.678539995775669,-1.138973776635739
Blue Jays Beat Orioles 3-0 to End Skid (AP). AP - Ted Lilly pitched eight scoreless innings and the Toronto Blue Jays ended a four-game losing skid with a 3-0 victory over the Baltimore Orioles on Wednesday night.,Sports,3.5721831365685155,3.484060819807437
"Riley, O's Take Loss. Ted Lilly pitches eight scoreless innings and the Blue Jays end a four-game losing skid with a 3-0 victory over the Orioles on Wednesday.",Sports,2.1140643402199437,1.1746459562210114
"Throw the book at ... everybody. No doubt that Frank Francisco should have the book thrown at him for what he did in Oakland Monday night. But for that matter, so should the rest of us, for condoning the type of behavior that preceded the Texas Rangers relief pitcher #39;s errant toss.",Sports,2.091815356836765,-2.059768263635251
"Padres Defeat Dodgers 7-3 (AP). AP - Brian Lawrence settled down after a shaky start to pitch six solid innings, and Brian Giles had three hits including a tiebreaking homer Wednesday night to lead the San Diego Padres over the Los Angeles Dodgers 7-3.",Sports,-13.135779734029324,2.923926885786441
"Mariners Edge Angels 1-0 (AP). AP - Ryan Franklin ended an 11-game losing streak, outpitching John Lackey to lead the Seattle Mariners to a 1-0 win over the Anaheim Angels on Wednesday night.",Sports,3.3176935359100987,3.9459574777511626
"Bush Campaign Trail Stops at White House (AP). AP - Enmeshed in his re-election campaign, President Bush rarely spends a full day at the White House. But even when he does, presidential politics and campaign pitches remain close at hand.",World,1.3338428779701879,-1.1705725830169647
Big Unit Becomes All-Time Lefty Strikeout King. PHOENIX (Sports Network) - Randy Johnson became the all-time major league strikeout leader among left-handed pitchers on a night he led the Arizona Diamondbacks to a 3-2 win over the Colorado Rockies in the third of a four- game set at Bank One Ballpark.,Sports,4.234888289795368,1.5257820445922883
"Bush Campaign Trail Stops at White House. WASHINGTON - Enmeshed in his re-election campaign, President Bush rarely spends a full day at the White House. But even when he does, presidential politics and campaign pitches remain close at hand...",World,0.9677354141335179,-1.3433656137557952
"Bonds remains shy of 700, but Giants still win big. Bonds sent the first pitch he saw to the right-field warning track Wednesday night, then didn #39;t come close again in San Francisco #39;s 8-1 rout of the Milwaukee Brewers.",Sports,-10.90575539626077,2.9415863115219145
"Frequent flingers. With last night's start, Tim Wakefield moved past Roger Clemens into second place on the club's all-time list for most pitching appearances. The top five on the list:",Sports,3.0482186122994115,-0.48010358625373534
Arizona's Johnson Becomes All-Time Lefty Strikeout King. PHOENIX (Sports Network) - Randy Johnson became the all-time major league strikeout leader among left-handed pitchers on a night he led the Arizona Diamondbacks to a 3-2 win over the Colorado Rockies in the third of a four- game set at Bank One Ballpark.,Sports,4.362109844313114,1.7231853563217194
"Rockies Terminate Neagle's Contract (AP). AP - Denny Neagle's contract was terminated by the Colorado Rockies on Monday, three days after the oft-injured pitcher was cited for solicitation.",Sports,6.669499759302585,-0.7979266684623687
"FIRST-PERSON: Rangers pitcher should sit out a year. MULKEYTOWN, Ill. (BP)--Maybe he watches too much professional wrestling. Maybe he #39;s really Bobby Knight #39;s illegitimate son.",Sports,2.886006717310398,-1.8366679590316741
"MLB player arrested. A brawl erupted between fans and Texas Rangers players in a game on Monday, September 13 against the Oakland Athletics at the Coliseum, which resulted in Rangers rookie pitcher Frank Francisco being arrested and charged with aggravated battery for heaving",Sports,6.050032739267795,-0.24095756226501158
"Lohse Continues Roll. Kyle Lohse pitches seven sharp innings as the Twins beat the White Sox, 10-1, Thursday for their ninth straight victory.",Sports,1.9003797813515355,0.947012003126529
American League Game Summary - Anaheim at Seattle. Moyer lost to the Angels for the third time this season. His 10-game skid combined with Ryan Franklin #39;s 11-game slide that was just ended Wednesday night represents the first time since 1972 that two pitchers,Sports,3.326292042360752,0.8017591792968781
"Brushing off the buzz. So, Bronson Arroyo , will you pitch Alex Rodriguez any differently tonight in Yankee Stadium than you did the last time you faced him at Fenway Park July 24?",Sports,-13.187877054585964,2.4657586175827055
"Twins win 9th straight. Kyle Lohse pitched seven sharp innings, Michael Cuddyer went 3 for 4 with a homer, and the Minnesota Twins beat the Chicago White Sox, 10-1, at Minneapolis for their ninth straight victory.",Sports,2.1733828827004125,2.423227127256778
"Home runs, errors and Cubs, oh my. The Cubs third baseman homered, doubled and homered in his first three at-bats against Reds starting pitcher Josh Hancock at Great American Ball Park.",Sports,3.5383681996922185,1.1603658754257233
Rangers Reliever Suspended for Fan Fight (AP). AP - Texas Rangers pitcher Frank Francisco was suspended for the rest of the season and two teammates and a coach were suspended Friday after he threw a chair that hit a woman and broke her nose during a game against the Oakland Athletics earlier this week.,Sports,6.593238238916843,-0.12665201575777224
Rangers Reliever Francisco Suspended for Season. NEW YORK (Sports Network) - Texas Rangers relief pitcher Frank Francisco was suspended for the rest of the 2004 season Friday by Major League Baseball after tossing a chair into the stands and hitting two fans in the head earlier this week.,Sports,6.20310509644553,-0.18106405102929762
Rangers Reliever Francisco Suspended for Season. NEW YORK (Sports Network) - Texas Rangers relief pitcher Frank Francisco was suspended for the rest of the 2004 season Friday by Major League Baseball after tossing a chair into the stands and hitting two fans in the head earlier this week.,Sports,6.149770145044773,-0.2579078566404312
"Rangers pitcher suspended for rest of season. Texas Rangers pitcher Frank Francisco, who was arrested Monday on a battery charge for throwing a chair at Oakland Athletics fans, was suspended for the rest of the season by Major League Baseball.",Sports,6.680756930933445,-0.1452650319906204
"Cards edge D-Backs; Webb gets quick heave. ST. LOUIS - Brandon Webb didn #39;t intentionally hit Cardinals starting pitcher Woody Williams with a pitch on Friday. Williams got nailed, and even he disagreed with home plate umpire Jerry Layne for ejecting",Sports,-10.629685755147488,3.184699829283145
Texas's Francisco banned for rest of year. Texas Rangers pitcher Frank Francisco was suspended for the rest of the season and fined yesterday for throwing a chair that hit a woman and broke her nose during a game in Oakland earlier this week.,Sports,6.738638286219089,-0.013239968952748093
Cardinals' Carpenter Leaves Game (AP). AP - St. Louis Cardinals pitcher Chris Carpenter left Saturday's start against the Arizona Diamondbacks in the fourth inning with a strained right biceps.,Sports,6.660950307474582,-0.5547560494514434
"Yankees Beat Up Red Sox 14-4, Widen Lead. NEW YORK - Jon Lieber nearly pitched a game for the ages. As it was, he was plenty good...",World,0.32953894578024645,-1.627274696168515
"Dominguez a late scratch Saturday, Benoit fills in. After appealing his 16-game suspension Friday night and pitching one inning in a mopup role against the Angels, Rangers right-hander Frank Francisco began serving his",Sports,4.2968889816860845,-1.1982067268463104
"Lowe throws stinker, Yanks turn it around: Red Sox #39; momentum &lt;b&gt;...&lt;/b&gt;. Terry Francona deployed three Gold Glove winners in his infield for the first time yesterday at Yankee Stadium in hope that their defensive expertise would aid the cause of sinkerball pitcher Derek Lowe stats, news.",Sports,2.996729497538059,-0.6575725715728729
"Manmohan Trip: PM To Raise Issues Of UN Reforms, Terrorism. New Delhi, Sept. 19 (NNN): Making a strong pitch for United Nations reforms and restructuring of the Security Council, Prime Minister Manmohan Singh on Sunday left for a nine-day trip to Britain and the United States.",World,-9.770329828633816,-3.584889594850156
"Marlins Top Braves, Keep Hopes Alive. Ismael Valdez pitched six solid innings, Jeff Conine drove in all three runs and the Florida Marlins averted a series sweep by beating the Atlanta Braves 3-0 on Sunday.",Sports,2.662770037279575,2.443829115095523
"Koizumi takes time out to throw ceremonial pitch at Yankees-Red &lt;b&gt;...&lt;/b&gt;. NEW YORK - Prime Minister Junichiro Koizumi hurled a ceremonial first pitch at the game between the New York Yankees and the Boston Red Sox on Sunday, with Yankees outfielder Hideki Matsui serving as catcher.",Sports,-11.326965685262234,2.597774561109927
Bonds drills 700th career homer. SAN FRANCISCO: Baseballer Barry Bonds hit his 700th career home run today when drilling a pitch from Jake Peavy into the left field seats in the third inning against the San Diego Padres.,Sports,-10.53512322462991,3.3504820424942046
"Bats were more than a bit wooden in series. NEW YORK -- Don't expect the Red Sox to buy the theory that the Yankees' pitching has declined. Not after the Sox managed only eight runs on 20 hits over three of the most important games of the season. While the Yankees hit .308 and scored 27 runs, the Sox mustered only a .200 average as two of their core ...",Sports,0.40398705445334215,-1.601034347352597
"Yanks Tattoo Martinez, Sox In 11-1 Rout. NEW YORKA weekend which began with rain and hope ended in sunshine and frustration for the Red Sox. Pedro Martinez allowed a two-run home run to Gary Sheffield on the fourth pitch of the game and the Yankees",Sports,-10.624006624593289,2.7398088533309966
"Report: \$15M ransom for Urbina #39;s mother. Kidnappers of Maura Villareal, mother of Detroit Tigers relief pitcher Ugueth Urbina, have demanded a ransom payment of \$15 million, according to Venezuela Electronic News.",Sports,5.2161321683983495,-0.49518675023040465
"Cubs Defeat Marlins, 5-1, in NL Showdown (AP). AP - Mark Prior allowed five hits in 7 2-3 innings to out-pitch Carl Pavano, and the Chicago Cubs moved one percentage point ahead of San Francisco atop the NL wild-card standings by beating the Florida Marlins 5-1 in the first game of a doubleheader Monday.",Sports,-9.924957628621609,2.9000089723495512
"Cubs Defeat Marlins, 5-1, in NL Showdown. MIAMI - Mark Prior allowed five hits in 7 2-3 innings to out-pitch Carl Pavano, and the Chicago Cubs moved one percentage point ahead of San Francisco atop the NL wild-card standings by beating the Florida Marlins 5-1 in the first game of a doubleheader",Sports,-9.928031320943386,2.9242423135665923
"Cubs Defeat Marlins, 5-1, in NL Showdown. MIAMI - Mark Prior allowed five hits in 7 2-3 innings to out-pitch Carl Pavano, and the Chicago Cubs moved one percentage point ahead of San Francisco atop the NL wild-card standings by beating the Florida Marlins 5-1 in the first game of a doubleheader Monday. Corey Patterson's two-run double in the second inning put the Cubs ahead to stay...",World,-9.908768053426297,2.9032893735794096
"Prior mows down Marlins in first of two. Mark Prior allowed five hits in 7 2/3 innings to outpitch Carl Pavano, and the Chicago Cubs moved one percentage point ahead of San Francisco atop the NL wild-card standings by beating the Florida Marlins 5-1 in the first game of a",Sports,2.6509861990074803,2.799699600401309
"Blue Jays Rookie Pitcher Handcuffs Yankees (AP). AP - Gustavo Chacin became the first lefty starter to win his major league debut against the Yankees in the Joe Torre era, pitching the Toronto Blue Jays past New York 6-3 Monday night.",Sports,3.896925196723192,3.511932666960147
"Orioles Slam Red Sox 9-6 (AP). AP - B.J. Surhoff hit a grand slam, and the Baltimore Orioles capitalized on the third straight poor start by a Boston pitcher to beat the Red Sox 9-6 on Monday night.",Sports,3.396160934792011,3.5976837236312895
"Tigers Defeat Indians 3-1 (AP). AP - Mike Maroth pitched splendidly into the seventh, and Dmitri Young and Brandon Inge homered to give the Detroit Tigers a 3-1 win over the Cleveland Indians on Monday night.",Sports,3.5082545622448613,3.724090870085147
"With Red Sox Gone, Thrill Is, Too. The luster and momentum of the Red Sox series faded away in a procession of confounding pitches by Toronto's Gustavo Chacin.",Sports,1.7888990684609105,-1.1108467619987457
"NL Wrap: Weathers Wins First Start in Six Years for Marlins. David Weathers pitched five strong innings in his first start for six years, leading the Florida Marlins to a 5-2 win over the Chicago Cubs and a split of their National League doubleheader in Miami Monday.",Sports,3.08525270663306,2.5140235978988676
"Vlad beaned in head during Angels game. Anaheim, CA (Sports Network) - Anaheim Angels outfielder Vladimir Guerrero was drilled on the left side of his head by a pitch from Mariners pitcher Ryan Franklin, forcing him out of Monday #39;s game in the first inning.",Sports,-10.45006405867532,3.4193459112075835
"This Date in Baseball (AP). AP - 1934 #151; Daffy Dean of the St. Louis Cardinals pitched a no-hitter against the Brooklyn Dodgers for 3-0 victory in the second game of an Ebbets Field doubleheader. Daffy's brother, Dizzy, held Brooklyn hitless for eight innings in the opener and won 13-0.",Sports,4.209576909170597,2.041250284376529
"Guerrero Beaned During Angels Game. ANAHEIM, Calif. (Sports Network) - Anaheim Angels outfielder Vladimir Guerrero was drilled on the left side of his head by a pitch from Mariners pitcher Ryan Franklin, forcing him out of Monday's game in the first inning.",Sports,-10.398776407613308,3.4041617471603423
Charting the Majors. * Guerrero beaned: Vladimir Guerrero left the Angels game against the Mariners in the first inning after being hit on the left side of the head by a pitch from Ryan Franklin.,Sports,-10.229296083821804,3.157656963529971
"Toronto Blue Jays News. As far as improbable endings go, this one has to rank high on the quot;Rudy quot; scale. Gustavo Chacin was the ultimate underdog on Monday night, a Double-A pitcher summoned to face the toughest team in the American League.",Sports,2.5043547197441747,-0.7998604815574615
"Guerrero Beaned During Angels Game. ANAHEIM, Calif. (Sports Network) - Anaheim Angels outfielder Vladimir Guerrero was drilled on the left side of his head by a pitch from Mariners pitcher Ryan Franklin, forcing him out of Monday's 5-2 win in the first inning.",Sports,-10.327424402608425,3.3719902593521147
"Guerrero Beaned During Angels Game (Reuters). Reuters - Anaheim Angels\outfielder Vladimir Guerrero was drilled on the left side of\his head by a pitch from Mariners pitcher Ryan Franklin,\forcing him out of Monday's 5-2 win in the first inning.",Sports,-10.386181230916531,3.3159003812698393
Chacin #39;s debut a gem. NEW YORKA journey from the sandlots of Venezuela to baseball #39;s biggest stage was something Blue Jays pitcher Gustavo Chacin pulled off with the help of a friend.,Sports,2.290855769739597,-1.7135068815322845
"Blue Jays activate Halladay from DL. Bronx, NY (Sports Network) - The Toronto Blue Jays activated pitcher Roy Halladay from the 15-day disabled list and he is expected to start Tuesday #39;s game against the New York Yankees.",Sports,6.289046411142795,-1.4642701786132781
"Briefly: Sun makes financial pitch. roundup Plus: PeopleSoft-Oracle trial delayed...IBM, Boeing team up for defense work...TI touts combo chip with VoIP, Wi-Fi...ContextWeb nabs \$3 million.",Sci/Tech,-9.441316004170925,-3.508527700242612
Sun makes financial pitch. The server maker plans to hold a series of technical workshops geared for developers that work at financial institutions.\,Sci/Tech,-9.337198610677273,-3.6403304975601167
"Briefly: Verizon sets up Iobi Home. roundup Plus: Sun makes financial pitch...PeopleSoft-Oracle trial delayed...IBM, Boeing team up for defense work.",Sci/Tech,-9.517886515035183,-3.558682624635312
"Briefly: House takes on piracy, 'video voyeurism'. roundup Plus: Verizon sets up Iobi Home...Sun makes financial pitch...PeopleSoft-Oracle trial delayed.",Sci/Tech,-9.488255854024441,-3.4389516752334566
"Japan seeks UN payback with permanent Security Council seat (AFP). AFP - Prime Minister Junichiro Koizumi pitched Japan's bid for a permanent UN Security Council seat to world leaders, calling it just reward for Tokyo's contributions to global peace and security.",World,5.043591265306919,0.8222664553550751
"Thin Crowd Watches Expos Beat Mets 6-1 (AP). AP - Tony Batista homered twice to reach 30 this season, Livan Hernandez pitched another complete game and the Montreal Expos beat the New York Mets 6-1 Tuesday night before just 3,839 at Olympic Stadium.",Sports,3.539764885530918,3.105558689299014
"Expos 6, Mets 1. Tony Batista homered twice to reach 30 this season, Livan Hernandez pitched another complete game and the Montreal Expos beat the New York Mets 6-1 Tuesday night before just 3,839 at Olympic Stadium.",Sports,2.932430808172672,3.1509669382003813
NL Wrap: Cubs Earn 10th-Inning Win in Pittsburgh (Reuters). Reuters - Corey Patterson scampered home\following Salomon Torres's wild pitch in the first extra inning\to give the playoff-hopeful Chicago Cubs a 5-4 win over the\host Pittsburgh Pirates in the National League Tuesday.,Sports,-10.14903580702737,2.833141620817569
NL Wrap: Cubs Earn 10th-Inning Win in Pittsburgh. NEW YORK (Reuters) - Corey Patterson scampered home following Salomon Torres's wild pitch in the first extra inning to give the playoff-hopeful Chicago Cubs a 5-4 win over the host Pittsburgh Pirates in the National League Tuesday.,Sports,-10.07057129897073,2.757075842085269
NL Wrap: Cubs Earn 10th-Inning Win in Pittsburgh. Corey Patterson scampered home following Salomon Torres #39;s wild pitch in the first extra inning to give the playoff-hopeful Chicago Cubs a 5-4 win over the host Pittsburgh Pirates in the National League Tuesday.,Sports,-10.083640451802761,2.7930145818618803
"Cubs Stay Hot. Pirates reliever Salomon Torres' wild pitch scores the go-ahead run for the Cubs in the 10th inning as Chicago defeats Pittsburgh, 5-4, on Tuesday.",Sports,-10.064977999105007,2.752751882734683
"Phillies #39; Florida futility is finally over. After losing 14 straight in Miami, the Phils, led by Cory Lidle #39;s stellar pitching, triumphed over the Marlins. By Todd Zolecki.",Sports,2.5174653574089696,0.531717117491153
"The 'W' he gets for this is: Wow. Curt Schilling lives for this stuff. He was deprived of a win by a bookkeeping necessity. But anyone who witnessed the 3-2 Red Sox triumph knows how superb the big righthander was in this extremely important game, and who was the true quot;winning quot; pitcher in this sensational contest. Losers of three straight, playing a team that has mystified them this ...",Sports,1.0808659835915257,-1.784335915383908
"Briefly: Hello, halitosis. roundup Plus: House takes on piracy, 'video voyeurism'...Verizon sets up Iobi Home...Sun makes financial pitch...PeopleSoft-Oracle trial delayed.",Sci/Tech,-9.528149958028347,-3.4590935152145357
"SportsNetwork Game Preview. (Sports Network) - The New York Yankees can clinch a playoff berth tonight, and they can do it with a pitcher who is still unbeaten this year.",Sports,4.62176508151099,0.6097311336425812
"Electronic-Vote Critics Urge Changes to System. WASHINGTON (Reuters) - Voting activists on Wednesday enlisted computer experts, a trained monkey and a man on a hunger strike in a last-minute pitch to convince officials to improve the security of electronic vote-counting systems.",Sci/Tech,-9.834607477559597,-3.578236762818906
"Cubs Walk Past Pirates 1-0. PITTSBURGH - Carlos Zambrano pitched 7 1-3 shutout innings to outduel Oliver Perez and beat Pittsburgh for the fifth straight time this season, carrying the Chicago Cubs to a tense, 1-0 victory over the Pirates on Wednesday night. Sammy Sosa preserved the Cubs' sixth shutout with a sprawling, belly-flop catch of Ty Wigginton's bases-loaded, two-out line drive to right field in the eighth...",World,0.09459507905051012,-1.302917424974057
"MLB reduces suspensions for three Texas pitchers. Arlington, TX (Sports Network) - The three Texas Rangers relievers involved in last Monday #39;s altercation with fans in Oakland had their suspension reduced one game each by the league Wednesday.",Sports,6.345339183435886,-0.8445813696952789
Notes: Bed pains Wood #39;s back. Kerry Wood returned to Chicago on Wednesday to be examined by a doctor because of back problems that nearly forced the Cubs pitcher to miss Tuesday #39;s start against Pittsburgh.,Sports,3.6290500804047277,0.5537992078689606
"National League Game Summary - Philadelphia At Florida. Miami, FL -- Eric Milton pitched 6 1/3 strong innings, and Philadelphia used four home runs to beat Florida, 12-4, in the second of a three-game series.",Sports,4.20307639680907,2.3930168706802397
"Giambi and Brown Could Boost the Bench in October. he Yankees will soon meet to discuss their 25-man postseason roster, and two of the biggest curiosities are the recuperating Jason Giambi and Kevin Brown, the injured pitcher.",Sports,1.7932678505043675,-0.5441015999885528
"Cubs 1, Pirates 0. Carlos Zambrano pitched 7 1-3 shutout innings to outduel Oliver Perez and beat Pittsburgh for the fifth straight time this season, carrying the Chicago Cubs to a tense, 1-0 victory over the Pirates on Wednesday night.",Sports,2.717425469980686,3.380975063505557
"Lara shaken but stirred. It was all a bit of a fast bowler #39;s joke at the time but, as Brian Lara lay dazed on the pitch, the words of Shoaib Akhtar must have felt a little more sinister.",Sports,-7.523775453938992,-5.838413898286435
Schilling Adds Voice to Talk of the Red Sox. Red Sox pitcher Curt Schilling called into a sports-talk radio station on Wednesday to dispel speculation that he didn't get along with teammate Pedro Martnez.,Sports,4.527113263235538,0.40483086890259096
"Giants 5, Astros 1. Noah Lowry takes a lesson out of every outing, and the baseball world is quickly learning that this kid is pitching nothing like a 23-year-old rookie.",Sports,1.777951364145725,-0.29667282515487364
"Giants win; LA #39;s lead dwindling. Noah Lowry takes a lesson out of every outing, and the baseball world is quickly learning that this kid is pitching nothing like a 23-year-old rookie.",Sports,1.6263719841103246,-0.16886709668955496
Notables. Dodgers' Brad Penny left his first start in more than five weeks in the fourth with irritation of a nerve in his pitching arm.,Sports,3.304514174089878,1.4904484111694367
"MLB: Seattle 16, Anaheim 6. Seattle pounded Anaheim pitchers for 24 hits Wednessday in a 16-6 rout of the Angels. Raul Ibanez had six hits and five RBI and Ichiro Suzuki had four hits to run his total to",Sports,3.4105875536064794,3.794833238783267
"More Hunger At Investor Lunches. Jeff Grass stands in front of 100 potential investors, pitching his Alexandria-based company, BuySafe, a bonding service for people buying products through online retailers or auctions. He has eight minutes to wow the full house as most of those in the audience balance lunchboxes of turkey sandwiches, peaches and brownies from Balducci's on their laps.",Sci/Tech,1.5551346584419896,0.07945939487495729
"Woolmer, Inzamam in firing line. Karachi - Captain Inzamam ul-Haq and coach Bob Woolmer came under fire on Thursday for choosing to bat first on a tricky pitch after Pakistan #39;s humiliating defeat in the ICC Champions Trophy semi-final.",Sports,-7.547062273397,-5.818549815950009
"Blind Feed the Blind at New Paris Eatery (AP). AP - They tasted like tomatoes, but in the pitch black it was hard to tell. A couple at the next table was obviously struggling with eating blind, too.",World,-8.790498133077175,-4.766765777406308
"NL Capsules. Carlos Zambrano pitched 7 1-3 shutout innings to outduel Oliver Perez and beat Pittsburgh for the fifth straight time this season, carrying the Chicago Cubs to a 1-0 victory over the Pirates on Wednesday night.",Sports,2.8089391037087132,1.8189378339675935
"Electronic-Vote Critics Urge Changes to System (Reuters). Reuters - Voting activists on Wednesday\enlisted computer experts, a trained monkey and a man on a\hunger strike in a last-minute pitch to convince officials to\improve the security of electronic vote-counting systems.",Sci/Tech,-9.876362200154812,-3.670900050935361
"Yankees Clinch 10th Straight Playoff Spot (AP). AP - Derek Jeter hit a leadoff home run, Jon Lieber pitched into the eighth inning and the New York Yankees clinched their 10th consecutive trip to the postseason with a 7-3 victory over the Tampa Bay Devil Rays on Thursday.",Sports,3.2147963090996434,3.7087040502456694
Rockies Beat D-Backs 7-1 to Open Twinbill (AP). AP - Jeff Francis pitched six strong innings and the Colorado Rockies beat the Arizona Diamondbacks 7-1 Thursday in the first game of a doubleheader.,Sports,3.470560316668003,3.65620570963898
"Yankees Clinch 10th Straight Playoff Spot. NEW YORK - Derek Jeter hit a leadoff home run, Jon Lieber pitched into the eighth inning and the New York Yankees clinched their 10th consecutive trip to the postseason with a 7-3 victory over the Tampa Bay Devil Rays on Thursday. John Flaherty also homered for the Yankees (96-57), who are assured of no worse than a wild-card berth...",World,0.21096790276572008,-1.1810151975723235
"Woolmer, Inzi under fire after Pakistan ICC trophy loss. KARACHI: Captain Inzamam ul-Haq and coach Bob Woolmer came under fire Thursday for choosing to bat first on a tricky pitch after Pakistans humiliating defeat in the ICC Champions Trophy semi-final.",Sports,-7.585345621480496,-5.8343336027236905
England out to target Lara. ENGLAND are planning to continue their short-pitched strategy against West Indies captain Brian Lara in an attempt to test his courage and try to limit his effectiveness in tomorrow #39;s ICC Champions Trophy final.,Sports,4.319618289099186,0.2691020924476654
"Rockies 7, Diamondbacks 1; Rockies 2, Diamondbacks 1, 10 innings. DENVER - On a day when Colorado pitching dominated at Coors Field, a bloop single by Jeromy Burnitz gave the Rockies a doubleheader sweep.",Sports,3.843294107095449,2.024273212614444
"Sun Gives Analysts Food for Thought. When Sun Microsystems (Quote, Chart) President and COO Jonathan Schwartz made his pitch to financial services customers at an event in New York Tuesday, he provoked a lot of discussion among the analyst community.",Sci/Tech,-9.963053102864773,-3.650322381791684
Fireballing Park Back on Track. Despite not getting a decision starting pitcher Park Chan-ho contributed to the Texas Rangers stirring 5-4 win Thursday that clinched a three-game series sweep of the Oakland As and moved,Sports,2.7678324028114965,-0.10472097845098666
"Leskanic shows signs of rebound. After the 2001 season, Curtis Leskanic had surgery to repair a rotator cuff tear on his right shoulder -- one season after the veteran reliever had been named the Milwaukee Brewers' Newcomer of the Year. The righthander did not pitch in the major leagues in 2002, after aggravating the shoulder at the Double A level.",Sports,-12.741176004781277,3.136850412550357
"Yankees seal playoff spot. Derek Jeter hit a leadoff home run, Jon Lieber pitched into the eighth inning, and the New York Yankees clinched their 10th consecutive trip to the postseason with a 7-3 victory over the Tampa Bay Devil Rays yesterday at Yankee Stadium.",Sports,2.33909666977927,2.5594902593521147
"American League Game Summary - Tampa Bay At New York. Bronx, NY -- Jon Lieber continued his September hot streak by pitching into the eighth inning and Derek Jeter hit a solo homer, helping New York clinch a playoff berth for the 10th straight season with a 7-3 win over Tampa Bay in a much-awaited makeup",Sports,4.151127819643467,2.4579127389816313
"NEWS FOCUSKoreans split on Japan #39;s Council bid. When Japanese Prime Minister Junichiro Koizumi traveled to New York early this week to address the United Nations General Assembly, his objective was clear: to pitch for UN reforms that would",World,-9.254936571492703,-3.3946687620254488
"Is Google ogling a browser?. If the rumors-- some now reaching fever pitch-- are to be trusted, Google is cooking up a whole slew of products and technologies that could unseat Microsoft.",Sci/Tech,-9.105078096761257,-4.364465896424862
"Yanks' Brown Long Shot to Pitch Sunday (AP). AP - Kevin Brown had ""no problem"" throwing in the bullpen Friday and is a ""long shot"" to pitch Sunday after breaking his non-pitching hand three weeks ago, New York Yankees manager Joe Torre said before the game against the Boston Red Sox.",Sports,-12.321416254415066,2.9478772241500883
"Torre: Brown a Long Shot to Go for Yanks on Sunday. Kevin Brown had ""no problem"" throwing in the bullpen Friday and is a ""long shot"" to pitch Sunday, Yankees Manager Joe Torre said Friday.",Sports,-12.4293225959678,2.9372404176620512
"Brown could pitch Sunday finale. com. Kevin Brown may return to the mound sooner than expected, as Joe Torre said Friday that the right-hander is in the mix to start on Sunday afternoon against Curt Schilling and the Red Sox at Fenway Park.",Sports,-13.176556940450222,2.4974973756698637
"Huff Leads Devil Rays Past Blue Jays 4-2 (AP). AP - Aubrey Huff hit his 29th homer and Mark Hendrickson pitched seven solid innings, leading the Tampa Bay Devil Rays past the Toronto Blue Jays 4-2 Friday night.",Sports,3.5841917737583806,3.9136341173080473
"Cards' Tavarez to Sit Out Eight Games (AP). AP - An appeal did little to help St. Louis reliever Julian Tavarez, who was suspended for eight days Friday for applying a foreign substance to balls while pitching last month.",Sports,3.561005447731464,0.651158686342624
Braves Win NL East; Dodgers Top Giants (AP). AP - The Atlanta Braves celebrated another division title in style. Shawn Green powered Los Angeles past San Francisco in an NL West showdown. Roger Clemens helped the Houston Astros keep pace in the wild-card race with another vintage pitching performance.,Sports,3.307816152201145,2.3567896444229155
"Pavano #39;s gem goes for naught. One night after being outslugged, the Marlins came up on the short end of a splendid pitchers #39; duel. Carl Pavano was as efficient as he #39;s been all season, limiting the Braves",Sports,3.0175771161179235,-1.049692873296353
"Tough loss for Pavano, Marlins. ATLANTA -- All-Star pitcher Carl Pavano won #39;t be a 20-game winner this year. After his tough-luck loss Saturday night, he might wonder if he #39;ll even win 18.",Sports,3.0680072351555516,-1.7302469652267425
Browne and Bradshaw complete mission improbable for West Indies. It was pitch-black out on the field when this match came to its sensational climax at 6.36pm with an astonishing West Indies victory by two wickets.,Sports,-8.611943598165066,-4.938323203858944
Victory conjures up spirit of 2002 team. Think circa 2002. Scraping for runs. Solid pitching. Aggressive base running. Coming from behind. Francisco Rodriguez and Troy Percival closing it down.,Sports,2.1920063539604833,-0.6010865312190978
"Foulke, Wakefield are happy to pitch in. As much as the Red Sox relished thumping the Yankees, they took special satisfaction from the outings of two key pitchers who recently have struggled, Keith Foulke and Tim Wakefield .",Sports,-13.03205811537698,3.0131893712905913
"Reaction speaks volumes. No, the pinstriped visitors didn't find pipes and slippers at their lockers when they arrived at Fenway Park yesterday afternoon. But the Bronx Daddies, as they were newly anointed by Sox pitcher Pedro Martinez Friday night, expressed surprise, amusement, and a certain amount of skepticism in the aftermath of Martinez's white-flag summation of his relationship to his biggest tormentors.",Sports,1.8765916868309667,-1.5245632570358245
"There's little logic to Martinez decision. For almost six months, he was just harmless, never-say-bunt Tito. A player's boss in the tradition of Pete Carroll, Terry Francona told us he loved his guys and he took blame for anything they did wrong. He drove some fans crazy with game strategy and pitcher deployment (the usual stuff), but most of Red Sox Nation viewed him as a ...",Sports,0.5274616523842504,-1.8214735429855315
"Mets Put Another Dent in Cubs' Hopes. NEW YORK - Al Leiter pitched two-hit ball for six innings to earn his first win in six weeks, and the New York Mets put another dent in Chicago's playoff hopes Sunday with a 3-2 victory over the Cubs. Chicago began the day a half-game in front of San Francisco in the NL wild-card race after losing 4-3 to the fourth-place Mets in 11 innings Saturday...",World,0.12218392334982653,-1.2968367975326507
"Mets Put Another Dent in Cubs' Hopes (AP). AP - Al Leiter pitched two-hit ball for six innings to earn his first win in six weeks, and the New York Mets put another dent in Chicago's playoff hopes Sunday with a 3-2 victory over the Cubs.",Sports,3.5183508142094304,3.6756039220718413
"Brown hit hard in return. In his first start since breaking his non-pitching hand Sept. 3, Brown got just two outs Sunday. He allowed four runs and six hits and put the Yankees in a deep hole in their final regular-season game against Boston.",Sports,3.285092775450199,0.9138097125915559
"Dodgers Extend Lead Over Giants. Look for a definition of a big-game pitcher anywhere, and you probably would not find Jeff Weaver #39;s name. Weaver, a Los Angeles right-hander, after all, was 12-12",Sports,2.8915464326004674,-1.6882445257278411
"Dodgers ax Giants, boost West lead. SAN FRANCISCO - Eric Gagne zipped one last pitch past Deivi Cruz, then screamed for joy while San Francisco #39;s fans groaned. Gagne knew his two innings of work had resulted in more than just another save.",Sports,-10.515648241414578,2.901919182005313
Man Utd unveils dip in profits. Manchester United says player transfers and a weaker performance on the pitch cut its full-year profits by nearly a third.,Business,-6.440267916097195,-8.33461255246124
"Playing Pitch and Catch in the NFL (AP). AP - What a great day to play pitch and catch, NFL style. Peyton Manning and Brett Favre looked like a pair of schoolyard slingers Sunday in Indianapolis' 45-31 victory over Green Bay. Donovan McNabb, Daunte Culpepper, Aaron Brooks and Marc Bulger all threw for more than 300 yards.",Sports,-12.189732904805691,2.9417431909469633
"AT amp;T Wireless ships mobile IM gadget. US mobile network operator AT amp;T Wireless today launched Ogo, its first non-voice messaging device, pitched at the #39;yoof #39; market - in particular those who only like to communicate by text.",Business,2.485957626924961,-2.8967313211532564
"HP Spurns Intel. Plus, the \$600 billion cash cow, Kraft's diet pitch, and Samsung sets nano benchmark.",Business,-9.305045481099636,-3.645601217088315
"Pirates end Phillies #39; postseason hopes. Ty Wigginton hit a two-run homer and Oliver Perez pitched 6 2-3 strong innings, helping the Pittsburgh Pirates stop a seven-game road losing streak with a 6-1 victory over",Sports,2.529698018656223,1.8826702196029694
"A #39;s stagger home up by one. It was the most difficult pitching change Ken Macha has ever made in his life. Giving a quick hook to Mark Mulder, whose baffling slump is showing no signs of ending",Sports,2.9964859529595067,-1.3530311029525726
"BASEBALL ROUNDUP Wigginton #39;s Homer Helps the Pirates Win. Ty Wigginton, a former Met, hit a two-run homer and Oliver Perez pitched six and two-thirds strong innings, helping the Pittsburgh Pirates stop a seven-game road losing streak with",Sports,3.0297936841110875,1.5993621904281647
"Indians 6, Royals 1. Casey Blake drove in three runs and Jake Westbrook pitched seven strong innings to lead the Cleveland Indians over the Kansas City Royals 6-1 Monday night.",Sports,2.7337635799507787,3.492857273283389
Cards Second Baseman Tony Womack Injured (AP). AP - St. Louis Cardinals second baseman Tony Womack left Monday night's game against Houston in the seventh inning after getting hit on the left hand with a pitch.,Sports,-10.489551897420437,3.417955454054263
Womack hit by pitch on left hand. HOUSTON - St. Louis Cardinals second baseman Tony Womack left Monday night #39;s game against Houston in the seventh inning after getting hit on the left hand with a pitch.,Sports,-10.352334375752957,3.326555307569888
Warner offers sales pitch for state. NORFOLK -- Gov. Mark Warner used his time in front of an audience of high-powered decision-makers at the commonwealth #39;s annual tech conference Monday to pitch Virginia as a technology-savvy state.,Sci/Tech,-9.460260744466336,-3.6093499105545015
Kazmir #39;s a kid with plenty of moxie. ST. PETERSBURG - The fastball was directed at Manny Ramirez #39;s left knee. Make no mistake about it. The pitch didn #39;t get away from Scott Kazmir.,Sports,-10.951245661153347,3.073134954634097
"Williamson on playoff bubble. The veteran relief pitcher was told by manager Terry Francona and pitching coach Dave Wallace prior to last night #39;s game against the Tampa Bay Devil Rays stats, schedule",Sports,3.5013774975399663,-0.41056827121696166
"Halladay wants to go full out. If he is removed he wants it to be based on the game situation, not the number of pitches he has thrown. The staff ace reached his imposed pitch count of 70 here in Baltimore after three innings last night.",Sports,-11.222863550557644,2.935921009245303
"BoSox #39;s Astacio, Yanks #39; Halsey suspended. NEW YORK - Boston Red Sox pitcher Pedro Astacio and New York Yankees pitcher Brad Halsey were each suspended Tuesday for three games and fined an undisclosed amount by Major League Baseball after being ejected from Bostons 11-4 win over the weekend.",Sports,6.5295277877907445,-0.18517976665219954
"Astacio, Halsey Suspended. Red Sox pitcher Pedro Astacio and Yankees pitcher Brad Halsey were each suspended Tuesday for three games and fined an undisclosed amount.",Sports,6.4460176273445775,-0.22822909468135527
"Yankees' El Duque Has Tired Shoulder (AP). AP - A week before the playoffs begin, the New York Yankees are worried about the health of another starting pitcher. This time, it's Orlando Hernandez.",Sports,1.875437264070957,0.08211001342811891
Braves' Wright Suffers Bruised Ankle. ATLANTA (Sports Network) - Atlanta Braves starting pitcher Jaret Wright left Tuesday's game against the New York Mets with a bruised right ankle.,Sports,6.398710374460666,-0.836064819631192
"Hernndez's Shoulder Worries Yanks. The Yankees' game against the Minnesota Twins was rained out Tuesday night, but Orlando Hernndez, the Yankees' scheduled starter, would not have pitched anyway.",Sports,1.842331771479099,0.9739008504776032
Cardinals are left hanging. HOUSTON - Starting pitcher Dan Haren pitched well for five innings but not quite well enough against an inspired opponent. Left fielder Reggie Sanders almost gave the Cardinals their second lead of the night but didn #39;t quite make it.,Sports,2.801256422625034,0.9183242875961335
"Hernndez #39;s Shoulder Worries Yanks. he Yankees #39; game against the Minnesota Twins was rained out last night, but Orlando Hernndez, the Yankees #39; scheduled starter, would not have pitched anyway.",Sports,3.619689528570621,-0.8004535477729766
"AL notebook: Sore shoulder sidelines NY #39;s Hernandez. A week before the playoffs begin, the New York Yankees are worried about the health of another starting pitcher. This time, it #39;s Orlando Hernandez.",Sports,3.3917226239304235,-0.8501234691711395
"Cleveland vs. Kansas City. KANSAS CITY 1ST: D DeJesus flied out to left. A Berroa doubled to left. A Berroa to third on wild pitch by C Lee, A Berroa scored on throwing error by catcher V Martinez.",Sports,-9.982949610127957,2.762207563581851
"Hancock, homers hurt Chicago. The Reds dealt Chicago #39;s playoff hopes a blow Tuesday night by using the Cubs #39; formula for winning: good starting pitching and home runs.",Sports,2.528985743151157,-0.45841572099647215
Fined and suspended. A price tag has been attached to Brad Halsey #39;s brushback pitch to Boston #39;s Dave Roberts and subsequent ejection in the bottom of the eighth inning of the Yankees #39; 11-4 loss at Fenway on Sunday.,Sports,-11.0833171562095,2.9937832910446196
"Pitchers Astacio, Halsey each suspended three games. NEW YORK - Boston Red Sox pitcher Pedro Astacio and New York Yankees pitcher Brad Halsey were each suspended Tuesday for three games and fined an undisclosed amount by Major League Baseball after being ejected from Boston #39;s 11-4 win over the weekend.",Sports,6.557563428507297,-0.20090256297311476
"Giants #39; rookie faces biggest game of career. Unbeaten and coming off his second career complete game, rookie Noah Lowry will try to continue his brilliant pitching when the playoff-hopeful San Francisco Giants wrap up a three-game series with the San Diego Padres.",Sports,2.419214014635532,1.5860965806869538
"Lee Hits Grand Slam, White Sox Beat Tigers (AP). AP - Carlos Lee hit a grand slam and a two-run homer and Freddy Garcia pitched seven scoreless innings to lead the Chicago White Sox past the Detroit Tigers 11-2 Wednesday.",Sports,3.555420581922977,3.726222093763736
Dodgers #39; Bradley Ejected for Throwing Bottle. Milton Bradley became the latest Major League Baseball player to go after the people who pay to see him perform. In the same month that Texas pitcher Frank Francisco was,Sports,3.2461521073441197,-0.05657013916692427
"Glavine Fears Mets' Shakeup Reveals Instability. The doors are spinning again for the Mets and it is troubling to the veteran pitcher Tom Glavine, who has not had much to feel good about since signing with the team.",Sports,1.6950434490303685,-0.30599764400443724
"Sisler Known Again Thanks to Ichiro (AP). AP - Day and night, Dave Sisler is tracking every hit by Ichiro Suzuki. The former big league pitcher tunes in the radio each evening, his wife checks the boxscores in the morning.",Sports,1.496126298532932,-0.3595763784023254
"Ichiro a step closer. Even when he gets only one hit and his only impact on the game is an out, Ichiro winds up the focus of a well-pitched game by Bobby Madritsch.",Sports,1.8976702734093358,-0.1824049618216484
"NL notables. Houston's Roger Clemens (18-4) isn't scheduled to make another start before the end of the regular season, but has suggested he'd like to pitch in the regular-season finale against Colorado Sunday.",Sports,-12.999713297261746,2.8454773981002837
Indians Pitcher Kyle Denney Shot (AP). AP - A Cleveland Indians pitcher was shot in the right calf when a bullet pierced the team's bus and grazed another player late Wednesday night.,Sports,6.413123015985935,-0.028228212532612595
Indians Pitcher Shot. _ A pitcher for the Cleveland Indians is hospitalized in Kansas City after being shot in the leg on the team bus after last night #39;s game.,Sports,4.456766550169437,-0.7355516594024627
"Indians Pitcher Shot on Team Bus. KANSAS CITY, Mo. (Sports Network) - Cleveland Indians pitcher Kyle Denney was shot in the right calf late Wednesday night after a bullet was fired at the team bus and grazed another player.",Sports,6.107479934320896,-0.19415581637344054
Owen prepared to play the waiting game at Real. England striker Michael Owen says that although he is desperately keen to get on the pitch he is prepared to bide his time and wait for his opportunity to break into the first team at Real Madrid.,Sports,-6.392908449544461,-8.377148334321591
"Indians Pitcher Shot. _ Cleveland pitcher Kyle Denney was slightly wounded in the leg late last night, on the team bus as it left Kauffman Stadium for Kansas City International Airport.",Sports,4.473569337950199,-0.6572251957031219
CLEVELAND PITCHER SHOT IN CALF ON TOUR BUS. A pitcher for the Cleveland Indians is recovering from a shooting after Wednesday nights game. Rookie Kyle Denney was struck in his calf.,Sports,5.85234392128989,0.17128443306961366
"Cleveland Pitcher Denney Shot on Team Bus. MINNEAPOLIS - Cleveland Indians pitcher Kyle Denney shrugged off being hit in the leg by a bullet, and said Thursday he was grateful he may have been protected by white cheerleaders boots he was wearing as part of a hazing ritual.",Sports,5.658259992228,0.1815835196403534
"Athletics Hold Ichiro in Check, Move Back Into First. Ichiro Suzuki went home without the major league hits record, thanks to Oakland's determined pitching staff -- and a much bigger hit by Bobby Crosby.",Sports,2.3866057439903905,0.8568339306739838
Royals pitcher to see back specialist. Kansas City Royals: Left-hander Jimmy Gobble was scratched from his start against the White Sox after an MRI revealed a problem in his lower back.,Sports,3.627606396303623,0.6363446671394379
"Ichiro Nears Hit Record in Mariners' Loss. OAKLAND, Calif. - Ichiro Suzuki went home without the major league hits record, thanks to Oakland's determined pitching staff - and a much bigger hit by Bobby Crosby...",World,0.2780965610603978,-1.2277005355926482
"White Sox 9, Royals 2. Mark Buehrle pitched a four-hitter for his fourth complete game of the season, leading the Chicago White Sox over the Kansas City Royals 9-2 Thursday night.",Sports,2.718749408350437,3.5701544839767485
"American League Game Summary - Anaheim at Texas. Arlington, TX (Sports Network) - Adrian Gonzalez stroked two hits and knocked in three runs, Chris Young pitched six strong innings for the win, and the Texas Rangers salvaged a four-game set with a 6-3 victory over Anaheim one night after being",Sports,4.1620588644604375,2.5236504632858305
Sports: Denney says says go-go boots helped prevent serious injury. MINNEAPOLIS Cleveland Indians pitcher Kyle Denney says the go-go boots he was wearing may have prevented a bullet from seriously injuring his leg.,Sports,4.672582690344303,-0.0011689927550285195
Giants Tie Astros for Wild Card With Win (AP). AP - Jerome Williams pitched seven strong innings in his first start in two months and the San Francisco Giants jumped back into a tie for the wild-card lead by beating the San Diego Padres 4-1 on Thursday night.,Sports,3.3623513623337438,3.338618810835269
"White Sox Drop Slumping Royals 9-2 (AP). AP - Mark Buehrle trotted out to the mound in the ninth inning, eager to wrap up his fourth complete game #151; a fitting last start of the season for Chicago's most consistent pitcher.",Sports,3.182836238966434,0.7904769737152131
"Giants Topple Padres. Jerome Williams pitches seven strong innings in his first start in two months and San Francisco jumps back into a tie for the wild-card lead by beating San Diego, 4-1.",Sports,2.0055701776604344,2.0200229246048003
"Giants take share of Wild Card lead. com. When Giants pitcher Jerome Williams gave up a leadoff double to Ramon Vazquez to start Thursday night #39;s game, a San Diego broadcaster commented, quot;Jerome doesn #39;t look that overpowering and doesn #39;t look comfortable on the mound.",Sports,3.1960133358101537,-1.7626106184097259
"Buehrle tosses 4-hitter at KC. KANSAS CITY, Mo. - Mark Buehrle trotted out to the mound in the ninth inning, eager to wrap up his fourth complete game -- a fitting last start of the season for Chicago #39;s most consistent pitcher.",Sports,2.9948386593918492,-0.47804677897414855
"Indians pitcher shot in leg. He was shot with his boots on -- white, patent leather go-go boots, but, hey, this is 2005. And those boots might have saved Cleveland Indians pitcher Kyle Denney from serious injury when a bullet hit one",Sports,3.2361129566292455,-0.5555388372512786
"Handing out A -- for advantage. It's a no-brainer, a Red Sox pitcher suggested when he was asked which team he would rather face in the postseason.",Sports,1.9826134487251927,-1.9056237381072967
"Success breeds success. In the final hour before each Acton-Boxboro High School football game, someone allows Eminem into the locker room. He speaks his high-pitched piece, and his pulsating beats make heads bob throughout the room. Then the CD player advances to the next track, and hip-hop makes way for a sing-along from AC/DC, followed by tunes from quot;Rocky quot; soundtracks. Every ...",Sports,1.0432235046486547,-1.5365948122116058
"Giants win, tie Astros in wild race. Jerome Williams pitched seven strong innings in his first start in two months and the San Francisco Giants jumped back into a tie for the wild-card lead by beating the Padres, 4-1, last night in San Diego.",Sports,3.0597459717850377,3.0673328000930815
"Down to the wire in West. Ichiro Suzuki went home without the major league hits record, thanks to Oakland's determined pitching staff -- and a much bigger hit by shortstop Bobby Crosby.",Sports,2.349168781862705,0.36657172030487367
"He #39;s glad to stand, cheer for old #39;SC. Indians pitcher Kyle Denney will never complain about having to dress like a cheerleader again. The white go-go boots that went with the outfit might have prevented a bullet from seriously injuring his leg.",Sports,2.5458247705559423,-1.8419757526489227
"Carpenter to miss Division Series. St. Louis, MO (Sports Network) - St. Louis Cardinals starting pitcher Chris Carpenter is expected to miss the first round of the playoffs next week with an injury to his right arm.",Sports,6.067945365534275,-1.2165179889770477
Carpenter to Miss Division Series. ST. LOUIS (Sports Network) - St. Louis Cardinals starting pitcher Chris Carpenter is expected to miss the first round of the playoffs next week with an injury to his right arm.,Sports,6.057168368921726,-1.2576146762939422
"Gates pitches computer science, biology studies. BERKELEY, CALIFORNIA - ""You can't go wrong in computer science,"" Microsoft Corp. Chairman and Chief Software Architect Bill Gates told University of California, Berkeley students on Friday. Some students, however, were unhappy with the way Gates responded to questions about increasing competition for jobs from China and India.&lt;p&gt;ADVERTISEMENT&lt;/p&gt;&lt;p&gt;&lt;img src=""http://ad.doubleclick.net/ad/idg.us.ifw.general/sbcspotrssfeed;sz=1x1;ord=200301151450?"" width=""1"" height=""1"" border=""0""/&gt;&lt;a href=""http://ad.doubleclick.net/clk;9228975;9651165;a?http://www.infoworld.com/spotlights/sbc/main.html?lpid0103035400730000idlp""&gt;SBC Case Study: Crate Barrel&lt;/a&gt;&lt;br/&gt;What sold them on improving their network? A system that could cut management costs from the get-go. Find out more.&lt;/p&gt;",Sci/Tech,2.5248882814507176,-2.0545730035873384
"National League Game Summary - Atlanta at Chicago. Chicago, IL (Sports Network) - Mike Hampton pitched six solid innings and added a two-run homer to lead Atlanta to a 5-4 win over Chicago in the opener of a three-game series at Wrigley Field.",Sports,4.307558570728748,2.3963444787887602
"Handing out A -- for advantage. It #39;s a no-brainer, a Red Sox pitcher suggested when he was asked which team he would rather face in the postseason. quot;Are you kidding?",Sports,2.2256315990547826,-2.0162152689071626
"Blue Jays Thump Resting Yankees 7-0 (AP). AP - David Bush pitched a two-hitter for the first complete game of his major league career, and the Toronto Blue Jays beat Orlando Hernandez and the New York Yankees 7-0 Friday night.",Sports,3.606795628295391,3.9243176538375883
Houston Astros Hold on Wild Card Lead with 4-2 Win. The Houston Astros used a Jeff Bagwell home run and a gutsy pitching effort by its bullpen to beat the Colorado Rockies 4-2 Friday and hold on to its lead in the National League wild card race.,Sports,3.0013669773201634,2.945195730390933
"El Duque unsure he can pitch in playoffs. TORONTO - Orlando Hernandez has a tired arm and doesnt know whether hell be able to start in the playoffs. El Duque lost his second straight start, allowing five runs in three innings Friday night as",Sports,-12.950812693013699,3.0041397172836333
"Lights out for Maroth, 4-1. Mike Maroth #39;s bid for a .500 season got lost in the lights of Comerica Park on Friday night. Maroth (11-13) was locked in a scoreless pitching duel with Tampa Bay Devil Rays right-hander Rob",Sports,3.164333109484165,0.7942201454071076
AL Wrap: Angels Thump Athletics to Near Playoffs (Reuters). Reuters - Bartolo Colon pitched seven shutout\innings and Alfredo Amezaga hit a grand slam home run as the\Anaheim Angels trounced the Oakland Athletics 10-0 in their\American League West showdown series opener Friday.,Sports,5.6727889820198705,1.924492176237491
"Drese and Ichiro forever linked. Ryan Drese became an instant trivia subject on Friday night, courtesy of Ichiro Suzuki. What pitcher gave up Ichiro #39;s record-breaking 258th hit?",Sports,2.0947033210854222,-1.9714949768157928
"Giants win, stay alive for berth. Kirk Rueter pitched seven strong innings and the San Francisco Giants defeated the Dodgers, 4-2, in Los Angeles last night, preventing the Dodgers from clinching their first West title since 1995.",Sports,3.2048093124489476,2.9020307619003325
"Wakefield's ending is a happy one. All Tim Wakefield needed to do last night, it turned out, was pitch adequately and emerge uninjured to secure a spot in the postseason rotation. He did both, prompting the Red Sox to announce after an 8-3 victory over the Orioles at Camden Yards that Wakefield and Bronson Arroyo would pitch Games 3 and 4 of the American ...",Sports,-12.83941018141702,2.807627494993594
"Angels skunk A #39;s, are 1 win from West title. OAKLAND - The weekend showdown and pitching matchups were perfect for a season-ending billing, but the unheralded stars Friday night became even more amazing for pennant-drive stories.",Sports,2.4715985103707006,-0.5859267156692474
"Sadly for Yanks, no rest for weary. Instead of resembling the Yankees #39; best pitcher of the second half, Orlando Hernandez on Friday looked more like someone desperately fighting a weak shoulder.",Sports,1.854345326052158,-1.3527904193969695
"AL Wrap: Angels Thump Athletics to Near Playoffs. OAKLAND, Calif. (Reuters) - Bartolo Colon pitched seven shutout innings and Alfredo Amezaga hit a grand slam home run as the Anaheim Angels trounced the Oakland Athletics 10-0 in their American League West showdown series opener Friday.",Sports,5.1911581798653295,1.8936703760055573
Houston Astros Hold on to NL Wild Card Lead. HOUSTON (Reuters) - The streaking Houston Astros used seven pitchers and a Jeff Bagwell home run to beat the Colorado Rockies 4-2 Friday to hold on to their lead in the National League wild card race.,Sports,5.173323516474216,2.2567580301193266
"Yankees manager Torre suspended for one game, fined. New York Yankees manager Joe Torre was suspended for one game and fined by major league baseball Saturday because one of his pitchers threw at a batter after umpire warnings during a game against the Boston Red Sox.",Sports,6.670834426508396,-0.06734971740564993
"Phillies Reportedly Set to Fire Bowa. Phillies Manager Larry Bowa will be fired at the end of the season and pitching coach Joe Kerrigan will resign, two newspapers reported Saturday.",Sports,5.12296581707999,-0.5959494155021636
"Mussina leads playoff rotation. Mel Stottlemyre revealed some of the Yankees #39; postseason pitching plans on Saturday afternoon, but Kevin Brown #39;s performance and the health of Orlando Hernandez are clouding",Sports,3.8823217029879977,-0.8605803888412444
Astros down Rockies to stay even with Giants in NL wild-card race. The streaking Houston Astros used seven pitchers and a Jeff Bagwell home run to beat the Colorado Rockies 4-2 on Friday to hold on to their share of the lead in the National League wild card race.,Sports,2.881055359468906,3.0574427205947905
"Angels Win 1st Division Title in 18 Years (AP). AP - Sometime during the last several weeks, pitcher Jarrod Washburn began to sense a change in the mood surrounding the Anaheim Angels. Losing was no longer an option.",Sports,3.8937969698767354,2.2702186662582426
"Tigers Bringing Back Trammell, Staff. Alan Trammell will manage the Detroit Tigers next season. Along with Trammell, the Tigers said Sunday they retained Kirk Gibson (bench), Bob Cluck (pitching), Bruce Fields (hitting), Lance Parrish (bullpen), Juan Samuel (third base) and Mick Kelleher (first base).",Sports,4.521044377909153,-1.41148490124664
"Blue Jays announcer Cerutti found dead in hotel room. John Cerutti, a former Toronto pitcher and current Blue Jays television announcer, was found dead in his hotel room Sunday morning, the team said.",Sports,5.308031921015232,-0.2565145235630005
"Sports: Blue Jays announcer found dead in hotel room. TORONTO Former Toronto pitcher John Cerutti (seh-ROO #39;-tee) was found dead in his hotel room today, according to the team. He was 44.",Sports,4.991337422953098,-0.2562168579669922
"Astros Top Rockies to Claim NL Wild Card. HOUSTON - The Houston Astros charged into the playoffs with their 18th consecutive home victory, capping an incredible turnaround by beating Colorado 5-3 Sunday to win the NL wild card. Brandon Backe filled in admirably for an ailing Roger Clemens, pitching five strong innings and driving in two runs...",World,0.05002844773337145,-1.4747040908904998
"Giants 10, Dodgers 0. In a regular-season finale that resembled an exhibition game and was about as meaningful, Jason Schmidt pitched six dominant innings, Ray Durham and Pedro Feliz hit first-inning homers and the San Francisco Giants beat the Los Angeles Dodgers 10-0 on",Sports,2.7153745933632543,3.285227115812686
"Former Blue Jays Pitcher Cerutti Found Dead. Former Blue Jays pitcher and television commentator John Cerutti was found dead in a Toronto hotel room on Sunday. He was 44. The baseball team said Cerutti, who was slated to provide color",Sports,5.012735490427463,-0.43122750931701354
Former Blue Jays Pitcher Cerutti Found Dead (Reuters). Reuters - Former Blue Jays pitcher and television\commentator John Cerutti was found dead in a Toronto hotel room\on Sunday. He was 44.,Sports,5.305754665956943,-0.4006004970642059
Former Blue Jays Pitcher Cerutti Found Dead. TORONTO (Reuters) - Former Blue Jays pitcher and television commentator John Cerutti was found dead in a Toronto hotel room on Sunday. He was 44.,Sports,5.207622770891636,-0.3064135503145187
"PM pitches to undecided voters. Prime Minister John Howard today made a pitch for undecided voters in the last week of the election campaign. Opinion polls say the coalition leads Labor, but put the undecided vote at about nine per cent, with less than week before polling day.",World,-9.835644121541531,-3.788031522569272
"Sky high for Angels. BALTIMORE -- It came to this: After traveling 41,442 miles, facing 25,592 pitches, and enduring more ups and downs than their Delta charter, the Red Sox yesterday happily ended the 2004 regular season where they began it in the visiting clubhouse at Camden Yards.",Sports,1.8613892837624242,-1.3414313238235442
A's Have Winter to Ponder Late Stumble (AP). AP - The Oakland Athletics are baffled by their late-season collapse. It's so completely out of character. The A's are headed home for an even longer winter this year thanks to their problematic pitching in crunch time and a sputtering offense that caused this club to miss the playoffs for the first time in five years.,Sports,3.600889389143436,1.857639010610965
"Expos Will Always Remember Blue Monday (AP). AP - The Montreal Expos will always remember Blue Monday. One win from the World Series, the Expos were tied with the Los Angeles Dodgers in the ninth inning. Ace pitcher Steve Rogers was on the mound. Olympic Stadium was buzzing. And then, Rick Monday ruined it all.",Sports,1.8385838314156224,-0.5242257457347839
"Soccer: US overture puts Manchester United in play. LONDON What excites us more, the dazzling skills that young players perform on the pitch, or the seemingly bottomless fortunes of the rich entrepreneurs apparently willing to speculate on the clubs?",Sports,-6.440584535970242,-8.361982051667782
Test pitch a #39;Kumble crumbler #39;. THE Australian team has arrived in the lush southern city of Bangalore for tomorrow #39;s first Test to be greeted by a pitch that is as cracked and dry as a Coober Pedy waterhole in a drought.,Sports,-7.769741411580593,-6.167238895234677
"Martinez never tougher to gauge. You begin with the obvious: He is one of the greatest pitchers of his time. Pedro Martinez's gaudy won-lost percentage (.705) will land him in the baseball Hall of Fame when his career is over, an understandably overlooked fact at the moment, in the wake of his final four starts of the 2004 season, all of them losses, each of ...",Sports,0.7746511741738011,-1.7120810192199676
"Match play. Starting lineups The Angels led the American League in stolen bases (six players, led by Chone Figgins's 34, stole 15 or more) and with opponents having stolen 85 bases in 100 attempts against three Red Sox pitchers (Tim Wakefield, Derek Lowe, and Pedro Martinez), look for the Angels to run early and often. The Angels also were second in the ...",Sports,0.3221024318794896,-1.5553147237869231
"More options for bank cards. and yes, more pitches in the mail - now that the US Supreme Court has upheld a ruling that allows banks to offer credit cards from issuers such as American Express and Discover Card.",Business,2.274535302744358,-2.5749663751693697
"Yankees leave Giambi off playoff roster. New York decided to carry 11 pitchers for the best-of-five series, including both Orlando Hernandez and Kevin Brown, candidates to start Games 3 or 4 along with Javier Vazquez.",Sports,4.864920620546787,-1.8853604238601653
"Afghanistan hits fever pitch as warlords turn #39;democrat #39;. From the thriving centre of Kabul to remote mountain villages, Afghans go to the polls on Saturday still under the shadow of the old regimes.",World,-9.07589184798196,-4.411849204835507
"BoSox Win 9-3 to Open Series With Angels (AP). AP - Curt Schilling and the Boston Red Sox got the jump on Anaheim in the AL playoffs. Perhaps that's how the Angels prefer it. Schilling pitched 6 2-3 effective innings, Manny Ramirez and Kevin Millar homered during a seven-run burst, and the Red Sox beat the Angels 9-3 Tuesday in Game 1.",Sports,3.709250692949741,2.0469112951187163
"Gardenhire Surprised by Song Fuss (AP). AP - Minnesota manager Ron Gardenhire still is surprised over the fuss made last year when he said a long version ""God Bless America"" may have affected Twins pitcher Brad Radke in Game 2 of the playoff series against the New York Yankees.",Sports,4.200553660021274,0.5207814533142121
"Schilling and Big Bats Give Red Sox Game 1. Curt Schilling pitched 6 2-3 effective innings, Manny Ramirez and Kevin Millar homered during a seven-run burst, and the Red Sox beat the Angels.",Sports,2.9723550721268346,3.3548136312393217
"Clemens Is Still Swinging and Pitching With Intensity. That #39;s what Jaret Wright, the Braves #39; starting pitcher today, wanted to know about Roger Clemens in his improbable career extension with the Astros.",Sports,3.238980357275455,-1.2607346218200652
"Schilling, Ramirez Lead Red Sox to Easy Opening Win. NEW YORK (Reuters) - Curt Schilling pitched 6 2/3 innings and Manny Ramirez hit a three-run homer in a seven-run fourth frame to lead the Boston Red Sox to a 9-3 win over the host Anaheim Angels in their American League Divisional Series opener Tuesday.",Sports,4.8536913438896825,2.050082262220767
Cards #39; offense relentless. All right. Here are the things a starting pitcher would rather do than face the St. Louis Cardinals lineup: Go out in public wearing that wig Tom Sizemore used to portray Pete Rose in quot;Hustle.,Sports,2.434078220949619,-1.494057242211911
"Sox #39;s hopes pinned on Martinez. CBC SPORTS ONLINE - A nervous Red Sox Nation, desperate for a World Series title, will be keenly focused on pitcher Pedro Martinez on Wednesday.",Sports,3.449956063852756,-0.6138909500213592
"Astros Lead Braves 7-1 Midway Through 5. ATLANTA - The Houston Astros got a break when illness prevented Roger Clemens from pitching as scheduled in the team's NL wild-card berth clincher. Because Clemens missed Sunday's game, the Rocket started against the Atlanta Braves in the NL division series opener Wednesday...",World,0.08371365510031481,-1.4270880859466522
"Australia in control after Clarke makes daring debut. An engrossing opening day, played on a pitch as slow as a bank queue, ended in favour of an Australian side rescued from its own excesses by an intrepid partnership between a",Sports,-7.646409387959988,-5.750459377107235
"Clemens Perseveres, Astros Top Braves 9-3 (AP). AP - Roger Clemens and the powerful Houston lineup made sure the Astros got off to a good start in their quest to finally win a playoff series. While Clemens continually pitched out of trouble, Brad Ausmus, Lance Berkman, Carlos Beltran and Jason Lane homered for the Astros to lead a 9-3 rout of the Atlanta Braves in Game 1 of their NL division series Wednesday.",Sports,3.2686006470780065,3.0087316591171294
"Clemens Helps Astros Take 1-0 Series Lead Over Braves. NEW YORK (Reuters) - Roger Clemens pitched seven innings and Carlos Beltran homered, had three hits and scored three runs to help the Houston Astros rout the Atlanta Braves 9-3 in the opening game of their National League Divisional Series Wednesday.",Sports,5.039556746111362,2.0521493513015776
"Not at His Best, Clemens Wins a Game 1. The Houston Astros battered the Atlanta Braves, 9-3, in Game 1 of their N.L. division series even without the best from their starting pitcher, Roger Clemens.",World,2.531629685984104,0.44371777361908266
"Torre Chooses Brown in Game 3. Yankees Manager Joe Torre bypassed Javier Vazquez in favor of Kevin Brown, the 39-year-old right-hander who has pitched in two World Series.",Sports,4.550713483915775,-1.6633847396942107
Twins Exhaust Nathan With 49 Pitches (AP). AP - Forty-nine pitches. Joe Nathan hadn't thrown that many in more than four years.,Sports,3.0425550385574986,0.5883868295578034
"Nathan left in a few pitches too long. Forty-nine pitches. Joe Nathan hadn #39;t thrown that many in more than four years. It didn #39;t matter that Torii Hunter hit a go-ahead home run in the 12th inning, Nathan couldn #39;t hold the lead.",Sports,3.0075909539322545,-1.6466802995773284
Martinez Ends Losing Steak as Red Sox Beat Angels. Pedro Martinez pitched seven strong innings to end his losing streak and lead the Boston Red Sox to an 8-3 victory over the Anaheim Angels in the second game of an American League Division series on Wednesday.,Sports,2.2796788259606053,1.4066603738693269
Martinez Ends Losing Steak as Red Sox Beat Angels (Reuters). Reuters - Pedro Martinez pitched seven\strong innings to end his losing streak and lead the Boston Red\Sox to an 8-3 victory over the Anaheim Angels in the second\game of an American League Division series on Wednesday.,Sports,5.671309952364414,1.875106747808841
"Brown will get the call for Game 3. And the Yankees' mystery pitcher for tomorrow's Game 3 is . . . Kevin Brown , who got the nod yesterday over Javier Vazquez , whose last few outings have been shaky. quot;It took us a while, quot; conceded manager Joe Torre , who went with Brown (10-6, 4.09) based on his playoff experience (11 games) and last ...",Sports,0.47704303704306383,-1.732110802468869
"Late show: New York does it again. They play to the last out in the Bronx, you know. The Minnesota Twins were agonizingly close to heading home with a 2-0 series lead. But funny things can happen when ballgames reach the 12th inning and pitchers are out there doing things they don't ordinarily do. And so after watching the Twins reach their tiring reliever ...",Sports,0.831314925775974,-1.585398976144406
'Come and join us' urges Howard. Michael Howard brings his party's annual conference to a close with a pitch to Labour and Lib Dem voters.,World,-9.828785295857937,-3.7027384679885835
"Astros, Red Sox, Yankees Win In Baseball Playoffs. Clemens, who couldn #39;t pitch the season finale for Houston because of a stomach virus, pitched seven strong innings to help the Houston Astros to a 9-3 win over Atlanta in the first game of their National League Division Series.",Sports,-13.378659601583035,2.4607658941177397
"Simms Signals Start of Future. In some ways, Jon Gruden #39;s decision to replace quarterback Brad Johnson with Chris Simms is similar to a baseball manager changing pitchers after the infield has made three errors.",Sports,2.532124881372898,-1.2092604082199065
Red Sox Cruise Into 2-0 Lead Over Angels (Reuters). Reuters - Pedro Martinez pitched seven\innings and Manny Ramirez drove in the go-ahead run with a\sacrifice fly to power the Boston Red Sox to an 8-3 win over\the Anaheim Angels in the American League Divisional Series\(ALDS) Wednesday.,Sports,5.683994059191196,1.9172380525497468
"Red Sox Cruise Into 2-0 Lead Over Angels. ANAHEIM, Calif. (Reuters) - Pedro Martinez pitched seven innings and Manny Ramirez drove in the go-ahead run with a sacrifice fly to power the Boston Red Sox to an 8-3 win over the Anaheim Angels in the American League Divisional Series (ALDS) Wednesday.",Sports,5.16791415654227,1.9599545556930573
"Clemens Helps Astros Take 1-0 Series Lead Over Braves. Roger Clemens pitched seven innings and Carlos Beltran homered, had three hits and scored three runs to help the Houston Astros rout the Atlanta Braves 9-3 in the opening game of their National League Divisional Series Wednesday.",Sports,3.0699861093620946,3.1900680620101958
"Pavano hears Yankees' sales pitch; next step Baltimore. names The Carl Pavano tour across the American League wrapped up its New York engagement yesterday with the free agent righthander meeting with Yankees officials and Reggie Jackson . Pavano, who went to Yankee Stadium Saturday to meet with team trainers and video personnel, had dinner in Manhattan with Yankees president Randy Levine , general manager Brian Cashman , and ...",Sports,-11.905573244466336,2.389221485319522
Press Row: Pundits praise Pedro. com. Pedro Martinez was the focal point of press coverage after pitching the Red Sox into a two-up position over the Angels in the American League Division Series.,Sports,3.581022445784061,-0.7149088423820464
"Braves look to tie up series. Mike Hampton has never won a Division Series game, but he needs to pitch at a top level today to help the Atlanta Braves pull even in their first-round set against the Houston Astros.",Sports,-12.950902338399441,2.975575025740054
"The Atlanta Journal-Constitution. St. Louis -- Jason Marquis pitches tonight with both eyes facing forward. He has tried it the other way. It didn #39;t work, not while he played in Atlanta.",Sports,2.7683728977303197,-1.8118096035095184
"Australia Govt in Pole Position for Saturday Vote. SYDNEY (Reuters) - Australia's government looked set for a fourth straight term, according to a poll trend released on the eve of Saturday's election, as rival leaders made last-minute pitches over the economy and the U.S.-led Iraq war.",World,5.2843190475563695,0.4252557713417084
"Breaking down the teams. PITCHING: Braves left-hander Mike Hampton, already pitching with a bad knee, had to leave the game with one out in the seventh inning when his left forearm tightened.",Sports,2.5741909786324193,0.35189982837715456
Yankees Still Pondering the Enigmatic Brown. Yankees pitcher Kevin Brown was more animated than usual on the eve of the start that could turn his misguided September punch into an almost amusing memory.,Sports,1.9214607521156957,-1.1889243763061492
"Down to their last prayer. They haven't hit the way they can, or pitched the way they should, or executed fundamentals the way good teams are expected to in October.",Sports,1.8980362459282567,-1.1857611578079192
"Sosa fined for untimely departure. Sammy Sosa was fined \$87,400 -- one day's salary -- for arriving late to the Cubs' regular-season finale at Wrigley Field and leaving the game early. The slugger's agent, Adam Katz , said yesterday Sosa most likely will file a grievance. Sosa arrived 70 minutes before Sunday's first pitch, and he apparently left 15 minutes after the game started without ...",Sports,-10.852531786336453,2.8247092325119048
"Pedro aces a big test. No matter where he happens to fall in the rotation, and he admits he has slipped a spot, Pedro Martinez insists he still is No. 1 on the day he pitches.",Sports,1.7328618808846166,0.1359943706420929
Last push for votes in Australia. The two main contenders in Australia's federal election make their final pitches before Saturday's poll.,World,1.8333064361672093,0.5737341005233796
"Web services for your TiVo?. Microsoft, Intel and others pitch the technology as a way to manage everything from big corporate servers to consumer electronics.\&lt;br /&gt; Recent TiVo news: Janet Jackson still holds replay title",Sci/Tech,-9.05015885390237,-3.3351313512893648
"Keane #39;s job to inspire, not just play. PARIS - Roy Keane #39;s return to the Irish team is not so much about what he can produce on the pitch, but what he can inspire in others.",Sports,-6.357578630818875,-8.417289439973446
McGrath and Kasprowicz push India to the brink. India enjoyed their best day of the first Test here yesterday but still face defeat on a pitch that is starting to favour the spinners.,Sports,-7.702497835530789,-5.6697170179458585
Struggling pitcher thrust into heart of series. MINNEAPOLIS -- Struggling right-hander Javier Vazquez will start for the New York Yankees in Game 4 of their AL Division Series against the Minnesota Twins on Saturday.,Sports,3.2287008210282018,0.029966454568293777
"Web services for your TiVo?. Web services are becoming increasingly popular for linking software programs. Now, Microsoft and some other big companies are pitching the technology as a way to manage everything from big corporate servers to mobile phones.",Sci/Tech,2.388627771959751,-2.834563915071103
Gore Touts Promise of Stem-Cell Research (AP). AP - Former Vice President Al Gore touted the promise of stem-cell research for curing debilitating and deadly diseases on Friday #151; using his pitch to stump for fellow Democrats Christine Gregoire and Dave Ross.,Sci/Tech,-9.839851732625515,-3.7853097360702486
"Brown, Jeter Hand Yankees Series Lead Over Twins. NEW YORK (Reuters) - Kevin Brown pitched six innings and Derek Jeter notched three hits and drove in three runs to lead the New York Yankees to an 8-4 victory over the Minnesota Twins in the American League Divisional Series Friday.",Sports,4.941653375254123,1.9711173135665925
Twins #39; Santana to start Game 4 on short rest. Johan Santana is ready to start against the New York Yankees on short rest. The left-hander told Minnesota Twins pitching coach Rick Anderson on Friday that,Sports,4.2465382858376195,-1.471422497567746
"A Red Sox sweep for the ages. In one of the most electrifying moments in the history of a ballpark that's almost older than household electricity, slugger David Ortiz last night propelled the wild-and-crazy Red Sox into the American League Championship Series with a 10th-inning, first-pitch, two-out, two-run, walkoff homer into the seats above Fenway Park's left-field wall.",Sports,-10.4990247444053,2.595424707594302
"On the brink, Dodgers left to lean on Lima. He sings, he dances. He serves as the Dodgers' unofficial cheerleader, racing nonstop around the dugout and constantly pumping his teammates up. Most important, Jose Lima pitches -- and very well at Dodger Stadium.",Sports,2.060927872286289,-0.7327178757759063
Cards Hope Morris Can Close Out Dodgers (AP). AP - Matt Morris went from longtime ace of the St. Louis Cardinals' pitching staff to the middle of their rotation in the first round of the playoffs.,Sports,3.6746261014799764,2.9853947717575102
"No rest for Roger, Astros. At age 42, Roger Clemens has done it all for the Astros this season. Tomorrow, he will do something he hasn #39;t done all season - pitch on three days #39; rest.",Sports,-12.34994256056741,2.765916402998355
Al Gore Touts Promise of Stem-Cell Research. By ELIZABETH M. GILLESPIE SEATTLE (AP) -- Former Vice President Al Gore touted the promise of stem-cell research for curing debilitating and deadly diseases on Friday - using his pitch to stump for fellow Democrats Christine Gregoire and Dave Ross...,Sci/Tech,-9.845570917501004,-3.76770204716644
Braves' Thomson Leaves Game 3 (AP). AP - Atlanta Braves starter John Thomson reaggravated a sore muscle on his left side and came out of Game 3 of the NL playoff series after just four pitches Saturday.,Sports,6.619066123590915,-0.5243653696151702
Reaggravated injury forces Braves #39; Thomson out after four pitches. HOUSTON -- Atlanta Braves starter John Thomson reaggravated a sore muscle on his left side and came out of Game 3 of the NLDS after just four pitches to the Houston Astros Saturday.,Sports,3.68095782838866,0.921825702848819
"The Rocket Ready to Go on Short Rest (AP). AP - At 42, Roger Clemens is ready to pitch on three days of rest for the Houston Astros. After all, playing in the postseason with his hometown team is one of the primary reasons he came out of his brief retirement.",Sports,-12.717736597432644,2.9269266683486967
"Astros Beat Braves 8-5, Take 2-1 Series Lead. HOUSTON (Reuters) - Brandon Backe pitched six strong innings and Morgan Ensberg drove in three runs to secure the Houston Astros an 8-5 divisional playoff victory over the Atlanta Braves Saturday.",Sports,5.078465942965,2.1600006181625395
"Hernandez Uncertain About Return. Orlando Hernandez's tired right arm felt better Saturday, but he's not sure when he'll be able to pitch again for the Yankees.",Sports,-12.888268823995144,3.1038694936660796
"Beltran, Backe combine to push Braves to brink as Astros earn 8-5 &lt;b&gt;...&lt;/b&gt;. A couple of new Killer Bs have the Houston Astros one win away from ending 43 seasons of playoff failure. Carlos Beltran hit a two-run homer and Brandon Backe pitched six solid innings in his",Sports,2.597055320368259,1.3613944608596833
"Cardinals keep on cruising despite average starting pitching. ST. LOUIS -- Good starting pitching, to the marauding Cardinals of St. Louis, is not much more than an afterthought these days. It #39;s nice to have.",Sports,2.841948871241062,-1.772877756890866
"Predictable Scots are punished by Iversen. Scotland #39;s prospects of qualifying for the World Cup from Group 5 - or even of securing victory in Moldova on Wednesday - turned from dark grey to pitch black yesterday, when a predictably uninspired beating from Norway left them with one point from their",Sports,-8.842602129354031,-4.713391486939999
"Yankees Beat Twins to Win Playoff Series (AP). AP - A big home run by Ruben Sierra, a clutch 11th-inning hit by Alex Rodriguez and the New York Yankees are headed right back where most people figured #151; playing the Boston Red Sox for the AL pennant. Sierra's three-run homer in the eighth inning tied it, then Rodriguez doubled, alertly stole third base and scored the go-ahead run on a wild pitch by Kyle Lohse to lift the Yankees over the Minnesota Twins 6-5 Saturday.",Sports,-9.899095888509304,2.6423476297287016
"Yankees Close Out Twins. Alex Rodriguez scores on a wild pitch in the 11th innning to lead the New York Yankees into the AL Championship Series by defeating the Minnesota Twins, 6-5, on Saturday.",Sports,-10.08536564864114,2.6645944673446684
Lima pitches Dodgers past Cardinals. LOS ANGELES - Jose Lima willed the Los Angeles Dodgers to their first postseason win in more than 15 years. Lima pitched eight shut out innings in a 4-0 win against the St.,Sports,4.471348707304447,1.7412533122924836
"Rodriguez Scores Winning Run as Yankees Take Series. NEW YORK (Reuters) - Alex Rodriguez scored from third base on a wild pitch by Kyle Lohse in the top of the 11th inning, giving the New York Yankees a 6-5 win over the Minnesota Twins in their American League Divisional Series in Minneapolis Saturday.",Sports,-10.037041063680203,2.6857734281448393
"Thanks to Lima and Green, Dodgers Finally Have Some Life. Jose Lima handled the pitching, Shawn Green handled the hitting, and the Los Angeles Dodgers handled the St. Louis Cardinals on Saturday night.",Sports,2.147384409532993,-0.5715201836200683
"Houston tops Atlanta, leads 2-1. Carlos Beltran hit a two-run homer and Brandon Backe pitched six solid innings in his postseason debut as the Houston Astros got their 19th straight home win, 8-5 over Atlanta yesterday for a 2-1 lead in their NL Divisional Playoffs series.",Sports,2.3839206739525487,2.3189004022506743
"Yanks Advance to ALCS After Beating Twins. MINNEAPOLIS - A big home run by Ruben Sierra, a clutch 11th-inning hit by Alex Rodriguez and the New York Yankees are headed right back where most people figured - playing the Boston Red Sox for the AL pennant. Sierra's three-run homer in the eighth inning tied it, then Rodriguez doubled, alertly stole third base and scored the go-ahead run on a wild pitch by Kyle Lohse to lift the Yankees over the Minnesota Twins 6-5 Saturday...",World,-9.989911432637722,2.697547968092349
"Clemens ready to step to fore. At 42, Roger Clemens is ready to pitch on three days #39; rest with a chance to make postseason history for the Houston Astros. After all, playing in the postseason with",Sports,-12.478341455831082,2.8936429578689604
"Francona likely to keep winning roster intact. With two days to go before they file their roster for the Championship Series, the Red Sox yesterday appeared likely to stick with the 25 players who helped them sweep the Angels in the first round. The Sox used every position player, including rookie third baseman Kevin Youkilis , in the opening series and every pitcher but Curtis Leskanic and ...",Sports,0.33399188958212633,-1.8043662946792571
Lima #39;s stellar start keeps LA alive. In Short* Jose Lima pitched his first complete game since 2001 to keep the Dodgers alive. l Los Angeles had lost eight postseason games in a row since beating Oakland in the 1988 World Series.,Sports,3.4547670825581243,1.3728629905609162
"Yankees-Sox again for ALCS. New Yorks Bernie Williams, left, and Derek Jeter welcome Alex Rodriguez, right, after he scored the winning run on a wild pitch by Minnesota Twins Kyle Lohse in the 11th inning of Game 4 of the American League Division Series on Saturday in",Sports,-10.056245203389675,2.6622989732650786
"Three pops and Thomson goes out. Atlanta Braves starting pitcher John Thomson, center, is pulled from the game against the Houston Astros during the first inning of Game 3 of the National League Division Series in Houston, on Saturday.",Sports,4.058322657571285,0.5959392744926484
"Clemens Aims for Astros' First Series Win (AP). AP - A couple of new Killer Bs have the Houston Astros one win away from ending 43 seasons of playoff failure. Carlos Beltran hit a two-run homer and Brandon Backe pitched six solid innings in his postseason debut to lead the Astros to their 19th straight home win, 8-5 over Atlanta on Saturday for a 2-1 lead in their NL series.",Sports,2.8427047773461034,2.316986139479068
"Yankees Take Series Over Twins; Dodgers, Astros Win (Update5). Alex Rodriguez doubled, stole third and scored on a wild pitch in the 11th inning as the New York Yankees rallied to beat the Minnesota Twins 6-5 and advance to the American League Championship Series against Boston.",Sports,-10.045480127706082,2.672638233366397
"National League Playoff Game Summary - Atlanta at Houston. Houston, TX (Sports Network) - JD Drew singled home Rafael Furcal with the go-ahead run in the top of the ninth and John Smoltz pitched out of a jam in the bottom of the inning, as the Atlanta Braves forced a decisive fifth game of the National League",Sports,4.230310504065006,2.4630430299667387
"Family Tragedy for Yankees Pitcher. (New York-WABC, October 10, 2004) - The euphoria of Saturday night #39;s win was quickly overshadowed Sunday, when two relatives of Yankees pitcher Mariano Rivera died in a swimming pool accident Saturday night at his home in Panama.",Sports,2.9725527807335546,-0.900377814111325
Brazil fans invade pitch. KAKA and Ronaldo hit two goals each as Brazil held their lead in the South America World Cup qualifiers after a comfortable win at Venezuela during a match twice interrupted by fans running onto the pitch.,Sports,-6.748985643758328,-7.799242679414364
"Airbus, Boeing in subsidies battle. Late in August, Boeing #39;s top sales execs flew to Singapore for a crucial sales pitch. They were close to persuading Singapore Airlines, one of the world #39;s leading airlines, to buy the American company #39;s new jet, the mid-sized 7E7.",Business,-9.65663086928323,-3.655936900910947
"Family Tragedy Sends Rivera Home to Panama. Yankees pitcher Mariano Rivera traveled Sunday to his home in Panama, where two members of his wife's family died in an electrical accident on Saturday.",Sports,4.642511193380802,0.7213550764946015
Cardinals Take Series. Jeff Suppan pitches seven strong innings and Albert Pujols drives in four runs to eliminate the Dodgers from the postseason with a 6-2 win on Sunday.,Sports,2.0352090641121556,1.95067387408295
"Gates preps to pitch #39;XP Reloaded. Nearly three years have passed since Microsoft Corp. released the last full version of Windows, the Redmond company #39;s most important and profitable product.",Sci/Tech,-9.290167208089382,-3.6335060041519136
"Stephen Dunn/Getty Images. or, more accurately, the starter -- the Dodgers were in deep trouble in this one. Manager Jim Tracy made an early move to get his starting pitcher, Odalis Perez, out",Sports,2.503020410166233,-0.9128974121185272
"Braves win in Houston, force Game 5. Houston, TX (Sports Network) - JD Drew singled home Rafael Furcal with the go-ahead run in the top of the ninth and John Smoltz pitched out of a jam in the bottom of the inning, as the Atlanta Braves forced a decisive fifth game of the National League",Sports,4.134033296928852,2.5033491212753325
"Lima gets do-or-die start in Game 3. Through two postseason games, the St. Louis Cardinals have shredded the Los Angeles Dodgers #39; starting pitching. Odalis Perez surrendered six runs in Game 1. Jeff Weaver was touched",Sports,2.8239470764259984,0.818384404840854
Cardinals Win Playoff Series From Dodgers; Braves Force Game 5. A home run by Albert Pujols and another strong pitching performance on the road by Jeff Suppan moved the St. Louis Cardinals into the National League Championship Series.,Sports,2.813487653360813,3.007712181272891
"Coach was in on the pass game. FOXBOROUGH -- Bill Belichick is a pretty good salesman. He was able to pitch to his team for weeks that setting an NFL record by winning 19 straight games, including postseason, was not important. Yet after his team set the mark in yesterday's 24-10 win over the Miami Dolphins, Belichick acknowleged the achievement and complimented his players.",Sports,-13.003713007344754,2.313051756086734
"Dodgers at a loss without pitching to beat St. Louis. Their starting pitching was all but spent by Labor Day, but the Dodgers still held on to win the National League West. The St. Louis Cardinals, who have the NL #39;s best offense",Sports,2.5211975618462255,0.9530498344329865
"Sports: GM, agent, say Rivera will be available Tuesday. NEW YORK It appears New York Yankees ace relief pitcher Mariano Rivera will be ready for tomorrow night #39;s American League pennant series opener against Boston.",Sports,4.460070733652561,0.33816259688415834
Oswalt set on ending Astros hex. By wire services. Now it #39;s Roy Oswalt #39;s turn to try to pitch the Astros to their first playoff series victory. He can only hope for more help from his bullpen than Roger Clemens got Sunday.,Sports,-13.232745523824246,2.3733296949295073
"Comeback part of Braves #39; makeup. The Atlanta Braves don #39;t have the dominating pitching or explosive hitting of previous years, but they do have a penchant for scratching out wins, as they did Sunday, beating",Sports,2.791320924387424,-1.3556224744888274
NatFoods makes its pitch for SPC. PERENNIAL takeover target and suitor National Foods has identified SPC Ardmona as a merger partner in a deal that would add packaged fruit to its own dairy operations and build a major Australian food company.,Business,-9.59355771101907,-3.4856879156204195
"Romanians Pitch Rumsfeld on Base Location (AP). AP - One day after visiting Iraq, Defense Secretary Donald H. Rumsfeld toured a spruced-up military base here Monday and heard a Romanian government sales pitch for making it a new American outpost within easy reach of potential hot spots in the Middle East and Central Asia.",World,-9.094405527486355,-3.385572377976987
"Tragedy strikes Rivera #39;s family. Yankees pitcher Mariano Rivera traveled from New York to his home in Puerto Caimito, Panama yesterday morning after two of his wife #39;s relatives died in an electrical accident there on Saturday.",Sports,3.829522412941902,0.10010659283676454
Schilling wants to quiet Yankee Stadium crowd. (Sports Network) - The Boston Red Sox acquired pitcher Curt Schilling in the offseason so they would be able to experience the jubilation of finally winning a World Series for the first time since 1918.,Sports,2.7206758304695775,-0.31919576638660124
"Baseball: Win for the Yankees. Alex Rodriguez scored from third base on a wild pitch by Kyle Lohse in the top of the 11th innings, giving the New York Yankees a 6-5 win over the Minnesota Twins in their American League Divisional Series in Minneapolis.",Sports,-10.01283204115823,2.717849310102847
"Rivera Comforts Relatives in Panama. NEW YORK - Amid the bustle of the New York clubhouse, Mariano Rivera's untouched locker stood out as a reminder that the New York Yankees might be without their best pitcher in the opener of the American League championship series. Rivera flew home to Puerto Caimito, Panama, after two family members were electrocuted in his pool, leaving the possibility that he might not be available for Game 1 of the ALCS against the Boston Red Sox on Tuesday...",World,0.366851453409641,-1.2483987253280608
This Date in Baseball for Oct. 12 (AP). AP - 1916 #151; The Boston Red Sox won the World Series in five games with a 4-1 victory over the Brooklyn Dodgers. Ernie Shore pitched a three-hitter for Boston.,Sports,4.202380065546482,2.0706186849502592
"Devastating blow. Red Sox Nation collectively cursed Yankees third baseman Aaron quot;Bleeping quot; Boone last Oct. 16 when he clobbered Tim Wakefield's first-pitch knuckleball in the 11th inning of Game 7 of the American League Championship Series deep into the New York night, giving the Yankees the AL pennant and a berth in the World Series, and sending the Sox ...",Sports,-10.582868929280789,2.5691660005477934
"It may come down to closing time. This is the way it ended last year: An exhausted and emotionally spent Mariano Rivera dropped to his knees after pitching the hardest three innings of his life, sobbing and praying and finally falling prone on the hill, wrapping his arms around the mound in a mixture of thanksgiving and relief. For three innings -- the most ...",Sports,0.7440379901985814,-1.6720296781631439
"You Wanted The Best, You Got The Best. NEW YORKCurt Schilling started Game Seven of the World Series for the Diamondbacks against the Yankees in 2001. Three years later, he finally gets to pitch in the biggest game of his life when he takes",Sports,-12.884097452535183,2.889528806867984
"Rivera Says He Plans to Return for Game 1. NEW YORK - Physically and emotionally drained after the deaths of two of his wife's relatives, Mariano Rivera planned to be ready to pitch in the American League championship series opener. ""I am going back to New York tomorrow, after the funeral, and rejoin the team,"" the New York Yankees' closer said Monday outside his home in Panama...",World,-13.07126938857034,2.844447429838565
Pirates Release Pitcher Nelson Figueroa (AP). AP - The Pirates unconditionally released right-handed pitcher Nelson Figueroa on Tuesday.,Sports,6.768868569956272,-1.2463448684783904
U2 pitches for Apple. New iTunes ads airing during baseball games Tuesday will feature the advertising-shy Irish rockers.,Sci/Tech,4.489037994966953,-0.0814864602061241
"Astros to Pitch Backe, Munro Vs. Cards (AP). AP - In Roger Clemens and Roy Oswalt, the Houston Astros have one of the best pitching tandems in all of baseball. Only one problem going into the NL championship series: With no time to rest, those guys have been aced out of starting the first two games against the St. Louis Cardinals.",Sports,-12.778750772847683,2.4970529634384184
"Fifth-Game Success. GameNight: After winning the NLDS clincher on three days #39; rest, Astros pitcher Roy Oswalt looks ahead to the Cardinals #39; series.",Sports,2.5565834089379003,-0.3428126465650528
"U2 pitches for Apple. com October 12, 2004, 3:15 PM PT. It was a beautiful day for Apple Computer on Tuesday, as the company kicked off a new advertising campaign featuring rock superstars U2.",Sci/Tech,3.846010482610314,1.2896537143615754
"Beltran causes Cardinals concern. Not to the Astros, not to the St. Louis Cardinals and certainly not to the Atlanta Braves, who saw firsthand what kind of impact he can have by feasting on the league #39;s best pitching staff during the National League Division Series.",Sports,2.645888809786289,-1.2378553789230315
"WENGER BACKS LEHMANN #39;S CLAIM. Arsenal boss Arsene Wenger has backed Jens Lehmann to fulfil his World Cup dream by claiming the Germany number one shirt, despite off-the-pitch complications threatening to kill off his chances altogether.",Sports,-6.384398813619168,-8.385267917451474
"Schilling #39;s ankle will require surgery. Curt Schilling needs surgery on his injured right ankle, but the Red Sox hope he will still be able to pitch Game 5 of the AL championship series Sunday.",Sports,-13.42875229872659,2.393285091581729
"Schilling's Ankle Will Require Surgery (AP). AP - Curt Schilling needs surgery on his injured right ankle, but the Red Sox hope he will still be able to pitch Game 5 of the AL championship series Sunday.",Sports,-13.409575815572293,2.3654053766159087
"Schilling #39;s Ankle Will Require Surgery. Boston Red Sox pitcher Curt Schilling watches as New York Yankees Gary Sheffield rounds first base after hitting a double in the first inning of game one of the ALCS in New York Tuesday, Oct. 12, 2004.",Sports,4.069548998699634,0.6666731793312104
Astros #39; Backe living out a dream. CBC SPORTS ONLINE - The Houston Astros aren #39;t pitching future Hall of Famer Roger Clemens or 20-game-winner Roy Oswalt in Game 1 of the National League Championship Series.,Sports,3.5212874158482244,-0.7474082749458282
"Astros must go to Plan B with pitchers. ST. LOUIS - If Andy Pettitte and Wade Miller were available, the Houston rotation would be set up perfectly for the National League Championship Series.",Sports,2.7066072269539525,-0.11235552389456621
"Schilling Needs Surgery. Curt Schilling needs surgery on his injured right ankle, but the Red Sox hope he will still be able to pitch Game 5 of the ALCS on Sunday.",Sports,-13.3676770881553,2.434334095182803
"Schilling #39;s Postseason May Be Finished. It is the first rule that every aspiring pitcher learns. Without a balanced delivery, nothing works. For a right-hander, the right ankle is the foundation.",Sports,2.091066007242649,-0.9017366211982696
"Cardinals 2, Astros 2. Woody Williams and Brandon Backe had shaky starts in Game 1 of the NLCS, each pitcher allowing a two-run homer in the first inning to the opposing team #39;s star.",Sports,3.4770067080120732,1.194129522505191
"Minaya's First Move With the Mets Is to Clean House. Omar Minaya, the Mets' new general manager, fired or reassigned every coach on Wednesday except for Rick Peterson, the club's highly touted pitching coach.",Sports,1.9625797315697362,-0.2529243420930832
Yankees Edge Red Sox to Take Command of Series. NEW YORK (Reuters) - Jon Lieber pitched seven shutout innings and John Olerud cracked a two-run homer as the New York Yankees dumped the Boston Red Sox 3-1 on Wednesday to take command of the American League championship series.,Sports,5.003382567987888,2.1150172311691313
Mets coaches axed. The Mets made the expected changes to Art Howe #39;s former staff in announcing yesterday that only pitching coach Rick Peterson would be retained.,Sports,4.1453938826183965,-1.0049655478569
"New spin on rotation?. If tired-armed righthander Orlando Hernandez continues to feel better, he may well get the call for Game 4 Saturday ahead of Javier Vazquez . Hernandez, who has not pitched this postseason, threw 40 pitches in the bullpen yesterday and came through it well, according to Yankees manager Joe Torre .",Sports,4.423866276369541,-1.5648526590438812
"Lowe ready to contribute in any role. All the baseball world yesterday learned that a pitcher's ankle bone is connected to his pitching bone, but the late-afternoon revelation here at Yankee Stadium was the medical/anatomical bulletin that Curt Schilling's ankle bone is connected to Derek Lowe's pitching bone.",Sports,2.060229186640232,-1.332010452088925
"Martinez can #39;t do much more for Boston, daddy-o. For all of the fuss about Pedro Martinez #39;s genealogical assertions, the critical factor in the American League Championship Series has been Boston #39;s inability to provide for its pitchers.",Sports,2.794700507746189,-1.2685911100479095
"Astros look to pull in even in Game 2. ST. LOUIS (Ticker) -- Fresh off a convincing win in Game One of the National League Championship Series, the St. Louis Cardinals will try to use another favorable pitching matchup Thursday when they meet the Houston Astros in Game Two.",Sports,2.8555162592987706,-0.046143893537136826
"Munro, Morris Face Off in NLCS Game 2 (AP). AP - The Houston Astros put their hopes in a pitcher untested in the postseason when they give Pete Munro the ball to start Game 2 of the NL Championship series on Thursday, one night after dropping the opener to the St. Louis Cardinals 10-7.",Sports,3.5584940358261754,2.367699201765445
"Martinez may step up a spot for a Game 5. Pedro Martinez could be back on the mound for the Boston Red Sox sooner than the New York Yankees expected. After throwing 113 pitches in a 3-1 loss in Game 2 on Wednesday night, Martinez said he #39;d be willing",Sports,3.8834078914682557,-1.470757428941342
Eriksson tells Beckham to give up on kick and tell. SVEN Goran Eriksson has warned David Beckham to keep quiet about his indiscretions on the pitch as he intimated the players cardinal sin was not getting booked on purpose - but admitting to it in public.,Sports,-6.3986409858603785,-8.372528735932919
Astros Pinning Hopes on Untested Pitcher. Houston put their hopes in a pitcher untested in the postseason when they give Pete Munro the ball to start Game 2 of the N.L. Championship Series tonight.,Sports,3.562678073273151,2.1102543432144194
"Untested Munro Gets Ball. The Houston Astros, down 0-1, put their hopes in a pitcher untested in the postseason when they give Pete Munro the ball (8:19 p.m., Fox).",Sports,3.288110737429111,2.159602220716861
"Ford Brings Back Steve McQueen. DETROIT is exhuming another face from the past to pitch its cars to a new generation. A digitally revived Steve McQueen, who died in 1980, will be reprising the character of Lt.",Business,-9.08939396895364,-3.3442367952438325
"Sox to go without Schilling. Boston - Given a short flight home and abbreviated night #39;s sleep, the Boston Red Sox decided not to bother. Curt Schilling will not pitch in Game 5 of the American League Championship Series because of a dislocated",Sports,-13.06094109572366,2.905569132032779
"No Game 5 start for Schilling. That could be all, folks. Barring a last-minute breakthrough, Curt Schilling may have thrown his last pitch in trying to help the Red Sox end their 86-year championship famine.",Sports,-11.045124407186062,2.637752350035098
"Hernandez will put up dukes. Orlando Hernandez , who hasn't pitched in more than two weeks, will start Game 4 tomorrow night for the Yankees against Tim Wakefield . quot;Experience, quot; said manager Joe Torre , who bypassed Javier Vazquez to go with El Duque, who has pitched in four World Series and has a 4-1 record in League Championship Series.",Sports,4.102408473120182,-1.2920740287872283
Brown feels fortunate to have a hand in series. Thirty-two pitches. That's a couple innings for most pitchers -- or two lengthy Johnny Damon at-bats. It amounted to Kevin Brown's entire body of work against the Red Sox Sept. 26. It was not a pretty sight.,Sports,1.9647768779854466,-1.5412896316619842
Cardinals go back-to-back. The Houston Astros return home for Game 3 of the National League Championship Series tomorrow with ace pitchers Roger Clemens and Roy Oswalt ready to go against the St. Louis Cardinals.,Sports,1.9455391212563207,0.9259805042175324
"Phillies to keep Wagner, Rodriguez. The Philadelphia Phillies Friday picked up the options on two pitchers, including closer Billy Wagner. Under the terms of his contract, Wagner, 33, will be paid \$9,000,000 next season.",Sports,4.834801082239597,-1.7044884603591888
"Schilling Pitches and Boston Hopes. Curt Schilling pitched off a bullpen mound for 20 minutes on Friday, for the first time giving the Boston Red Sox hope in this A.L.C.S.",Sports,1.4988828941445043,-0.5166300874324767
"Astros Turn to Clemens With Series on the Line. Twenty-one years after Roger Clemens pitched the Texas Longhorns into the College World Series, he is back in Texas preparing to pull another string.",Sports,1.662461404428928,-0.06847800352892569
"India looking to extend lead. India resume batting on third day of second Test against Australia in Chennai from the score of 291 for six. India has a lead of 56 runs, but they will be hoping to extend it on a pitch where batting last will be a huge challenge.",Sports,-7.574042673482449,-5.852862064179989
Francona Cautious About Schilling. BOSTON - Red Sox manager Terry Francona expressed cautious optimism Friday that RHP Curt Schilling #39;s injured right ankle may allow him to pitch before the end of the American League Championship Series.,Sports,-12.94708382643655,3.040759857359317
"Changeups can't cross up Varitek. The Red Sox pitching rotation is suddenly a shell game. It started out as Curt, Pedro, Bronson, and Wake, with Derek as the odd man out. But then Curt's ankle made headlines, and that's why Derek will pitch for Curt in Game 5. No, wait. Now it's raining, and everyone gets an extra day off, so Pedro might pitch for ...",Sports,-13.001756067647488,2.9051364023117094
"Schilling still may pitch for Boston against New York. BOSTON -- With a balky ankle and tight shoes, Curt Schilling took the mound on Friday, throwing batting practice speed in the bullpen during a steady rain.",Sports,-12.896169062032254,3.0016944963363676
"Cards' Kline Could Return in Postseason (AP). AP - Ailing St. Louis reliever Steve Kline was unavailable for Game 3 of the NL championship series on Saturday, but Cardinals manager Tony LaRussa hopes the left-hander will pitch later this postseason.",Sports,-12.8581556037803,2.878423269453433
"Marquis focused on Game 4 start. St. Louis Cardinals pitcher Jason Marquis could be miffed at what could be considered a demotion, being quot;bumped quot; to Sunday #39;s Game 4 of the National League Championship Series against the Houston Astros.",Sports,3.8757007985572507,-0.8050482910247772
Stifling Blues add to United worries. Manchester United manager Sir Alex Ferguson flooded the pitch with strikers in a bid to steal a victory that he hoped would prevent Arsenal and Chelsea disappearing over the Premiership horizon.,Sports,-6.4941610053916285,-8.239501659211728
Clemens Pitches Astros Back Into NLCS Series. HOUSTON (Reuters) - Roger Clemens pitched seven gritty innings and Houston batters belted three home runs as the Astros beat the St Louis Cardinals 5-2 in Game Three of the National League Championship Series Saturday.,Sports,5.153275374994724,1.8665850717453034
"Yankees Stun BoSox 19-8 for 3-0 ALCS Lead. BOSTON - The Yankees kept circling the bases, battering Boston's beleaguered pitching staff. By the time the long, long night ended with a devastating 19-8 rout over the Red Sox, the dreaded New Yorkers were just one game away from a shocking sweep...",World,0.33525836907431383,-1.4367747943969695
"Clemens Plays Role Of Hometown Hero. HOUSTON - Roger Clemens has pitched as many important games as any pitcher of his generation, including nine All-Star games and seven World Series outings.",Sports,4.212714885101764,1.7062117416290314
"Game 3 outburst just one way club has built 3-0 lead. The New York Yankees, having won the taut pitchers #39; duel in Game 2, took Game 3 of the American League Championship Series to the other end of the spectrum.",Sports,2.461775188074558,-0.4946303408714264
"Rocket saves the day. Putting aside talk this might be his final game, Clemens focused on something more important - pitching to save the Astros #39; season.",Sports,1.991394762621372,-0.8139484565826385
ALCS NOTEBOOK Lowe gets to start for Sox in must-win situation. Boston -- What #39;s in store today for Boston #39;s beleaguered pitching staff? Scheduled starter Tim Wakefield volunteered to work in relief on Saturday and threw 3 1/3 innings.,Sports,3.698268745766132,-0.6893847029777496
"Starters were finished early. In a game of whose starting pitcher was worse, the Red Sox finally won something -arely. Because both Boston #39;s Bronson Arroyo and the Yankees #39; Kevin Brown were awful last night",Sports,2.343137149439304,-1.1509749334426849
"Cardinals #39; Kline hopes to return. Houston- Although the index finger on his throwing hand was so stiff Saturday he couldn #39;t bend it, St. Louis Cardinals reliever Steve Kline is still hoping to pitch again this postseason.",Sports,-12.67143570937112,3.123017128172305
"Astros #39; Oswalt will pitch through pain. Before Astros righthander Roy Oswalt starts today #39;s Game 4 of the NLCS, he #39;ll need a painkiller injection for an aggravated left rib cage muscle.",Sports,-12.514058466329129,2.982537086668399
"If the new shoe fits, Schilling may wear it. The suspense surrounding Curt Schilling's possible return to the mound in the American League Championship Series intensified yesterday as the Red Sox indicated Schilling has found the footwear that would enable him to pitch if his injured right ankle permits it.",Sports,-12.60337388075784,2.999376352491763
"Wakefield's return engagement came early. He had anticipated being at the starting line of tonight's fourth game of the American League Championship Series. Instead, Tim Wakefield found himself in the middle of a pitching meltdown last night, called upon to try and lend soothing relief in a sorry excuse for playoff baseball.",Sports,1.805276517496555,-1.3872110288711517
"Oswalt hopes to pull Astros even. CBC SPORTS ONLINE - Roger Clemens did his part, now Roy Oswalt - the Houston Astros #39; other ace pitcher -opes to follow his veteran teammate #39;s lead.",Sports,3.2978243275742223,-0.7964064519973724
"Mercy! Longest night at Fenway. BOSTON - They have outpitched them, outhit them, beaten them early and run away from them late. Saturday night, the New York Yankees went after Boston with the truncheon.",Sports,2.1130294843773534,-0.575413648423764
"Yanks Lead Boston 2-0 After Four Innings. New York Yankees #39; Alex Rodriguez hits a two-run homer against Boston Red Sox pitcher Derek Lowe during the third inning of game 4 of the ALCS Sunday, Oct. 17, 2004 in Boston.",Sports,4.135540996418445,0.7237542230514558
"Sox Ace Eyes Return. Boston pitcher Curt Schilling threw in the bullpen for the second time in three days Sunday, but it was unclear whether he would be available for the rest of the ALCS.",Sports,3.158007506952732,1.701096828642276
"For Merck, a Painful Withdrawal. The two Merck amp; Co. executives were somber as the company plane pitched and rolled through the remnants of Hurricane Jeanne on the night of Sept.",Business,1.308544044123142,-0.9525069039436309
"Beltran powers Astros to game 4 win. Julian Tavarez #39;s 2-2 slider to Carlos Beltran was theoretically a good pitch Sunday afternoon. It was low, outside and traveling 81 miles per hour.",Sports,-10.880466814412625,3.0178471166519194
Dogged Astros Refocus Eyes on Texas. The pitching coach who has been in professional baseball for 40 years thought the ball was too low. The relief pitcher who has been on major league mounds for more than a decade feared it would bounce on the plate.,Sports,1.8402839943031957,0.38243752306976625
"Former Royal basking in spotlight. HOUSTON -- Millions of people around the world are watching baseball's playoffs, some so invested and otherwise enthralled that they'll watch every pitch. As of yesterday morning, four teams were still in the hunt for the World Series, making for four high-end lineups with eyes fixed on bleached-white horsehide and coarse red seams.",Sports,-11.159487123860867,2.6198039609817534
"A wild night for Cards reliever. HOUSTON - The ball sailed inches over the head of Jeff Bagwell for ball four. The Astros first baseman said something to Cardinals pitcher Julian Tavarez , who yelled something back.",Sports,2.4534840627770116,0.0994943935302765
"Pen certainly helped pin this victory down. The night before, they looked like glorified batting practice pitchers. Last night, the members of the Boston bullpen needed to be almost letter-perfect and, for the most part, they were.",Sports,1.900951509104221,-1.5993530195327728
"One wonderful seven-year pitch. Seven years of Pedro. Went by quickly, huh? Seven years, the best of which may very well have been the best pitching ever done in a Boston uniform. Seven years of feistiness. Seven years of blazing fastballs. Seven years of spellbinding changeups. Seven years of pitching inside, sometimes waaaaay inside. Seven years of double-digit strikeouts. Seven years of sheer virtuosity. ...",Sports,-11.778651590718777,2.703899915876773
"MLB: Schilling cleared for Game 6. A test of his sore right ankle finds him ready to go, if Red Sox can win Game 5 today. BOSTON - Boston ace Curt Schilling was cleared to pitch a possible Game 6 of the AL Championship Series against the Yankees",Sports,-13.31938492812112,2.3400877077011137
"NLCS: Down to a best-of-three. HOUSTON (Ticker) -- Now that they have used up their two pitching stars to even the National League Championship Series at two games apiece, the Houston Astros must turn to the back end of their rotation in a crucial Game Five vs.",Sports,2.4137061878304173,-0.29695058279952696
"Tavarez Breaks Hand After Leaving Game 4 (AP). AP - St. Louis righty Julian Tavarez broke his left hand during a dugout tantrum in Game 4 of the NL championship series, and it was uncertain Monday when the reliever would pitch again.",Sports,-12.794881220235379,2.865804727735904
"Astros Beat Cards 3-0 to Take NLCS Lead. HOUSTON - On a night when pitching suddenly took over the NL playoffs, someone was bound to get a hit. Fortunately for the Houston Astros, Jeff Kent stepped up...",World,0.2139474197487523,-1.648285095033261
"Astros Beat Cards 3-0 to Take NLCS Lead (AP). AP - On a night when pitching suddenly took over the NL playoffs, someone was bound to get a hit. Fortunately for the Houston Astros, Jeff Kent stepped up.",Sports,3.083253507242649,0.5063329297927888
"Astros Take Lead. Jeff Kent ends a pitcher's duel with a three-run homer in the ninth Monday that lifts the Astros over St. Louis, 3-0, for a 3-2 edge in the NLCS.",Sports,2.022405867205112,1.7943270761398347
"Boston Beats Yanks 5-4 in 14 Innings. BOSTON - Just like the game that seemed it would never end, Boston's season just won't end. David Ortiz's RBI single on the 471st pitch of the game with two outs in the 14th inning capped a second straight amazing comeback in less than 24 hours Monday night and gave the Red Sox a 5-4 victory over the New York Yankees in the AL championship series...",World,-10.61097943343118,2.7827683050064116
"Tavarez Breaks His Hand in Outburst. In what must now be considered an epidemic, yet another pitcher involved in this postseason has broken his non-throwing hand during a tantrum that followed a poor performance.",Sports,2.3363060995201756,0.0011180300144226218
"Red Sox refuse to give up. BOSTON - Patiently, David Ortiz fouled off the best fastballs and sliders Esteban Loaiza could throw. Through a 10-pitch at-bat, he refused to cave in, refused to let this series, this season die.",Sports,-10.373297090901882,2.6475546914962798
Starters: Nothing was something. Brandon Backe and Woody Williams pitched well last night even though neither earned a win. But their outings will show up in the record books.,Sports,2.2341160818199803,-1.4167192619415252
"Kent blasts Astros ahead. Roger Clemens is ready to go on short rest tomorrow. The Astros don #39;t need to rush him back. In a stellar pitching duel and defensive clinic last night, Houston beat the Cardinals, 3",Sports,2.994588737116306,-1.2519047897430389
"Astros Beat Cards, Take NLCS Series Lead. HOUSTON - On a night when pitching suddenly took over the NL playoffs, someone was bound to get a hit. Fortunately for the Houston Astros, Jeff Kent stepped up...",World,0.2513433738808324,-1.646502320108029
#39;Big Papi #39; pulls up the Sox. BOSTON - They used to write scripts like this for the Boston Red Sox back in the days when they could still look to the bullpen for a pitcher named Babe Ruth.,Sports,2.3093711181740453,-0.7577343624206512
"Astros #39; Kent delivers, pleads for #39;one more #39;. He breaks up a scoreless tie with a three-run, ninth-inning homer to give Houston the victory and a 3-2 series edge on St. Louis. HOUSTON -- On a night when pitching suddenly took over the National League playoffs, someone was bound to get a hit.",Sports,2.5741407915215184,-0.40416691118201903
"If You Believe (Forbes.com). Forbes.com - Frank L. VanderSloot sells items like Classic Tooth Polish ( #36;3 a tube), Replenex (90 glucosamine pills for #36;10) and Nicole Miller Timeless Age Defying Serum ( #36;18 a bottle). He doesn't hit the road himself to ring doorbells. At 56, his sales days are far behind him. He leaves the pitching to an army of part-time hucksters who sell these and 350 other household and ""health"" products for Melaleuca, his privately held firm in Idaho Falls, Idaho.",Business,1.3785289569954564,-0.7669128220649688
"Astros #39; Backe keeps focus. The Astros have counted Nolan Ryan, Mike Scott and Randy Johnson among their postseason starting pitchers. Though Backe didn #39;t get the victory in the Astros #39; 3-0 win over St.",Sports,1.3489130779366185,-0.6934332888694732
"Koch off the hook; Marlins release pitcher. Miami,FL (Sports Network) - The Florida Marlins released reliever Billy Koch on Tuesday, while catcher Ramon Castro opted for free agency.",Sports,6.19375336609885,-1.4079727571578948
"Astros Pick Munro to Pitch Game 6 of NLCS (AP). AP - Roger Clemens can relax. For now, Pete Munro is the Houston Astros' pick to pitch them into the World Series.",Sports,-13.306920404805691,2.3590436536697417
"One game, two sorts of must-win situations. No one will pitch Game 6 of the National League Championship Series while wearing a special knee-high boot, an industrial-strength ankle brace or a hard-to-scrub Thanksgiving turkey gravy stain.",Sports,-13.438893671407254,2.346281107130435
"Astros Pick Munro to Pitch Game 6 of N.L.C.S.. Roger Clemens can relax. For now, Pete Munro is the Houston Astros' pick to pitch them into the World Series.",Sports,-13.313189859761746,2.3967233259109526
"BoSox Lead Yankees 4-2 After Eight Innings. Boston Red Sox pitcher Curt Schilling, left, tends to his right ankle during the third inning of game 6 of the ALCS against the New York Yankees Tuesday, Oct. 19.",Sports,3.997574214563816,0.5720422226814301
A-Rod Called Out in Strange Running Play (AP). AP - Alex Rodriguez was called out for interference when he swatted at Boston pitcher Bronson Arroyo's glove and knocked the ball loose during a play near first base in the eighth inning of Game 6 of the AL championship series Tuesday night.,Sports,6.441973809824436,0.12765793091335603
Torre not ready to name starter. So who's pitching the most important game of the year for the Yankees tonight? Manager Joe Torre wasn't saying last night.,Sports,2.004734639749973,-1.6884291809173553
"Red Sox, Yanks Play for Pennant Tonight (AP). AP - The Boston Red Sox and New York Yankees will play one game tonight for the American League pennant. The Red Sox pulled even in the series last night with a 4-2 win as Boston won its third straight after losing the first three. Derek Lowe (14-12) goes for Boston tonight against either Kevin Brown (10-6) or Javier Vazquez (14-10) for New York. This afternoon, Pete Munro (4-7) pitches for the Houston Astros against Matt Morris (15-10) for the St. Louis Cardinals. The Astros lead that series 3 games to 2.",Sports,3.4677217050652196,2.2975593168167143
"Cardinals reliever Julian Tavarez fined. CBC SPORTS ONLINE - St. Louis Cardinals relief pitcher Julian Tavarez was fined \$10,000 US by the commissioner #39;s office for throwing a fastball over the head of Jeff Bagwell.",Sports,6.314706687555759,-0.2804789435239761
"Astros #39; RHP fined for over-the-head pitch in Game 4. St. Louis Cardinals #39; right-hander Julian Tavarez was fined \$10,000 by Major League Baseball for throwing over the head of Astros #39; batter Jeff Bagwell in the seventh inning of Game 4 of the NLCS, the pitcher told ESPN on Tuesday night.",Sports,-10.782209749593289,2.998556430998233
"With One Swing, Edmonds Redeems Himself and Cards. Jim Edmonds attacked an 0-1 pitch in the bottom of the 12th inning and sent a majestic drive to right field that beat the Houston Astros, 6-4.",Sports,-10.601159448995144,3.180523689451602
"A Wise Decision Brings Boston Home. The Boston Red Sox are going to the World Series, and the Yankees aren't, because Joe Torre selected the wrong pitchers and Terry Francona chose the right pitcher.",Sports,1.7722762867073705,0.839291866484073
"Ace's gritty performance won't soon be forgotten. Sixteen hours later, it seemed even more remarkable than when it was actually unfolding. Curt Schilling's gritty performance in Tuesday's 4-2 win in Game 6 over the Yankees, pitching with a dislocated tendon that was sutured to his skin, is already being spoken in the same breath as some of the historic postseason feats involving injured stars. ...",Sports,1.1404537006478002,-1.425214592752072
"Astros, the opportunity to pitch his team into the World Series. &lt;b&gt;...&lt;/b&gt;. down to walk-off home runs. St. Louis won the first two contests at Busch. when Jeff Kent belted a three-run homer in the bottom of the ninth.",Sports,-13.037053461446316,2.527489717665103
"SPORTS OF THE TIMES Clemens Meets Match at Hands of Cardinals. They hit for average and power, run with abandon and last night, they went through one of baseball #39;s greatest pitchers to earn their way into the World Series.",Sports,2.6603633209328343,-1.02666086369476
"Yankees GM knows his next mission. Told his job is safe for now, Cashman will seek answers to team #39;s pitching collapse. By Mike Fitzpatrick. NEW YORK -- Brian Cashman #39;s job is safe -- at least for now.",Sports,2.9449036165337255,-1.6217857044311492
"Wakefield #39;s nightmare becomes a dream. Shortly before throwing the first pitch in Saturday night #39;s opening game of the World Series, Boston Red Sox pitcher Tim Wakefield will pause for just a second to locate his wife",Sports,-11.115223284139187,2.652957018080142
"Tigers Reach Deal With First-Round Pick (AP). AP - The Detroit Tigers reached a five-year deal with right-handed pitcher Justin Verlander, the second overall pick in the June draft.",Sports,6.6488021656136205,-1.58306795769653
"Cardinals finish off Astros; Red Sox up next. Jim Edmonds made a circus catch. Jeff Suppan outpitched the Rocket. And Albert Pujols and Scott Rolen came through, yet again. Surrounded by a rollicking sea of red, clearly these St.",Sports,1.3285101696114232,-0.8119680326553314
Low-Key Suppan Plays Big Role for Cards (AP). AP - Somewhat lost in the St. Louis Cardinals' Game 7 victory over a future Hall of Fame pitcher was the role their little-known starter played in getting them to their first World Series in 17 years.,Sports,3.3162638589005162,0.3761333186058075
"Pujols makes Cards a major threat. It was not a pitch Roger Clemens regretted. Inner half of the plate, a little up and 94 mph. The Rocket is going to Cooperstown on such pitches.",Sports,-10.977131243123562,3.0560150701431303
"Series start keeps Suppan satisfied. Former Red Sox stats, schedule pitcher Jeff Suppan, who Thursday night outdueled Roger Clemens in Game 7 of the NLCS, was thrilled to be getting another chance to pitch at Fenway, especially with all the marbles on the line.",Sports,-12.832646723165066,2.8762534219650298
"McGrath aims to shake up the flat. The pitches for the first two Tests of the India-Australia series have been accurately described as sheep in wolf #39;s clothing. Now, with the caravan moving to Nagpur in central India, there is talk of a green top.",Sports,1.8972111984352757,-0.5111371617885558
Tavarez Melts Down ... on Pitching Mound (AP). AP - This time Julian Tavarez's meltdown came on the pitcher's mound.,Sports,3.092196945772617,0.16942503637352296
"They know pitching was for the birds. They knew that their batsmen would get them a bunch of runs, one way or another. Larry Walker, their one-time wanna-be hockey player, would get a bunch of hits. Maybe Tim Wakefield's knuckler would flutter out of the strike zone for a few walks. Manny Ramirez might do a double twisting layout vault in the outfield.",Sports,1.8368758007149388,-0.8831589263053863
"Morris gets Game 2 call -- on short rest. St. Louis starting pitcher Matt Morris left the National League Championship Series elated that the Cardinals had advanced to the World Series and figuring he wouldn't take the mound again until Game 3 of the Fall Classic. Instead, Morris, who pitched Game 6 of the NLCS against Houston last Wednesday night, found out Friday night he would face the Red ...",Sports,0.30253398858114977,-1.5922338407608
"For manager, already a moving experience. Why did the Cardinals move up expected Game 3 starter Matt Morris to tonight? Because he had thrown only 80 pitches in his last start, seemed a good bet on three days' rest, and has plenty of road postseason experience.",Sports,2.071443919764011,-1.3793168705078094
"Gordo at Fenway: It #39;s slow-pitch softball with jacked-up fans. First and foremost, the Red Sox can hit. They look like a slow-pitch softball team, with all that unruly hair, and they tee off on pitches like one.",Sports,-11.7075847343345,2.8409929830459624
"Clemens teams with his son. Roger Clemens lives a double life. On work days, hesa Hall-of-Fame-caliber pitcher, a scowling, intense, driven competitor who is on a short list of all-time baseball greats.",Sports,1.8976337953667333,-0.4080821316810577
"Ballmer security pitch leaves skeptics unswayed. Cyber threats, chiefly viruses like NetSky and Sasser, make security an ongoing concern as it holds steady over software infrastructure as the third top priority.",Sci/Tech,-9.325070734395535,-3.7931103151412935
"Serie A Sunday Wrap: Lecce Move Into Second Place. There was more scoring in todays games than usual, and several sides greatly improved their standing with important wins. Parma defended their home pitch against Lazio, with a 3-1 victory.",Sports,-6.55875432051614,-8.157141391572567
The Ultimate Closer. Joe Grzenda ended the life of the Washington Senators as a left-handed reliever who threw the last pitch in the franchise's final game in 1971.,Sports,-10.982170458211453,2.6590574342636137
Baseball-Stitched-Up Schilling Makes World Series History. BOSTON (Reuters) - A stitched-up Curt Schilling became the first pitcher in major league history to win World Series games with three different teams after producing a gritty display Sunday.,Sports,4.563674871550052,1.182167704763797
"Dalian Shide players storm off pitch as Chinese football worries deepen (AFP). AFP - Football powerhouse Dalian Shide abandoned a match against Shenyang Jinde in protest at the referee Sunday, confronting China's embattled Super League with yet another crisis.",World,-6.538924570455105,-8.144762698945614
"Kurds say changes merely gesture by Turkey for EU. ILICA, Turkey -- For the past nine years, Osman Acar, his two wives, and 22 children have spent most nights inside an 18-by-15-foot tent pitched outside this remote village in the mountains separating Turkey from Iraq.",World,1.2981814190010716,-0.8681629937263458
"Red Sox lead 2-0 over Cardinals of World Series. The host Boston Red Sox scored a 6-2 victory over the St. Louis Cardinals, helped by Curt Schilling #39;s pitching through pain and seeping blood, in World Series Game 2 on Sunday night.",Sports,2.9466736956696202,1.2402016479400666
Stitched-Up Schilling Makes World Series History. BOSTON (Reuters) - A stitched-up Curt Schilling became the first pitcher in major league history to win World Series games with three different teams after producing a gritty display Sunday.,Sports,4.465117160902469,1.2472427446273835
"Landed U.S.-Russian ISS Crew Savor Smell of Earth (Reuters). Reuters - A Soyuz capsule made a\soft landing in the pitch-dark in Kazakhstan's steppes on\Sunday, and its U.S.-Russian crew said they were happy to\breathe in the smell of Earth after a long stint in orbit.",Sci/Tech,-8.770677919759304,-4.795540038880917
"BoSox Halfway Home to World Series Trophy (AP). AP - Curt Schilling and the pitchers are clicking. Little Mark Bellhorn and the hitters are delivering. Manager Terry Francona is making all the right moves. And despite a defense that can't quite seem to catch the ball, the Boston Red Sox are halfway to capturing something that's slipped just out of reach since 1918 #151; the World Series trophy.",Sports,1.7998191162209203,-0.34424853735885313
"Schilling beats pain to put Red Sox on top. CURT SCHILLING woke up early on Sunday morning unable to walk. He ended the day as the winning pitcher for the Boston Red Sox, who beat the St Louis Cardinals 6-2 to take a 2-0 lead in the best-of-seven World Series.",Sports,2.8616147681336095,0.8484138805297883
Red Sox hope Schilling doesn #39;t have to pitch again. The Boston Red Sox will try to get Curt Schilling ready for another World Series start. They certainly hope they don #39;t need to use him.,Sports,-12.734422083272488,2.904166277113345
India welcomes junta head for trade discussions. India pitched for better business ties with Myanmar as it rolled out the red carpet on Monday for Senior General Than Shwe on the first visit by a head of the pariah state in nearly a quarter-century.,World,4.945425395594089,0.7447784501937897
"Suppan faces former team. In 2003, Pedro Martinez and Jeff Suppan were teammates. Just one year later, both are in the Fall Classic and pitching against each other.",Sports,3.1297286196808507,-0.7840850990386932
"WHICH PEDRO WILL SHOW TONIGHT? (New York Post). New York Post - ST. LOUIS #x2014; Tonight is the first World Series start in Pedro Martinez' illustrious career. Not to spoil the party, but will he finally pitch like a three-time Cy Young Award winner this postseason?",Sports,-12.774445886983425,2.779444988432315
"Team is mum on ace. ST. LOUIS -- In the best of all worlds for the Red Sox, they would be World Series champions by Saturday, the next time Curt Schilling is scheduled to pitch. Schilling could kick back, savor the victory parade and the avalanche of accolades, and prepare to undergo surgery to repair the dislocated tendon in his right ankle.",Sports,-12.95620476759866,2.8578651506332426
"Merloni: With home advantage gone, Sox #39; job not easy. Heading into the World Series, I didn #39;t think St. Louis #39; pitching would be able to stop the Red Sox #39; offense. Through the first two games, the advantage goes to the Red Sox.",Sports,2.5048334642510106,-0.7365612428756683
"Sox say Schilling to pitch in Game 6, if there is one. Curt Schilling #39;s gimpy right ankle, which still could alter the course of this World Series, caused Schilling to limp across the clubhouse yesterday, one day after the Red Sox ace led Boston to the 6-2 win in Game 2.",Sports,-12.90963494337991,2.7511828500656157
"Walks on the wild Cards #39; side. St. Louis- The World Series is no place to talk about walks and errors. It is a time for walk-off home runs, diving catches and pitchers getting big outs when nothing else is acceptable.",Sports,2.3173884197334935,-0.6761307161422698
"Martyns ton gives Aussies upper hand. NAGPUR: After all the cameras had stopped rolling, Sourav Ganguly had one more look at the Nagpur pitch. He tried feeling it and might, just for a moment, have wondered whether all the hue and cry was really worth it.",Sports,-7.67962777174905,-6.137104694184872
After the battle comes the war. The three-way battle for Warner Chilcott reached a new pitch this morning when the company recommended a 1.6 billion bid tabled by a US-led private equity team.,Business,-9.36671387709573,-4.206747714814755
"Ferriss gave BoSox boost in 1946 Series. Fifty-eight years removed from pitching a shutout in Game 3 of the 1946 World Series, Mississippi #39;s Boo Ferriss was in St. Louis for Game 3 of the 2004 Series Tuesday night.",Sports,3.2448351427178075,-1.0577636998268096
"With its cellphones, 3d World shrinking. IQUITOS, Peru -- A few miles downriver from this city in the western Amazon jungle, Andres Alvarado hops off a boat and walks up a muddy path to a hollowed-out log resting on a wooden stand. He beats the log with a stick, sending a series of low-pitched tones into the rain forest.",World,1.408939962015598,-0.5685213249298064
"Again, the winners were happy followers of Damon. It would be the grandest finish to any of the 104 seasons of Boston Red Sox baseball, and Johnny Damon had a most electric way to start it off last night -- a rope into the Cardinals' bullpen on the game's fourth pitch from Jason Marquis.",Sports,-10.657086725606472,2.7765710908798247
"Time to say thanks for job well done. The manager is an afterthought, buried under the avalanche of publicity generated by his courageous, gimpy pitcher; his charming, devastating designated hitter; his forthright, charismatic, long-haired center fielder. Every day this march to the World Series has produced a new story or a new hero. There's Manny Ramirez, finally hitting a home run. There's Pedro Martinez, spinning ...",Sports,0.489461783991306,-1.7585900467010467
Brazilian ace dies. Brazilian defender Serginho today died in hospital after collapsing during a match between his team Sao Caetano and Sao Paulo. Serginho fell to the ground in the 60th minute with the ball at the other end of the pitch.,Sports,-6.481828089131863,-8.24661034756622
"Individual acts undermining union #39;s argument. In a pitched battled with the league #39;s owners over a new collective bargaining agreement, NHL players have, for the most part, presented a strong, united front that suggests it will be a very",Sports,1.3985284610848119,-1.6086755436035125
Schilling coming to Verizon with President Bush. Red Sox pitching ace Curt Schilling will accompany President George W. Bush to his campaign stops in Manchester and Portsmouth on Friday.,Sports,4.433933083639591,0.11416840142288515
"Price to Return As Seattle Pitching Coach (AP). AP - In his first moves as manager of the Seattle Mariners, Mike Hargrove decided to retain pitching coach Bryan Price and hired Ron Hassey as the team's bench coach.",Sports,5.26381648026511,-1.0989598672958343
"Rangers' Francisco Faces Lesser Charge. OAKLAND, California (Sports Network) - Texas Rangers relief pitcher Frank Francisco will face misdemeanor assault charges for his part in a September 13 melee between players and fans during his club's game against the Oakland Athletics.",Sports,5.999785308466404,-1.0648893755050628
Ky. Democrat Responds to Personal Attacks (AP). AP - The Senate race in Kentucky stayed at fever pitch on Thursday as Democratic challenger Daniel Mongiardo stressed his opposition to gay marriage while accusing Republican incumbent Jim Bunning of fueling personal attacks that seemed to suggest Mongiardo is gay.,World,-9.131247873677761,-4.430826370057675
Seeing is believing with Red Sox. Boston pitcher Pedro Martinez holds up the championship trophy after the Red Sox defeated the St. Louis Cardinals 3-0 in Game 4 to win the World Series on Wednesday in St.,Sports,2.6390452428917577,0.9041048843292268
"Silencing St. Louis was as easy as 1-2-3. ST. LOUIS -- There is no mystery, longtime scout Keith Champion said, about how Red Sox pitching was able to shut down the high-powered offense of the St. Louis Cardinals, a team Champion saw almost two dozen times this season.",Sports,2.43300855599448,-1.0555362146469085
"Boston outclassed Cardinals. They were outpitched, outhit, outsmarted and outclassed, and soon they were out of the 100th World Series. The St. Louis Cardinals turned out to be just another National League",Sports,2.1227059408287694,0.35167845672645875
Sox ace making pitch for Bush. Boston Red Sox pitcher Curt Schilling - who helped the team capture its first World Series title in 86 years - will campaign with President Bush today at a rally at Pease International Tradeport.,Sports,-11.86204850233987,2.3495894033340483
Schilling to appear with Bush in NH. One of the heros of the World Series will be in the political spotlight Friday in New Hampshire. Boston Red Sox pitching ace Curt Schilling is appearing with President Bush Friday.,Sports,4.300267253742664,0.24121206587829896
"Dravid blames batting for India #39;s debacle. NAGPUR: India stand-in captain Rahul Dravid refused to blame the Nagpur pitch for the team #39;s loss against Australia in the third Test, and instead, censured the batsmen for the team #39;s downfall, saying they were capable of much more.",Sports,-7.718875284566433,-6.225729171571347
Veteran right-hander might be used in closer role. The Chicago Cubs exercised the option of pitcher Ryan Dempster for the 2005 season and could look at the right-hander as a possible closer.,Sports,4.253222469912021,-1.5528100174041717
"#39;Fever Pitch #39; Gets World Series Footage. Boston Red Sox #39;s catcher Jason Varitek jumps into the arms of pitcher Keith Foulke after beating the St. Louis Cardinals 3-0 to win the World Series Wednesday, Oct. 27, 2004, in St.",Sports,-11.541695948018582,2.9086483079818755
"Yankees Seek to Keep Pitcher Jon Lieber (AP). AP - After watching their starting pitchers struggle for much of the season, the New York Yankees would like to bring Jon Lieber back for 2005.",Sports,5.872048501596897,-2.0647020977111787
Baseball Expected to Query Franco on Crime Figures. Major League Baseball is expected to interview Mets pitcher John Franco in light of news reports that Franco had given crime family members tickets to a Mets game.,Sports,5.719246630297153,-0.5157309215637176
"Schilling makes pitch on behalf of president. Apparently Curt Schilling doesn #39;t regret his endorsement of President Bush related, bio after all: The Sox hero has recorded automated phone calls backing Bush that will be made until Election Day.",Sports,-11.748912210835964,2.4255343038467436
"Schilling delivers for Bush; team execs shill for Kerry. Curt Schilling wasnt supposed to pitch again this year, but hes endorsing President Bush in automated phone calls being made in three battleground states through Election Day.",Sports,-12.857133264913113,2.4753625947860747
"Schilling delivers for Bush; team execs shill for Kerry. Curt Schilling wasn #39;t supposed to pitch again this year, but he #39;s endorsing President Bush in automated phone calls being made in three battleground states through Election Day.",Sports,-12.683783884419949,2.4849029142288237
"Injured pitching ace makes surprise appearance for Bush. Boston Red Sox pitcher Curt Schilling made a surprise appearance Monday morning with President Bush, limping to the stage to give Bush a strong endorsement.",Sports,4.462886933908909,0.3863153416542084
"Schilling, he #39;s Bush league!. BOSTON -- Looking to share some of the magic that propelled the Boston Red Sox to their first World Series title in 86 years, US President George W. Bush enlisted a fan favourite to deliver his pitch while Democratic Sen.",Sports,-11.298189516438992,2.6464906293777495
"More Red Sox declare free agency. CBC SPORTS ONLINE - Ten members of the World Series Champion Boston Red Sox filed for free agency on Monday. Catcher Jason Varitek, shortstop Orlando Cabrera, pitchers Curtis Leskanic, Derek Lowe, Ramiro Mendoza",Sports,5.8738504692177465,-1.5494579713912933
"Halladay, Delgado top rankings. It may not have shown in the standings, but it showed up in the stats. The last-place Blue Jays had the top-ranked pitcher and position player in the Major Leagues last season, according to the Elias Sports Bureau.",Sports,3.3836706920723607,-0.0613916110368698
"Close call: Bunning hangs onto Senate seat. Hall of Fame pitcher Jim Bunning barely won re-election to the US Senate on Tuesday, edging Democratic challenger Daniel Mongiardo by about 2 percent of the vote in Kentucky.",Sports,1.997304801569431,0.6650322038558991
"Bunning, Osborne Win Re-Election Bids. Hall of Fame pitcher Jim Bunning barely won re-election to the US Senate on Tuesday, edging Democratic challenger Daniel Mongiardo by about 2 percent of the vote in Kentucky.",Sports,2.2375865026573827,0.7611383158592255
"New-look Lakers in sync from the start. Bryant lets the game come to him and team rings in its new era in perfect pitch, for at least one night. Did someone have the audacity to suggest the Lakers might miss a beat?",Sports,-12.004757280721218,2.4936633664993315
Doctors wait for irritation to disappear. Surgery on the Red Sox pitcher Curt Schilling #39;s right ankle apparently has been delayed at least a week because of an irritation in the area of the torn tendon sheath that is to be repaired.,Sports,4.0373762591938664,0.016618098678973403
"Report: Stottlemyre not returning to NY. NEW YORK (Ticker) - It appears Joe Torre will not have Mel Stottlemyre at his side in 2005. The New York Times is reporting that Stottlemyre, who has served as the pitching coach of the New York Yankees under Torre since 1996, has decided not to return.",Sports,4.945618276224582,-1.2760112922759979
"Report: Stottlemyre to retire?. Mel Stottlemyre has not officially told the Yankees whether he plans to return for a 10th season as the team #39;s pitching coach, but one published report on Wednesday indicated",Sports,4.168530289755314,-1.3072341125579803
"Jones, Edmonds both win seventh. After having his 13-year winning streak broken last season, Greg Maddux returned to a familiar position Wednesday when he earned the Rawlings Gold Glove Award as the National League #39;s best fielding pitcher.",Sports,2.9318303509812047,1.0228688079742463
"Report: Stottlemyre won #39;t return. Mel Stottlemyre won #39;t return as pitching coach of the Yankees, The New York Times reported Wednesday. Stottlemyre has been the pitching coach since manager Joe Torre was hired before the",Sports,4.065630350933521,-1.18271714859924
"Astros #39; Clemens Said Close to Retirement. Houston Astros pitcher Roger Clemens, left, shows his glove to a Japanese schoolboy during his visit to Nishigahara Elementary School in Tokyo, Friday, Nov. 5, 2004.",Sports,4.1126953407387425,0.5361654121307404
"Notebook: Cardinals #39; Williams files for free agency. St. Louis Cardinals pitcher Woody Williams filed for free agency yesterday after the team told his agent it will decline his \$8 million option and pay him a \$900,000 buyout.",Sports,4.588354472742527,-0.9458014410110442
"MLB All-Stars Rally Past Japan. TOKYO (Sports Network) - Roger Clemens pitched four-plus solid innings and David Ortiz had a two-run single to highlight a three-run sixth inning, as the MLB All-Stars downed the Japanese All-Stars, 7-2, at the Tokyo Dome.",Sports,4.902174357996433,1.7143798429397614
Schilling Ankle Exam Postponed (AP). AP - An examination of Boston Red Sox pitcher Curt Schilling's right ankle scheduled for Friday was postponed due to a scheduling conflict.,Sports,6.1854256435494115,-0.09955483527204684
"Ponting slams crumbling pitch, India #39;s Dravid finds track &lt;b&gt;...&lt;/b&gt;. Australian skipper Ricky Ponting slammed the crumbling track on which his team crashed to a 13-run defeat yesterday after being bundled out for 93 runs in their second innings of the fourth and final Test match against India.",Sports,-7.6500142768760035,-6.070671264466855
"Leiter talks crawl as pitcher closer to free agency. Now that Willie Randolph has been hired as manager, the Mets have plenty of other business to keep them occupied as they prepare for next week #39;s general manager meetings, and another issue",Sports,1.9310761734108617,-0.7809314172836272
"Aussie assault on pitch. MUMBAI, Nov. 5. - Even if they had won, which they nearly did, they would have had a dig at the track. But losing made the vehemence even more.",Sports,-7.773833628072293,-6.22643155270538
"Spammers stay a click ahead of US cyberlaw. Such unwanted pitches will continue to clog your e-mail inbox, computer and legal experts say, despite a Virginia jury #39;s decision this week that a Raleigh man who anonymously sent bulk e-mail messages committed a felony.",Sci/Tech,2.3013552471260716,-2.2979132574172945
Ponting calls for pitch inquiry. AUSTRALIAN captain Ricky Ponting has asked his Indian counterpart to join him in a formal protest over the deplorable state of the Mumbai wicket after the tourists #39; Black Friday batting collapse.,Sports,-7.549104090108425,-5.896937553224179
Red Sox offer Martinez two-year deal: report. CBC SPORTS ONLINE - The Boston Red Sox have reportedly made a bid to lure free-agent pitcher Pedro Martinez back to the World Series champions.,Sports,5.668836955652683,-1.5110045116516082
"Schilling Ankle Exam Postponed Again. BOSTON Nov 6, 2004 - An examination of Boston Red Sox pitcher Curt Schilling #39;s right ankle was postponed again Saturday. Schilling was expected to be seen by doctors on Sunday.",Sports,5.539833788500278,-0.21837755703649214
"Rocket became a booster. TOKYO -- Yes, the greatest pitcher ever to wear a Red Sox uniform was happy to see his former team finally win a World Series.",Sports,2.0910379930596044,-1.8023597639175384
"Crosby, Bay Win Rookie of the Year Awards. Oakland Athletics #39; Bobby Crosby raises a fist and circles the bases after hitting a game-winning home run off Seattle Mariners #39; pitcher Scott Atchison in the ninth inning of their game in Oakland, Calif.",Sports,4.1022806360583,0.737352247896579
"Padres deal for a pair of pitchers. com. The Padres made a move Monday, acquiring left-hander Darrell May and right-hander Ryan Bukvich from the Royals in exchange for outfielder Terrence Long and right-hander Dennis Tankersley.",Sports,5.333719734774082,-1.9499180954071014
"Ponting ""dug his own grave"", says controversial Test pitch curator (AFP). AFP - A former India captain who prepared the crumbling pitch for last week's Bombay Test against world champions Australia defended himself by passing the blame on touring skipper Ricky Ponting.",World,-7.7283948615928,-6.12694949322662
"Stop Trying to Persuade Us. A PBS documentary makes the case that Americans have tuned out marketers pitching everything from cars to candidates. The result: even more crass attempts to get through, and a fragmentation of American society. By Jason Silverman.",Sci/Tech,2.1100487753014256,-2.547010366258237
"Schilling Has Surgery. Red Sox pitcher Curt Schilling has surgery to repair his injured right ankle with no complications Tuesday, the team doctor said.",Sports,4.8873193307976415,-0.14876474478563956
Schilling's Ruptured Ankle Tendon Repaired (AP). AP - Red Sox pitcher Curt Schilling had surgery Tuesday to repair his injured right ankle. Schilling pitched Game 6 of the American League Championship Series and Game 2 of the World Series last month with the torn sheath of his ankle tendon sutured into place so it wouldn't flop over the bone when he pitched.,Sports,6.289830808268039,0.04492984301128694
"Schilling #39;s Ruptured Ankle Tendon Repaired. BOSTON Nov 9, 2004 - Red Sox pitcher Curt Schilling had surgery Tuesday to repair his injured right ankle. Schilling pitched Game 6 of the American League Championship Series and Game 2 of the World Series",Sports,3.8411317679296424,0.69274591988602
"Clemens wins seventh Cy Young. Often, the older a pitcher becomes, the less effective he is on the mound. Roger Clemens apparently didn #39;t get that memo. On Tuesday, the 42-year-old Clemens won an unprecedented",Sports,2.6003692194084813,0.1969285566238434
"Lefty May to Padres in trade for Long. With the rival Dodgers expressing interest in David Wells, the Padres yesterday traded for another left-handed starting pitcher, Darrell May, a move they said is unrelated to their attempts to re-sign Wells.",Sports,4.475685720072239,-1.4945430200668304
"Astros Pitcher Roger Clemens Wins Record Seventh Cy Young Award. Roger Clemens of the Houston Astros won the Cy Young Award as the National League #39;s top pitcher, becoming the oldest recipient of a trophy he #39;s won a record seven times.",Sports,2.8178740783791234,1.9966424066452058
"Emlyn Hughes, a star on the pitch and the screen, dies aged 57. To football fans he will be remembered as the indomitable leader of the Reds. To many others, the defining memory of Emlyn Hughes will be of a jumper-wearing, quiz-show team captain being berated by Princess Anne for his spelling.",Sports,-6.329514856709988,-8.448600475129696
Rocket Wins Record Seventh Cy Young Award. Houston Astros starting pitcher Roger Clemens reacts after Astros catcher Brad Ausmus picked off St. Louis Cardinals Tony Womack at first base in the fifth inning during Game 7 of the NL championship series at Busch Stadium in St.,Sports,3.793463879005163,0.7844837266830476
Clemens May Take His 7 Cy Youngs and Go Home. Roger Clemens sounded like a relieved pitcher who had thrown his last fastball after easily winning an unprecedented seventh Cy Young Award.,Sports,2.3054757162193944,0.14177378601112672
"Buy a GM Car at 0 Now, Get the Same Deal in 5 Years. General Motors has a new pitch for car shoppers to coincide with an expected rate hike Wednesday from the Federal Reserve. GM #39;s program, called quot;Lock #39;n #39; Roll, quot; will give shoppers who buy a",Business,-9.714589472188504,-3.7527870576950044
Clemens claims his magnificent 7th Cy Young Award. Roger Clemens says he will pitch next year. Whether it #39;s throwing batting practice to his kids or split-fingered fastballs to major-league hitters remains to be seen.,Sports,-12.964249964131863,2.6647189218429594
"Transactions. BASEBALL Anaheim (AL): Signed bench coach Joe Maddon, third base coach Ron Roenicke, first base coach Alfredo Griffin, hitting coach Mickey Hatcher, bullpen coach Orlando Mercado, pitching coach Bud Black, and bullpen catcher Steve Soliz. Colorado (NL): Removed vice chairman Jerry McMorris from board of directors. Florida (NL): Named Mark Wiley pitching coach and Harry Dunlop bullpen coach. Los Angeles ...",Sports,0.6685920997719457,-1.1332406442733733
"Clemens earns Cy Young No. 7. Ordinarily, the overriding question for Roger Clemens would have been how, in a season when he turned 42, could he have pitched well enough to become the first pitcher in baseball history to win a seventh Cy Young Award.",Sports,2.5324280305962255,0.27938112205543825
"Doctor repairs famous ankle. BOSTON - Red Sox pitcher Curt Schilling had surgery Tuesday to repair his right ankle. quot;The three-hour procedure proceeded as planned, with no complications, quot; team doctor Bill Morgan, who performed the surgery, said in a statement.",Sports,4.309076909647434,-0.22668992393932036
"Japanese stars beat Clemens. Roger Clemens didn #39;t look like a pitcher who is about to retire. Pitching on just a few hours sleep, Clemens held the Japanese all-stars to three runs on eight hits over 5 2-3 innings Wednesday",Sports,2.988730196581333,1.1458248454956086
"Randy no match for Rocket. One pitcher in the history of baseball has won more Cy Young Awards than Randy Johnson, and he widened his lead Tuesday. Houston Astros ace Roger Clemens earned his record seventh Cy Young",Sports,2.8703377290825536,0.8223144966987641
"Martha Stewart asks company to pitch in on legal bills. Imprisoned homemaking mogul Martha Stewart has asked the company she founded, Martha Stewart Living Omnimedia Inc., to reimburse her for \$3.",Business,-9.254468317403347,-3.4156479280563325
"UEFA Approve Use of Artificial Pitches Next Season. VIENNA (Reuters) - UEFA have approved plans for artificial pitches to be used at national and club level from the 2005/06 season, European soccer's governing body said on Wednesday.",Sports,5.06662500344321,-0.07700845265111617
"Japanese Finally Beat the MLB All-Stars (Reuters). Reuters - Roger Clemens pitched well\just hours after winning his seventh Cy Young Award, but\Hisashi Iwakuma allowed just two hits to lead Japan to a 3-1\victory over the Major League All-Stars on Wednesday.",Sports,5.616125707254856,1.9017363149551423
Football. Fake grass approved. Uefa says it will allow European matches to be played on artificial pitches from the start of next season.,World,4.754298691378086,0.006517391267207351
"Clemens talks retirement after 7th Cy Young win. But after saying the same thing this time last year, the pitcher known as quot;The Rocket quot; acknowledges the other one-tenth keeps the door open for a possible return.",Sports,2.3545092388252904,-0.732912723359677
"Stottlemyre, Mattingly back in Bronx; Girardi bench coach. Bronx, NY (Sports Network) - Contrary to previous reports, Mel Stottlemyre will return to the New York Yankees as their pitching coach for the 2005 season.",Sports,5.120415811167209,-1.220455710229489
Plastic pitches ready to bounce back into fashion. UEFA is contemplating dragging its European competitions down to the level of the average local five-a-side league by paving the way for the return of plastic pitches.,Sports,1.951157455072849,0.15731811112442323
"Stottlemyre returns for one more. Mel Stottlemyre announced his retirement on Wednesday, but that retirement won #39;t begin for another 11 or 12 months. The long-time Yankees pitching coach will return for",Sports,3.8658630370359113,-0.7097656171890228
Red Sox Claim Lefty Traber Off Waivers (AP). AP - The Boston Red Sox claimed left-handed pitcher Billy Traber off waivers from the Cleveland Indians on Wednesday.,Sports,6.747460250483005,-1.4137639444442718
"Pedro should take Boston #39;s best pitch. Pedro Martinez is one of the top free agents this offseason, but his scenario is one where the veteran right-hander #39;s value to the Red Sox is higher than it is to any other team, and in turn",Sports,-11.689493532552273,2.755594309034732
"Santana captures Cy Young Award. CBC SPORTS ONLINE - Minnesota Twins pitcher Johan Santana won the American League Cy Young Award Thursday, becoming the first unanimous winner since Arizona #39;s Randy Johnson two years ago.",Sports,4.60249793969199,0.7678147513298066
"GM Deal: Hitch Included (The Motley Fool). The Motley Fool - Well, it looks like General Motors (NYSE: GM - News) has done it once again. The auto industry's leader in offering consumer incentives has come up with a brand new pitch to try to lure buyers into its showrooms. If you buy and finance a 2005 GM vehicle by the end of November, the next GM vehicle you purchase within five years can be financed at today's low rates -- as long as the vehicle is purchased before the initial loan expires.",Business,-9.720223780049832,-3.8933605592819185
"Johan Santana set the Twins #39; single-season club record with 265 &lt;b&gt;...&lt;/b&gt;. MINNEAPOLIS -- For much of the 2004 season, Twins pitcher Johan Santana didn #39;t just beat opposing hitters. Often, he overwhelmed and owned them in impressive fashion.",Sports,3.5736061676602056,-0.13210317530951193
"Red Sox present World Series trophy to Rhode Island. Boston Red Sox pitcher Bronson Arroyo and team president Larry Lucchino took the World Series trophy to Rhode Island on Thursday, as fans gathered to celebrate the historic accomplishment.",Sports,3.046055738554447,1.3525697547821076
Don #39;t let children buy Bonds #39; pitch. The sound you just heard was the other shoe dropping. The noise you detected was that of hearts of the hopeful breaking. Who wants to believe that a massive doping scandal has taken place in several sports?,Sports,-12.073702211751492,2.268606241407779
Venezuelans celebrate Johan Santana #39;s triumph as AL Cy Young Award &lt;b&gt;...&lt;/b&gt;. Baseball-crazed Venezuelans celebrated pitcher Johan Santana #39;s award as the American League Cy Young winner on Thursday. Honking car horns as they heard the news on the radio and glued to television,Sports,1.7507613941292455,-0.8798976581665008
"Governor makes novel pitch in Japan. Bee Capitol Bureau. TOKYO - Gov. Arnold Schwarzenegger, who made millions during the 1990s with wacky Japanese television commercials for noodles and energy drinks, declared here Wednesday",Business,-11.877256746663601,2.086731489363101
"Optimistic signs ahead?. At the stroke of midnight last night, the Red Sox reached a milestone as one of their best pitchers since Cy Young and their best catcher since Carlton Fisk led 14 teammates into full-blown free agency.",Sports,2.0821214958290746,-1.095391218003842
"Twins left-hander had 13-0 record after all-star break. An opponent could have a bat in his hands, and Johan Santana would nevertheless overpower him. Opponents could be fellow pitchers bringing impressive statistics to an award election, and Santana would whip them, too.",Sports,2.3372407003502538,-0.30704446547946623
"=== Rangers re-sign Brocail ===. Arlington, TX (Sports Network) - The Texas Rangers announced Friday that they have re-signed right-handed pitcher Doug Brocail to a one-year contract.",Sports,6.155145530329197,-1.4316074293228118
It #39;s unanimous: Santana deserves rotation spot. Venezuelan native Johan Santana used his first opportunity as a full-time starting pitcher to prove the bullpen is not where he belongs.,Sports,3.1080872460465123,-1.213593546685788
"Martinez begins life as a free man. KEY BISCAYNE, Fla. -- One of Pedro Martinez's dreams has been to pitch again for Felipe Alou, who managed him in Montreal and now guides the Giants.",Sports,-12.909421320333035,3.3025415498641997
"Free E-Mail Inboxes Get Fatter. Users of Microsoft #39;s Hotmail, most of whom are accustomed to getting regular sales pitches for premium e-mail accounts, got a pleasant surprise in their inboxes this week: extra storage for free.",Sci/Tech,2.462905411348789,-2.5608686845870943
Governor makes his pitch in Japan. Arnold Schwarzenegger has never met his match. Rival bodybuilders blocking his quest for a Mr. Universe title? Girly men. Predators from outer space?,World,-9.697223062886746,-3.461725417909238
"Mets buy out Leiter #39;s contract. New York, NY (Sports Network) - The New York Mets bought of the contract of pitcher Al Leiter on Monday, making him a free agent. Leiter -- who went 10-8 with a 3.21 earned run average in 30 starts in 2004",Sports,3.715167109594791,-0.2805996727319687
"Angels renew Molina, not Ortiz. CBC SPORTS ONLINE - The Anaheim Angels exercised catcher Bengie Molina #39;s contract option on Monday, but not that of pitcher Ramon Ortiz.",Sports,6.129743699655979,-1.4732368629547088
"You Say Sell, I Say Potato. The battle for who will ultimately control business software maker PeopleSoft (Nasdaq: PSFT) is reaching a fever pitch not seen since the red state-blue state smackdown from earlier this month.",Business,-9.12527215041116,-4.373376552400204
"Boss, Pedro talk shop. Sometimes George Steinbrenner does his own negotiating, and on Tuesday, ESPN has learned, he met face-to-face with the most prominent free agent pitcher on the market -- Pedro Martinez, who",Sports,2.0907620235542943,-1.2098116319747894
Viagra: A Drug Ad Too Far?. Pharmaceutical companies love to tout their drug ads as examples of consumer education. But that argument hardly stands up in Pfizer #39;s (PFE ) latest Viagra pitches.,Sci/Tech,2.1284546896080663,-2.2493991296859712
"Greece #39;s Alogoskoufis Says US, Japan Needed to Buoy Dollar. Greek Finance Minister George Alogoskoufis said Europe alone can #39;t halt the euro #39;s rise and the US and Japan would have to pitch in to buy dollars to end the decline of the American currency.",Business,-9.198281641377957,-3.420524541673276
"Pulp Fiction Writer Sues Microsoft over Yoga Game. According to the lawsuit, screenwriter Roger Avary met with the Microsoft team and pitched them a detailed concept for a video game designed to lead players through yoga poses using Microsoft #39;s Xbox.",Sci/Tech,2.7305507703880956,-2.9471766393753023
"Kmart to acquire Sears. Bob Vila meet Martha Stewart. Two venerable icons and brands -- Vila the pitchman for Sears Craftsman tools, and Stewart, the home-goods queen for Kmart -- might be sharing shelf space at a Sears or Kmart near you.",Business,-9.340600366963894,-3.504964772996518
Confidence crisis as McMillan caught in two minds. Craig McMillan was an after-thought for the Australia tour and bolted into the Test team. Today he charged down the pitch and was betrayed by a cluttered mind - unsure whether to run or wait.,Sports,-7.6067870811362575,-5.921943370637509
Torre Glad Yankees Pursuing Pedro (AP). AP - New York Yankees manager Joe Torre would love to have Pedro Martinez in his rotation #151; just as he'd love to have any great starting pitcher.,Sports,3.2358707233528783,-0.31057699435672453
"Start-up pitches high-end Web apps on the cheap. ActiveGrid lands multimillion-dollar funding for plan to use open-source tools, low-cost servers for Web applications.",Sci/Tech,2.421983484850376,-3.034301225480649
Mariners Trade Williams to Padres. The Seattle Mariner traded left-handed pitcher Randy Williams to the San Diego Padres on Friday for infielder Billy Hogan.,Sports,6.5562635704140355,-1.686479870614621
"Young Rebuffs NBA, Sticks With Rangers (AP). AP - Chris Young never expected to have to chose again between baseball and basketball. The Texas Rangers helped make it an easy decision for the 6-foot-10 pitcher.",Sports,3.333581690416782,-0.8865753453346221
"ChiSox #39;s Garland agrees to one-year deal. Chicago, IL (Sports Network) - Chicago White Sox pitcher Jon Garland has agreed to a one-year, \$3.4 million contract, avoiding salary arbitration.",Sports,5.773906354532688,-1.4346217554183929
"Young Rebuffs NBA, Sticks With Rangers (AP). AP - Chris Young never expected to have to choose again between baseball and basketball. The Texas Rangers helped make it an easy decision for the 6-foot-10 pitcher.",Sports,3.3165004297356298,-0.9246678393455474
Anti-Bush protest at a trade summit in Chile turns violent. The largest protest march since Chile #39;s police state ended 14 years ago turned violent Friday when demonstrators waged pitched street battles with riot police before President,World,5.195236210451572,0.7532739002136262
Cubs re-sign veteran pitcher Rusch. The Chicago Cubs on Saturday re-signed veteran pitcher Glendon Rusch to a two-year contract. Terms of the deal were not disclosed.,Sports,6.224667195902317,-1.8054522913070647
ENGLAND v SOUTH AFRICA RATINGS. JASON ROBINSON: The England captain boycotted the media all week but did his talking on the pitch as South Africa were comfortably dispatched.,Sports,-7.52859246291116,-5.840686504182431
"Blackburn give Hughes heart. AN ADVERTISEMENT ON THE giant screen at Ewood Park declared that Blackburn Rovers are giving generously this season and, while it purported to refer to a sale at the club shop, no one could deny that their charity extends to the pitch.",Sports,-6.422548647298367,-8.340616885957333
LARSSON SUFFERS INJURY AGONY. Barcelona striker Henrik Larsson is unlikely to play again this year because of a knee injury. The Sweden international had to be carried from the Nou Camp pitch during the second half of Saturday night #39;s,Sports,-6.6266235069175075,-8.05974167996368
Ind-SA Test: Day 4 play resumes after delay. Gautam Gambhir and Virender Sehwag are back on the pitch on the fourth day of the first Test between India and South Africa in Kanpur #39;s Green Park stadium.,Sports,-7.598141069783718,-5.942028705415341
"Kumble, Bhajji slam Kanpur pitch. Kanpur: After Murali Kartik on Sunday, it was the turn of two senior India spinners to criticise the Green Park wicket. South Africa put up a huge 510 for 9 declared in the first innings and India - led",Sports,-7.502107973470242,-5.911132041749569
"Transactions. BASEBALL Atlanta (NL): Added Ps Kyle Davies, Anthony Lerew and Macay McBride, INFs Pete Orr, Andy Marte and Luis Hernandez and OF Bill McCarthy to 40-man roster. Boston (AL): Named Al Nipper minor league pitching coordinator, Goose Gregson Latin American pitching coordinator and Gulf Coast League pitching coach, Todd Claus manager of Portland (EL), Dann Bilardello manager and Ace Adams ...",Sports,0.7884701534371068,-1.0648441355796783
"A pitch for presents of peace. With only 30 shopping days till Christmas, there #39;s no time to lose. So here are some nifty gift ideas for the youngsters on your list: - JFK Reloaded.",Sci/Tech,-9.489297266377957,-3.6362547319503755
"A's, Pirates Close to Trade for Kendall (AP). AP - Three-time All-Star catcher Jason Kendall was close to being traded from the Pittsburgh Pirates to the Oakland Athletics for a pair of pitchers, a baseball official told The Associated Press on Wednesday.",Sports,4.852260772810428,-1.0784792941184966
"Jason Kendall (left) has made the All-Star team three times. (Pat &lt;b&gt;...&lt;/b&gt;. PITTSBURGH -- According to published reports, the Pirates and A #39;s are close to completing a deal which would send catcher Jason Kendall to Oakland for left-handed pitchers Mark Redman and Arthur Rhodes.",Sports,4.763356809244602,-1.2080141943069427
"Some tolling thoughts. You don #39;t really believe Pedro Martinez is going to pitch for the Yankees, do you? Don #39;t forget about Pedro #39;s working hours on his non-pitching days.",Sports,-13.144740457906277,3.2540069181350737
"Pirates ready to deal Kendall to A #39;s. Pittsburgh, PA (Sports Network) - The Pittsburgh Pirates have reportedly ironed out a trade to send veteran catcher Jason Kendall to the Oakland Athletics for pitchers Mark Redman and Arthur Rhodes.",Sports,5.703945879564731,-1.4750147502990691
"Report has Kendall going to A #39;s for Redman, Rhodes. Three-time All-Star catcher Jason Kendall is about to be traded from the Pittsburgh Pirates to the Oakland Athletics for two pitchers, a baseball official told The Associated Press yesterday.",Sports,4.542726699934452,-1.0898515623184173
"Sports in brief. Three-time All-Star catcher Jason Kendall was close to being traded from the Pittsburgh Pirates to the Oakland Athletics for a pair of pitchers, a baseball official told the Associated Press on Wednesday.",Sports,4.702482406721561,-0.942677025136563
"Pirates may trade Kendall to Oakland. The former Torrance High star #39;s salary is a burden for tight-fisted Pittsburgh, which would get pitching help in return. By Alan Robinson.",Sports,3.535970275030582,-0.8028722446533172
"India pitches Kashmir autonomy for Pakistan peace (Reuters). Reuters - India said on Thursday it could consider giving a large amount of autonomy to the disputed region of Kashmir to help make peace with Pakistan, but said it was not willing to redraw its borders to settle half a century of enmity.",World,5.267088179216831,0.42885326928177187
"Hi, I'm Your Car. Don't Let Me Distract You.. Automakers are pitching hands-free technology as a safe way to rein in the expanding clutter of gadgetry, but these devices are probably not as safe as you think.",Sci/Tech,2.1325936361412694,-2.2799498479934663
Miller puts UAW label in beer ad. Miller Brewing Co. is telling United Auto Workers members to think union when they have a beer. The UAW endorses the pitch for the union-made beer.,Business,-9.760952349080593,-3.765091363725278
"Johnson Set for New York Yankees Trade. NEW YORK (Reuters) - Arizona Diamondback pitcher Randy Johnson appeared bound for the Big Apple Monday, after Major League commissioner Bud Selig approved a deal that would send the five-time Cy Young award winner to the Yankees.",Sports,5.3503354831795384,-0.1324585940810173
"Johnson Set for New York Yankees Trade (Reuters). Reuters - Arizona Diamondback pitcher Randy\Johnson appeared bound for the Big Apple Monday, after Major\League commissioner Bud Selig approved a deal that would send\the five-time Cy Young award winner to the Yankees.",Sports,5.534593467340915,-0.43115631156882933
MLB: Pirates Ship Kendall to A's (Reuters). Reuters - The Pittsburgh Pirates\Saturday traded veteran catcher Jason Kendall and cash\considerations to Oakland in exchange for pitchers Mark Redman\and Arthur Rhodes.,Sports,5.773445014582126,-0.890224758920285
"Leinart Leads Southern California Past Notre Dame. Matt Leinart made a strong pitch for the Heisman Trophy, and Southern California overcame a sluggish start to move within one win of a perfect regular season.",Sports,-11.458786363973172,2.5730131227401762
"No. 1 USC Rolls Past Notre Dame 41-10 (AP). AP - For one quarter, Notre Dame was better than No. 1 Southern California. Then the Trojans got serious, and the Fighting Irish had no chance. Matt Leinart made a big pitch for the Heisman Trophy, passing for a career-high 400 yards and a school record-tying five touchdowns, and the Trojans overcame a sluggish start to beat Notre Dame 41-10 Saturday night.",Sports,-11.436094637288601,2.485502060118106
Mets Top Red Sox in Offer to Martnez. The Mets submitted a three-year guaranteed contract to Boston pitcher Pedro Martnez worth approximately \$38 million.,World,5.32503474198386,-1.8655247133346526
"Favre has big game, but defense pitches in to beat Rams 45-17. The defense that couldnt seem to get a turnover finally got a couple on Monday night. First-round draft pick Ahmad Carroll, facing the stiffest test of his rookie season, scored a touchdown on a fumble",Sports,2.6168357177834203,0.9196394044784577
"Mets, Martinez Talk. New York Mets general manager Omar Minaya appears intent on making a splash by pursuing free agent pitcher Pedro Martinez.",Sports,4.550368492231815,0.40908997839966127
Martinez Apparently Using Mets As Leverage to Up the Ante in &lt;b&gt;...&lt;/b&gt;. NEW YORK - The Mets made their pitch to Pedro Martinez. Now the attention shifts to the Boston Red Sox to see if the World Series champs are willing to up their bid.,Sports,-11.39019906081155,2.598213012876895
Video System Provides Bench Strength (Ziff Davis). Ziff Davis - World Champion Boston Red Sox employ video cataloguing of every pitch in every game using specialized software.,Sci/Tech,-11.157831545247586,2.747044857206729
"Two Friends of Ponson Detained. Two friends of detained Orioles pitcher Sidney Ponson who escaped jail last week have been recaptured, and police are continuing an investigation into allegations that Ponson punched a judge on Christmas Day at an Aruba beach.",Sports,5.831784729586094,-0.34018291943988493
"IBM to Power China. IBM this week pitched its Power processor family as a de facto standard for consumer electronics, cars, communications kit and computers by launching a consortium to promote the platform to Far Eastern manufacturers.",Sci/Tech,2.5377680107216527,-2.865977708634946
"Intel planning Centrino-like brand for desktops. Corporate customers will be pitched PCs that can be centrally managed and partitioned, in addition to security features.",Sci/Tech,2.509258989916294,-3.0097927492233247
Need a job? Get a card - arresting ID pitch to business. &lt;strong&gt;Analysis&lt;/strong&gt; Redefining voluntary again...,Sci/Tech,-9.37539135970071,-3.6922268312545747
Area sports in brief. One of the people free-agent right-hander Carl Pavano wanted to talk to on his trip to Detroit was Tigers pitching coach Bob Cluck.,Sports,2.2855304523567845,-1.305571381387326
"Tigers, Pavano optimstic after visit. com. Free agent pitcher Carl Pavano, whose visits to five American League cities in a week will set up the most talked-about pursuit at the Winter Meetings, left the Motor City on Friday",Sports,3.4112378998856236,-0.5952623527618377
"Pavano on Tour. Coveted free agent pitcher Carl Pavano will visit five cities, including Baltimore, in less than a week to decide where to sign.",Sports,3.8489646331603815,-0.44388163500747374
"Rockies #39; Neagle arrested for solicitation of prostitution. Denver, CO (Sports Network) - Colorado Rockies pitcher Denny Neagle was arrested early Friday for allegedly paying a woman \$40 for oral sex, the Rocky Mountain News reported.",Sports,6.104363088236301,-0.29029947930297545
"Colorado Rockies pitcher Denny Neagle cited for solicitation. Colorado Rockies pitcher Denny Neagle was cited Friday for solicitation after a woman in his car said he paid her \$40 for oral sex, police said.",Sports,6.38393104516074,0.009634848299411025
"Rockies #39; Neagle charged with soliciting a prostitute. Colorado Rockies pitcher Denny Neagle was charged Friday with soliciting a prostitute after a woman in his car said he paid her \$40 for oral sex, police said.",Sports,6.265235547647922,-0.1126957277655854
"Arm Injury Pushed Leinart Into Football (AP). AP - Matt Leinart was quite a baseball prospect growing up, showing so much promise as a left-handed pitcher that scouts took notice before high school.",Sports,3.3449380441765477,-0.8412189524742095
"Red Sox offer arbitration to Martinez, Varitek, six others. The Red Sox are offering arbitration to pitcher Pedro Martinez and seven other free agents, General Manager Theo Epstein said Tuesday, meaning the club would receive draft choices if they sign with another team.",Sports,5.490119461641758,-1.9336724918457
"Cardinals re-sign pitcher Matt Morris. Matt Morris will return to the St. Louis Cardinals, agreeing Tuesday night to a \$2.5 million, one-year contract that allows him to earn an additional \$4.5 million in performance bonuses.",Sports,5.245522503481357,-1.8454701345535247
"Sox cover their bases with offers. The Red Sox bought more time to negotiate with their free agents by offering salary arbitration to nine players before last night's midnight deadline, including all four of their high-profile free agents: pitchers Pedro Martinez and Derek Lowe, catcher Jason Varitek, and shortstop Orlando Cabrera.",Sports,4.87748253785178,-1.7834748666854827
"Auburn hoping for sweet redemption. NEW ORLEANS -- Auburn has come too far to give up hope. So, on the eve of tonight's Sugar Bowl, coach Tommy Tuberville made a familiar pitch: The third-ranked Tigers deserve at least a share of the national title if they beat No. 9 Virginia Tech.",Sports,-9.950126047505886,-3.8052639406295747
"Finding the Best Programmer's Font. Becoming frustrated with source code not aligning in my favorite source editor I decided to hunt for the best font. In particular, I began to hunt down the available fixed-width or monospaced fonts. What are monospaced fonts you ask? From Xerox:Monospace fonts (Such as Courier or LetterGothic), or ""fixed pitch"" fonts, contain characters that all have the same character width, producing text that can be used to create forms, tabular material or documents that require exact text line lengths. An example of a fixed pitch font is Courier 12 pitch, which is a 10 point font that will print at exactly 12 characters per inch. Why use monospaced fonts? Primarily because the text will align more readily. Especially is areas like the comment block header. Updated versions of this document will be located at http://www.lowing.org/fonts/",Sci/Tech,-9.11158978499368,-4.358183566865536
"Cardinals Re-Sign Morris. The St. Louis Cardinals and pitcher Matt Morris agree to a one-year, \$2.5 contract.",Sports,5.167693380938022,-1.7480358522506683
"Nomar Garciaparra Stays With Cubs. Nomar Garciaparra stayed with the Chicago Cubs, Brad Radke remained with Minnesota and the New York Yankees looked ahead to deals with pitcher Jaret Wright and second baseman Tony",Sports,5.587357287035434,-1.8765257042022674
Leiter rejoins Marlins pitching corps. MIAMI -- Pitcher Al Leiter has been high atop the Florida Marlins wish list for a while. Wednesday morning that wish came true at Pro Player Stadium during a conference call between team officials and the press.,Sports,3.5219443782429387,0.39990806168594667
"Pitcher Leiter Headed Back to South Florida. MIAMI (Sports Network) - The Florida Marlins have signed pitcher Al Leiter to a one-year contract, one day after the New York Mets decided not to offer the lefthander arbitration.",Sports,5.973174695597141,-1.5459157865615814
"White Sox sign Hermanson to two-year deal. The Chicago White Sox have come to terms on a two-year, \$5.5 million contract with pitcher Dustin Hermanson. He will earn \$2 million in 2005 and \$3 million in 2006, with the club holding an option for 2007 at \$3.5 million.",Sports,5.444819573984592,-1.9548890035720794
"Hermanson accepts White Sox deal. CHICAGO The Chicago White Sox have worked out a two-year, five and a-half (m) million-dollar contract with pitcher Dustin Hermanson.",Sports,5.526191477404087,-1.6360256116958587
"White Sox Sign Hermanson to Two-Year Deal. CHICAGO (Sports Network) - The Chicago White Sox have come to terms on a two-year, \$5.5 million contract with pitcher Dustin Hermanson.",Sports,5.841558103189914,-1.6983640831085174
"Apple pitches music industry on U2-style promos. U2 has been a familiar sight to iTunes Music Store visitors in recent weeks, with the online music store featuring everything from a U2-themed iPod to a digital boxed set of the Irish rock band #39;s recordings.",Sci/Tech,2.601036433802097,-2.8306466978164644
"Padres ink Williams, Blum. com. The Padres signed two players Wednesday, bringing back right-handed pitcher Woody Williams and adding infielder Geoff Blum. Both are one-year deals with Williams getting an option year in 2006.",Sports,5.697249178514927,-2.0915291946502657
Williams rejoins Padres rotation. CBC SPORTS ONLINE - Free-agent pitcher Woody Williams rejoined the San Diego Padres more than three years after he was traded away.,Sports,5.960862998590915,-1.5820600431533782
"Boston Red Sox Sign Pitcher Matt Mantei (Reuters). Reuters - The World Series Champion Boston\Red Sox have signed relief pitcher Matt Mantei to a one-year\contract worth #36;750,000.",Sports,5.874130134211033,-1.3049795072647064
"Boston Red Sox Sign Pitcher Matt Mantei. BOSTON (Sports Network) - The World Series Champion Boston Red Sox have signed relief pitcher Matt Mantei to a one-year contract worth \$750,000.",Sports,5.801233176813572,-1.6627239626022308
"Padres Sign Williams and Blum. ST. LOUIS, Mo., (Sports Network) - San Diego signed pitcher Woody Williams and infielder Geoff Blum on Wednesday to one-year, free-agent contracts.",Sports,6.305734758005588,-1.8035740297409026
"Apple pitches music industry on U2-style promos (MacCentral). MacCentral - U2 has been a familiar sight to iTunes Music Store visitors in recent weeks, with the online music store featuring everything from a U2-themed iPod to a digital boxed set of the Irish rock band's recordings. And if Apple has its way, other musical acts will enjoy a similar promotional push as part of an effort to bolster business at the online store, the director of iTunes product marketing told a gathering of music industry executives Wednesday.",Sci/Tech,2.754142288790195,-2.6533116739364595
"Lieber goes to the Phillies. Jon Lieber agreed to a deal with the Philadelphia Phillies, Al Leiter returned to the Florida Marlins, and Woody Williams went back to the San Diego Padres as major league teams moved quickly to grab starting pitchers yesterday after the first free-agent deadline of the offseason passed.",Sports,4.315730725155323,-1.085360769567105
"Lonesome whale #39;s high-pitched voice baffles biologists. A LONE whale with a mysterious voice that matches no other species has been discovered roaming the Pacific, it was revealed yesterday.",Sci/Tech,2.814022068605869,-1.5523043315978973
Pitch change has Bracewell upset. Five days of rain at the Gabba ground and forecasts of more have forced a pitch change for the deciding game Friday in the three-match limited-overs cricket series between Australia and New Zealand.,Sports,-7.666384096517117,-5.899160568055722
"Mysterious Tremors May Portend California Quakes. Low-pitched rumbles from deep under California #39;s San Andreas fault may offer a way to predict future earthquakes, US geologists said on Thursday.",Sci/Tech,2.5012244030098607,-2.1061587970825166
"Bracewell sceptical about pitch. New Zealand coach John Bracewell is sceptical about the preparation of the pitch for the Chappell-Hadlee Series decider, suggesting the Australians want to neutralise Black Caps spinner, Daniel Vettori.",Sports,-7.706856127156765,-6.215820972261044
"Mysterious Tremors May Portend California Quakes (Reuters). Reuters - Low-pitched rumbles from deep under\California's San Andreas fault may offer a way to predict\future earthquakes, U.S. geologists said on Thursday.",Sci/Tech,5.220770363436191,-0.018935900566193375
"iPod buzz reaches fever pitch. The buzz over Apple Computer #39;s next iPod music player has reached a fevered pitch after one web site posted details and a mock up drawing of the new device, which stores",Sci/Tech,-9.082950945272,-4.317995731172177
"For sale signs. While keeping pitcher Pedro Martinez and catcher Jason Varitek remain the primary objective for the Red Sox as they head to baseball's winter meetings for the first time as World Series champions, a flurry of free agent signings this week would appear to foreshadow an active weekend of player movement.",Sports,1.932012562380283,-0.5569898229213683
Transactions. BASEBALL Arizona (NL): Signed 3B Troy Glaus to a four-year contract. Atlanta (NL): Signed 1B Julio Franco. Chicago (AL): Signed OF Jermaine Dye. Los Angeles (NL): Signed 2B Jeff Kent. New York (AL): Named Neil Allen bullpen coach and Rich Monteleone special pitching instructor. San Diego (NL): Signed OF Eric Young; designated P Mike Bynum for assignment.,Sports,6.211945657358616,-1.825552169618222
"Goodman warms up to pitch city to owners. While this weekend #39;s Major League Baseball meetings in Anaheim, Calif., will probably be dominated by talk of steroids and big player moves, Las Vegas #39; mayor hopes to grab some attention Saturday",Sports,-12.257716532125027,2.3310769159225493
"Preview: Manchester City v Tottenham. Boss Kevin Keegan will again be without Claudio Reyna, Ben Thatcher, Trevor Sinclair and Jihai Sun. Bradley Wright-Phillips, who opened his goal-scoring account after just three minutes on the pitch against",Sports,-6.372923250569851,-8.396826450166317
Turkish Leader Calls for EU Membership Talks. Turkish Prime Minister Recep Tayyip Erdogan is in Brussels to make a final pitch before next week #39;s EU summit for the 25-nation bloc to set a date for his country to begin membership talks.,World,-9.851782198323757,-3.6764370840164156
"Diamondbacks Sign Pitcher Russ Ortiz (AP). AP - The Arizona Diamondbacks kept busy Friday, signing free-agent pitcher Russ Ortiz to a four-year deal a day after agreeing to terms with third baseman Troy Glaus.",Sports,6.7091378017525365,-1.0712690394493072
"Diamondbacks stay active by signing Ortiz. The Arizona Diamondbacks kept busy Friday, signing free-agent pitcher Russ Ortiz to a four-year deal a day after agreeing to terms with third baseman Troy Glaus.",Sports,6.404874209986179,-1.1752465408416717
"Diamondbacks add free-agent Ortiz. CBC SPORTS ONLINE - After adding slugging third baseman Troy Glaus at baseball #39;s winter meetings, the Arizona Diamondbacks have turned their attention to pitching.",Sports,5.7246242805580785,-1.412617508706662
"Brazelton wins Tony Conigliaro Award. Boston, MA (Sports Network) - Tampa Bay Devil Rays pitcher Dewon Brazelton captured the Tony Conigliaro Award. The honor is presented annually to the player who overcomes adversity through the attributes of spirit, determination and courage.",Sports,3.783630718217342,0.11435375696697542
"Dewon Brazelton Wins Conigliaro Award (AP). AP - Tampa Bay pitcher Dewon Brazelton, who bounced from home to home with a twin brother who has cerebral palsy, will receive the Tony Conigliaro Award for overcoming adversity through spirit, determination and courage.",Sports,3.2727621837715795,1.6758112270263703
"Diamondbacks Keep Busy; Ortiz Heading Home. ANAHEIM, Calif., (Sports Network) - The Arizona Diamondbacks continued their offseason makeover Friday as they signed free agent pitcher Russ Ortiz to a four-year contract.",Sports,6.350377206430881,-1.1430379789443939
"Yankees close to deal with Pavano; Wells to Red Sox?. Anaheim, CA (Sports Network) - The New York Yankees are reportedly closing in on acquiring free-agent starting pitcher Carl Pavano.",Sports,5.773809198961704,-1.4635105770202606
"D-Back money talks. ANAHEIM - With an astounding outlay of \$45 million for a third baseman coming off reconstructive shoulder surgery and another \$33 million for a starting pitcher the Braves weren #39;t even going to use in the postseason, the Arizona Diamondbacks have made a",Sports,2.868685726747959,-0.7025900524230926
"D #39;backs snag Ortiz, too. One day after they signed third baseman Troy Glaus to a \$45 million four- year deal, they handed former Giants pitcher Russ Ortiz, who spent the last two years in Atlanta, a four-year, \$33 million contract.",Sports,4.542699579821079,-1.4680158537002532
"Wells Joins Red Sox. ANAHEIM, Calif. (Sports Network) - The Boston Red Sox have signed free agent pitcher David Wells. The deal is believed to be for two years.",Sports,5.739821199999302,-1.6691958349319427
"Diamondbacks Keep Busy; Ortiz Heading Home. ANAHEIM, Calif. (Sports Network) - The Arizona Diamondbacks continued their offseason makeover Friday as they signed free agent pitcher Russ Ortiz to a four-year contract.",Sports,6.382740859613865,-1.116097275552365
"Wells Joins Other Side With Deal for 2 Years. David Wells, the pitcher who once fancied himself as the ultimate Yankee and the ultimate Yankee fan, will be on the other end of the most storied rivalry in baseball",Sports,3.283144597635715,-0.5163871389003722
"Clemens Accepts Astros' Arbitration Offer (AP). AP - Roger Clemens accepted the Astros' offer of salary arbitration Saturday, meaning he will either pitch for Houston next season or retire.",Sports,-13.144482965840847,3.267925556364444
"Wells Joins Other Side With Deal for 2 Years. David Wells, the pitcher who once fancied himself as the ultimate Yankee, agreeed in principle to a two-year contract with the Boston Red Sox.",Sports,4.020940218792408,-0.4753419201942413
"Pitching Ensemble More Than One-Hit Wonders. Starting pitchers are plentiful this off-season, more so probably than at any time during the 28 years of free agency.",Sports,2.609074000940769,-0.06724748053869894
"Pavano Wants to Pitch for Yankees. ANAHEIM, Calif. Dec 11, 2004 - Carl Pavano decided Saturday he wanted to pitch for the Yankees, and his agent and New York closed in on a four-year contract worth about \$39 million.",Sports,-13.171508188619168,3.2905896264938383
"Pavano Wants to Pitch for Yankees (AP). AP - Carl Pavano decided Saturday he wanted to pitch for the Yankees, and his agent and New York closed in on a four-year contract worth about #36;39 million.",Sports,-13.246465082540066,3.376195247831729
"Pavano chooses Yankees. Anaheim, CA (Sports Network) - Free agent starting pitcher Carl Pavano has chosen to join the New York Yankees and the two sides were working on finalizing a contract before the end of the winter meetings.",Sports,5.413539294825046,-1.4136804979415862
"Smoltz nets bonus for each start. ANAHEIM, Calif. -- The Atlanta Braves have found a closer, paving the way for John Smoltz to return to the rotation. SportsTicker has learned that the Braves have traded prized pitching prospect Jose Capellan",Sports,5.684315209017246,-1.4052694480987518
Pavano Chooses Yankees (Reuters). Reuters - Free agent starting\pitcher Carl Pavano has chosen to join the New York Yankees and\the two sides were working on finalizing a contract before the\end of the winter meetings.,Sports,5.305361394510715,-1.2410294454666106
"Pavano Picks Yankees. Carl Pavano decides he wants to pitch for the Yankees, and his agent and New York close in on a four-year contract worth about \$39 million.",Sports,-13.263976450337918,3.275348718824771
Yankees Get Pavano. The New York Yankees are close to finalizing a four-year deal for between \$39 million and \$42 million with free agent pitcher Carl Pavano.,Sports,5.0864313884834935,-1.6254673641296356
"Pavano Chooses Yankees. ANAHEIM, Calif., (Sports Network) - Free agent starting pitcher Carl Pavano has chosen to join the New York Yankees and the two sides were working on finalizing a contract before the end of the winter meetings.",Sports,5.364281539545505,-1.3626777570816009
"Pavano accepts Yankees #39; \$39 million. ANAHEIM, Calif. -- Carl Pavano decided Saturday he wanted to pitch for the Yankees, and his agent and New York closed in on a four-year contract worth about \$39 million.",Sports,-13.174628610982449,3.2574925977615385
"Devil Rays Acquire Catcher Cash from Blue Jays. ANAHEIM, Calif., (Sports Network) - The Tampa Bay Devil Rays acquired catcher Kevin Cash from the Toronto Blue Jays on Sunday in exchange for right-handed pitcher Chad Gaudin.",Sports,6.40784085236594,-1.73088187390289
Becks bomb scare. DAVID BECKHAM was last night caught in a terrifying bomb scare at Real Madrids Bernabeu Stadium. England skipper Becks and his team-mates fled from the pitch three minutes before the end of their La Liga clash against Real Sociedad.,Sports,-6.548267717732937,-8.180919353303524
#39;Do-not-call #39; law is about a year away. OTTAWA -- Federal officials hope to introduce new legislation today to establish a do-not-call registry for consumers who want to put an end to telemarketing pitches.,Business,2.6124856515984227,-2.51847166233978
"Legislation expected today to set up do-not-call registry. OTTAWA -- Tired of rushing to a ringing phone only to hear telemarketers pitching insurance products, exciting new job opportunities or cable TV packages?",Business,2.2229784771065404,-2.4089672010513277
"Bomb scare at Real Madrid stadium. More than 70,000 people were forced to leave Real Madrid #39;s Bernabeu stadium on Sunday following a bomb scare. David Beckham and other Real Madrid players had to leave the pitch three minutes before the end of their 1-1 match against Real Sociedad.",Sports,-6.562151308431179,-8.15334862881622
McGrath aims at struggling top order. FAST bowler Glenn McGrath has batting trumps Inzamam-ul-Haq and Yousuf Youhana in his sights and he has warned Pakistan to expect a rough ride on an old-style Perth pitch this week.,Sports,-7.607976313008816,-5.901721660432431
"White Sox deal Lee to Brewers for Podsednik. Anaheim, CA (Sports Network) - The Milwaukee Brewers have acquired slugging outfielder Carlos Lee from the Chicago White Sox in exchange for speedy outfielder Scott Podsednik, pitcher Luis Vizcaino and a player to be named later.",Sports,6.138605479822605,-1.7652532499404876
Mets Attract Martinez. The New York Mets and free agent Pedro Martinez are close to finalizing a four-year contract for the 33-year-old pitcher.,Sports,3.9576036079983403,-0.23216279262027434
"White Sox Deal Lee to Brewers for Podsednik (Reuters). Reuters - The Milwaukee Brewers\have acquired slugging outfielder Carlos Lee from the Chicago\White Sox in exchange for speedy outfielder Scott Podsednik,\pitcher Luis Vizcaino and a player to be named later.",Sports,5.839820866213291,-1.26199120694122
"Yankees reportedly seek 3-way deal for Unit. The New York Yankees haven #39;t given up improving their pitching rotation yet, and they appear to be making moves with a certain tall left-hander in Arizona in mind.",Sports,3.6972828998427083,-1.1429812353225677
Martinez's years in Boston. A chronology of highlights and lowlights from Pedro Martinez's seven years (1998-2004) as a Red Sox pitcher:,Sports,2.8478083654503514,-0.8085657399269073
"New York gets Pedro, Pavano. On Nov. 18, 1997, the Red Sox sent a young minor league pitching prospect named Carl Pavano to the Montreal Expos in exchange for Pedro Martinez.",Sports,4.134884659872501,-0.49381494933089903
Schilling says he likely won #39;t be ready by Opening Day. Red Sox ace Curt Schilling said his right ankle isn #39;t recovering from surgery as quickly as he expected and he doesn #39;t think he #39;ll be ready to pitch by Opening Day.,Sports,-12.71748292006448,2.774821098509219
"Reds make a move: Prospect for veteran Ortiz. The Reds big trade came on Tuesday, one day after the Winter Meetings ended, when the club obtained starting pitcher Ramon Ortiz from the Anaheim Angels in exchange for pitching prospect Dustin Moseley.",Sports,4.685362701044529,-1.4627302330108611
"Angels agree to deal with Byrd, trade Ramon Ortiz to Reds. ANAHEIM - The Anaheim Angels agreed to a \$4.5 million, one-year contract with right-hander Paul Byrd on Tuesday, and traded pitcher Ramon Ortiz to the Cincinnati Reds for a minor league pitcher.",Sports,6.3368562503914525,-1.7911958139511077
"Indians, Hernandez finalize 1-year deal. The Indians have added an infielder and brought back their closer, but their pursuit of a starting pitcher has not gone according to plan.",Sports,5.1018794818978,-1.668960873422238
MLBPA files grievance for Neagle. CBC SPORTS ONLINE - The MLB Players #39; Association filed a grievance Tuesday on behalf of pitcher Denny Neagle after his contract was terminated by the Colorado Rockies.,Sports,5.600880388842075,-0.6798358600707977
Martinez says he #39;s heading to Mets. CBC SPORTS ONLINE - Star pitcher Pedro Martinez confirmed on Tuesday that he #39;s leaving the Boston Red Sox to join the New York Mets.,Sports,5.823743824587314,-1.5450251739593475
Union files grievance over Rockies #39; termination of Neagle. _ The baseball players #39; union is challenging the Colorado Rockies #39; decision to terminate the contract of Denny Neagle. The Rockies cut the pitcher loose last week -- after he was cited for soliciting a prostitute in suburban Denver.,Sports,5.117340330706089,-0.7504171174140899
"Shapiro: We Still Want Clement. Indians General Manager Mark Shapiro said Tuesday that he remains hopeful of signing free-agent pitcher Matt Clement. quot;We #39;ll ride this out to the end, quot; Shapiro said, adding that he has already offered more",Sports,4.177853052244632,-1.451310340699765
"Angels, Byrd Agree to 1-Year Deal. The Angels agreed to a one-year, \$4.5 million contract with RHP Paul Byrd yesterday and traded RHP Ramon Ortiz to the Reds for a minor league pitcher.",Sports,5.522459749803989,-1.9183463495346038
"Angels agree to deal with Byrd. LOS ANGELES - The Anaheim Angels added a starting pitcher Tuesday, agreeing to a \$5 million, one-year contract with right-hander Paul Byrd.",Sports,5.8879379078011205,-1.782155100640866
"Clayton, Counsell now on board. The Diamondbacks introduced shortstop Royce Clayton as their newest member Tuesday after free-agent pitcher Matt Clement visited Bank One Ballpark.",Sports,4.022269864306896,-1.1576119106384246
"Coming and going. A shade more than 14 months ago, David Wells appeared at a news conference in Fenway Park, not far away from the room where he greeted reporters yesterday. Back then, Wells was a card-carrying member of the Evil Empire, a true believer in the Curse of the Bambino, on the verge of pitching Game 3 of the Red Sox-Yankees AL ...",Sports,1.2833417698006322,-1.2601578872772186
"Reds #39; first move of winter produces starting pitcher. Since the day after the Reds fired Jim Bowden and Bob Boone nearly 17 months ago, virtually all of the club #39;s transactions have been geared toward raking in prospects and getting younger, especially on the pitcher #39;s mound.",Sports,3.4932602091889073,-0.8954480927558868
"Pedro agrees to join the Mets. Speaking to a Dominican Republic television station, Martinez said he and the Mets are quot;happy with everything. quot;. The deal for the pitcher who helped Boston win the World Series will be worth more than \$50 million.",Sports,5.18479967556998,-1.423053685960385
"Reds add two to bolster bullpen. The Reds added two pitchers to their bullpen today, signing veteran right-handers David Weathers and Ben Weber. Weathers, 35, signed a one-year deal with an option for 2006.",Sports,5.7680298133949925,-1.9999005239578216
"Athletics acquire Ginter from Brewers. Oakland, CA (Sports Network) - The Oakland Athletics have acquired infielder Keith Ginter from the Milwaukee Brewers in exchange for pitcher Justin Lehr and outfielder Nelson Cruz.",Sports,6.331598882303684,-1.8293934505554168
"Money talks, Pedro walks. Those were the exact words uttered by Red Sox pitcher Pedro Martinez in an interview that appeared in the World Series DVD released late last month.",Sports,2.1677408262352635,-1.4932951372238128
"Source: Renteria Agrees to Sign With BoSox (AP). AP - All-Star shortstop Edgar Renteria has agreed in principle to a #36;40 million, four-year contract with the Boston Red Sox, who beat his St. Louis Cardinals in the World Series when he grounded to the pitcher for the final out.",Sports,5.482201103792637,-1.4932337444396941
Yukos files for bankruptcy protection in Bush #39;s backyard. Russian oil giant Yukos yesterday increased the stakes in its battle with the Kremlin when it filed for bankruptcy in the United States in an unusual move possibly intended to pitch Washington against Moscow.,Business,-8.999645586385281,-3.225765888032529
"Martinez Deal Finalized. Martinez passes his physical, and the Mets finalize their \$53 million, four-year contract with the pitcher.",Sports,5.03254366360709,-1.7161036174865691
O's Turn to Burnett. The Orioles lose first baseman Richie Sexson to the Mariners and are now considering a trade for Marlins pitcher A.J. Burnett.,Sports,4.846143905744999,-1.7040092390151946
"Red Sox making noise in the offseason. 1. Boston Red Sox. Yes, they lost one of the greatest pitchers in franchise history in Pedro Martinez when the veteran righty signed a four-year deal with the Mets.",Sports,3.3053358241181066,-0.6897932332130401
"Sox make off-season pitch. Red Sox executives are considering creating a hall of fame or museum at Fenway Park to help keep the fever going, and cash flowing, all year long.",Business,-11.779816027059109,2.3452301580337553
"Competition is sight for Clement. The Red Sox are one of seven teams that have an offer on the table to righthander Matt Clement , who came up in the Padres' system with Theo Epstein and remains one of the most attractive pitching options left on the market despite a career record under .500.",Sports,3.7534817128638913,-1.4601828497024505
Defoe pitches in for pal Joe (AFP). AFP - Jermain Defoe has urged Tottenham to snap up his old West Ham team-mate Joe Cole who is out of favour with Chelsea manager Jose Mourinho.,World,1.7645043178658177,0.30073949283638307
"Pedro exit official: Passes physical, set to join Mets. Pedro Martinez, who replaced Roger Clemens on the Fenway Park mound in the late #39;90s, has now matched the Rocket in Red Sox stats, schedule annals as the free agent pitcher who got away.",Sports,3.5832210525135686,-0.5611053746314971
"Atlanta Braves, Smoltz Agree to New Deal. ATLANTA (Sports Network) - The Atlanta Braves announced Thursday that the team has come to terms with longtime pitcher John Smoltz to a new two-year contract with a club option for the 2007 season. Per club policy, financial terms were not disclosed.",Sports,5.881790284738987,-1.596442882356259
"Twins sign veteran Mulholland to minor league deal. Minneapolis, MN (Sports Network) - The Minnesota Twins have come to terms with veteran pitcher Terry Mulholland on a minor league contract.",Sports,6.025641088114231,-1.7477673929306
"Hudson Traded to Braves. ATLANTA (Sports Network) - The Atlanta Braves have acquired standout righthander Tim Hudson from the Oakland Athletics in exchange for outfielder Charles Thomas, right-handed pitcher Juan Cruz and left-handed pitcher Dan Meyer.",Sports,6.114784841165989,-1.8006222885223357
"Mulholland signed by Twins. After the Twins acquired veteran pitcher Terry Mulholland from Seattle for a dollar in April, they certainly got more than their money #39;s worth.",Sports,3.6567999466519048,-1.167554442224118
"Braves have a Schuerthing. This isn #39;t good news for the Phillies, who thought they had beefed up their pitching staff, or for the Marlins, who felt their offense gave them an edge.",Sports,2.5738230987648656,-1.3843408268066375
"A #39;s Trade Pitcher Tim Hudson to Braves. Oakland Athletics pitcher Tim Hudson smiles during the seventh inning against the Baltimore Orioles, Aug. 23, 2004, in Oakland, Calif.",Sports,4.121045593843906,0.6520359475044282
"Hudson Joins Braves, Mariners Sign Beltre (AP). AP - The Atlanta Braves made another huge pitch for success, getting Tim Hudson from Oakland. And the Seattle Mariners added another slugger, grabbing Adrian Beltre off the free-agent market.",Sports,-11.456494684590847,2.6053619939712553
"Competition in sight for Clement. The Red Sox are one of seven teams that have an offer on the table to righthander Matt Clement , who came up in the Padres' system with Theo Epstein and remains one of the most attractive pitching options left on the market despite a career record under .500.",Sports,3.9727889045338323,-1.4142882268997161
"Braves Acquire Hudson; Beltre and Mariners Agree. The Braves added pitcher Tim Hudson and the Seattle Mariners improved their offense when Adrian Beltre agreed in principle to a five-year, \$64 million deal.",Sports,5.390549068079441,-1.7682192962738006
"Fans are thinking spring after Mets #39; coup de grass. The ink is barely dry on the four-year, \$53 million contract that lured star pitcher Pedro Martinez to the Mets and excited fans of the woebegone franchise are wishing the frigid December",Sports,1.5534788414101293,-0.6503013413520782
"Sox Ace Heads To Shea. BOSTON -- Red Sox pitcher Pedro Martinez will hold a news conference Thursday after he accepted a four-year, multimillion-dollar deal with the New York Mets earlier this week.",Sports,4.5986819311241796,0.10259173399486848
"Will the Yankees Sign Randy Johnson?. (New York -WABC, December 17, 2004) - The New York Yankees already are close to completing deals with starting pitchers Carl Pavano and Jaret Wright.",Sports,5.103239183054416,-1.3611876409622161
"Herniated disk discovered in pitcher #39;s lower back. The Florida Marlins have withdrawn their two-year, \$4.75 million offer to Antonio Alfonseca after a herniated disk was found in the pitcher #39;s lower back, the Miami Herald reported Friday.",Sports,5.237742189989536,-0.7139016430946319
"Martinez blasts ex-teammate Schilling. Newly signed New York Mets pitcher Pedro Martinez leveled criticism of former Boston Red Sox teammate Curt Schilling, telling the Boston Herald he #39;s much better and that Schilling was off-base when talking about Martinez #39;s workout regimen.",Sports,4.65892613373801,0.3977141339210541
SA restricted on tame pitch. Port Elizabeth - England will definitely have been the more satisfied team to leave the field here at St George #39;s Park on Friday after the first day of the first Test against South Africa.,Sports,-7.603935594930203,-5.93694180661163
"Braves' Hudson Excited to Join Rotation (AP). AP - Tim Hudson was a high school junior in 1991 when John Smoltz pitched the Atlanta Braves to their first division title in nine years. Now that he will join Smoltz in the Atlanta rotation, Hudson hopes to help the Braves finish atop the division for an unprecedented 14th straight season.",Sports,3.8960506550233056,2.175002153578189
"Sox reach agreement with Clement. The Red Sox have reached agreement with free agent pitcher Matt Clement yesterday on a three-year deal that will pay him around \$25 million, his agent confirmed yesterday.",Sports,5.370744948015659,-1.6382312219711272
"Amid a Whirlwind of Change, Martnez Returns to His Roots. Less than 24 hours after Pedro Martnez stood inside Shea Stadium for his introduction as the Mets' newest pitcher, he was on an island in the Caribbean Sea.",Sports,1.5003525062660863,-1.0210078995796172
Same Old Story: Yankees Sour on a Younger Pitcher. Javier Vazquez was supposed to be the impressive pitcher the Yankees would use as a linchpin in their rotation for any number of seasons.,Sports,2.5862950130562474,-1.1158402603240936
"Red Sox miffed by parting shots. Feeling he had been a good teammate and friend to Pedro Martinez and had gladly accepted being the No. 2 pitcher behind him, Curt Schilling expressed surprise",Sports,3.9788996770243337,-1.2270658653350799
"Void is filled with Clement. With the supply of attractive pitching options dwindling daily -- they lost Pedro Martinez to the Mets, missed on Tim Hudson, and are resigned to Randy Johnson",Sports,2.7724208875755956,0.13584574646034547
"Red Sox miffed by parting shots. Feeling he had been a good teammate and friend to Pedro Martinez and had gladly accepted being the No. 2 pitcher behind him, Curt Schilling expressed surprise and disappointment yesterday over Martinez's parting shots at him, general manager Theo Epstein, and manager Terry Francona.",Sports,4.032569546924083,-1.2722020786376922
"Red Sox reel in Cubs #39; Clement. It was a busy day for Red Sox brass, who also introduced new shortstop Edgar Renteria. By GARRY BROWN. Free agent pitcher Matt Clement apparently will be coming to the Boston Red Sox to plug the last open spot in their starting rotation.",Sports,3.7400604679445912,-0.9526162784667938
