article_id,UMAP1,UMAP2
1,-1.481423328840005,3.034579807974922
2,6.663577367342246,-3.2955555374840624
3,0.31594120410753535,2.156396204688179
4,-2.9533199772469874,-5.331350510857476
5,3.2578640475638037,-2.7158677036980516
6,0.7367145314581518,0.6417268012543791
7,-2.334895680867898,2.25269871399604
8,0.978735853708518,0.4943430927475565
9,3.5000083938009863,-1.828565305016411
10,-4.26138777586149,-7.085609143517388
11,0.711079169786704,0.6256091092606657
12,0.006208051718008978,0.3781937231203192
13,1.6432092681295996,-0.5240648443917162
14,0.10325186399294184,0.15608417437277966
15,-3.7456452355019922,-4.296380227349175
16,1.661215831316245,-1.2981608565071947
17,0.3259453072912817,0.05084612415038281
18,-0.10398967119382574,-2.5117494518975145
19,3.3112414374716406,-2.7357127125481493
20,1.5666430487997656,0.9933350031157606
21,-5.1666113838784575,4.659436041571723
22,-4.31499786230253,-7.178878014824761
23,-1.070558498822915,-2.477862303994072
24,1.514184524095786,-0.543168371460808
25,-1.4784682497613306,3.0274706427832716
26,-5.348987291776407,5.082667166449653
27,1.0808822408087377,1.5577458684226149
28,4.864927579439414,0.961292499758827
29,-0.4590453684561129,-3.8555600102166063
30,0.8568485274679785,0.6047362183114164
31,0.8831875815756445,0.6946142856856459
32,1.7375288501150732,-0.8830024655083544
33,-0.9131836697690363,-8.385572140953911
34,-1.4262185201279993,1.8420575206061476
35,-3.5880226597421045,-4.048359578392876
36,-2.2454031214349146,-3.5450910980919725
37,-3.06928343626188,2.8528271262427443
38,-4.529346416913736,6.872506911017524
39,2.198064376390708,1.2102109734793776
40,-4.5709082588784575,3.2709372584601515
41,-3.429403017484414,0.7214664165755384
42,1.2177238955862646,0.5878902022620314
43,-0.5139341049127455,0.7732077185889357
44,4.944154550112021,5.30570107147895
45,-3.377973507367837,-3.9722339565972216
46,0.5419689908392553,0.7627425734778517
47,-0.5292836141072388,0.21147548601828747
48,-2.4119771227471705,-1.9205467159966356
49,3.8175390258200292,1.7269949261923903
50,-2.5366323694817896,3.9727430884619825
51,-0.55161390323175,1.216629380442726
52,2.0183527961142187,0.08500310228072339
53,-2.235090445005166,1.8441695515891188
54,0.04218893197847651,-4.978569215081109
55,-3.6395530209176417,-3.995546048424614
56,-0.23045567723439886,0.3528883253117674
57,-1.9974332556359644,-2.7040965016106493
58,-0.4588099003069277,-0.25855833842552967
59,-0.2303434118859644,-0.7380674536446459
60,-2.0858660444848414,0.24938933000765973
61,-1.5677878365151758,3.157446438529121
62,1.0297726884253149,1.772278839804756
63,0.43624829200578974,0.5228172783633345
64,-3.974740456067788,-5.208291714928521
65,-3.907209824048745,-3.985989278099907
66,1.4978588118918066,2.0838087146063917
67,0.6460266604788427,1.388418907382118
68,-0.7760781303279276,-8.508019154808892
69,3.5213902488119726,-1.7086262161949999
70,3.624480058229697,6.169358069159614
71,-0.5161596119634981,-0.1756875570038683
72,-0.03113360258268072,-3.4128722603539354
73,1.7453706756003027,2.3139110152503126
74,5.4402683272726655,5.448901468970405
75,3.6038153663046484,6.299053961493598
76,-1.8354596600167628,-2.8213927204827196
77,2.522278358019126,-2.0495864804009325
78,0.9201745286352758,-1.0438892300347216
79,-3.2578408226601954,-4.621100133202447
80,-1.9766301617257471,-2.5072533543328173
81,1.031510044611228,0.6540654395600431
82,-0.25084946604894354,0.3719293122073286
83,3.0679133429892187,-2.5342268402794725
84,0.09678160098863886,0.3315468002935522
85,-3.7194079861276026,-4.273567860863579
86,0.3851200833685522,0.6204471086045378
87,2.565869142092002,2.318139607169258
88,-2.9767972931496973,1.1000133101721876
89,2.531738568819297,0.295653382398712
90,4.427093793428671,4.588366324164497
91,-2.313128660642373,-3.595956033013237
92,2.5120094313986425,4.4017906729956735
93,-1.797275494062173,0.06736373350821667
94,-1.9104120239846583,1.464701706626045
95,4.388404656923544,4.974984938361274
96,5.642803479707968,1.088550264098274
97,3.8457329764731054,4.288877064444648
98,2.0615392222769384,-3.3994755203942186
99,-1.6288393244378443,0.9755198900481337
100,0.4893984094030981,0.7751480881949537
101,1.756205369508994,-2.927848761818779
102,3.3614593043692236,4.675180250861274
103,-0.5108476869993086,-5.294716065667046
104,2.476628591097129,-0.9489721710900194
105,3.6249554648764257,5.793123537757026
106,4.041775514162314,4.0523503367682565
107,-3.1305798992745753,2.307369047858345
108,-1.6708936199777003,-3.1505767758110887
109,-3.1390168175332422,-4.783043092034234
110,3.632695485628379,6.264801317908393
111,-3.640945623838174,3.6851854865332716
112,-0.4626278013222094,-8.18952245070733
113,1.8829763427145605,2.4027866666098707
114,6.2296288504965425,0.9623830859442823
115,3.639989663637412,6.290526682593452
116,2.243134547746909,-3.497707789681328
117,-3.8939053520791407,-4.554451173088921
118,6.0255930915243745,1.0369098131438368
119,-3.692581127607095,-5.297641461632622
120,2.422924806154502,-1.778650468132866
121,-0.6903132453791971,-2.9687506611565477
122,-3.514589022123086,1.882551604964363
123,3.3458838954336767,-2.7622868473748095
124,-0.9158630177609797,-2.954715436241997
125,6.319404412782919,0.9175388161917799
126,4.2992136969931245,3.4040151183386915
127,-3.09628743978666,2.565998846747505
128,2.669817258394492,-2.5270533020714647
129,-2.846221397840249,-4.689416592858208
130,-5.335899065458047,3.3455148284216993
131,-3.7092518314950342,0.9058693294306868
132,-0.42390763314889623,3.9756165091773146
133,4.881370355165732,0.957617933013069
134,4.022030164278281,0.35302385137282544
135,2.463769723451865,0.2543978785058134
136,0.042020846880209906,-4.732970898888482
137,2.258827258623374,4.283506209113227
138,2.7700398459799414,-2.350115721962822
139,5.105341245210898,6.429352099158393
140,1.614303161180747,0.6482599173565977
141,-5.309954355680215,4.829486662604438
142,6.864817906893027,5.9487455432196725
143,3.160523463762534,3.3234394137641066
144,5.019440938509238,0.949575210072624
145,-2.610081146680581,-4.64660138442315
146,-2.8965382084481592,4.44695764229499
147,0.3831117048628454,0.5150971096833818
148,0.5971282019980078,0.6335036699553602
149,3.8886287703879003,0.35361822889052563
150,2.5717554583914404,-2.0395860131005175
151,2.276912976778281,-1.4461138899544603
152,0.9640919461615209,0.4715831541349762
153,0.2344835892088537,1.1410353128691786
154,3.249866773165,-2.6227442677239305
155,15.531822015321982,1.3593827430983656
156,-2.286803434812295,-5.274627869866265
157,4.309730817354453,4.443183714606391
158,0.12793247846437739,1.3925145213385695
159,2.208151628053916,1.2232351844092482
160,-1.8434304699532862,-2.841330950997246
161,1.7651391520865087,-0.7400835211495287
162,-0.5339442391179676,-3.359068339608086
163,-1.2697423205010767,-3.9229485447625048
164,-0.32997396143602087,0.9375038091918104
165,-5.268007467710245,4.747583681799995
166,2.7608569159872656,-1.540873711846245
167,-1.6612081036202784,-2.622083848259819
168,-1.4575650796525355,-1.8212894852379686
169,2.0193684592611914,10.02865725205146
170,-2.506451199971902,-3.1782342846611864
171,-1.3922270044915552,2.9049726073523634
172,-0.11954758616613104,-2.5683478768090136
173,2.4614515796072607,2.546206528403389
174,-3.364966104947793,-5.003794377587212
175,-0.6618894070618029,-0.9584328587273485
176,-5.840969274961221,5.18750506088935
177,4.24205141214205,4.654373461463081
178,-3.573145578824746,2.1901085917731398
179,1.9215503230459814,-0.9840989763955004
180,-2.00665337892698,-2.6579734738091356
181,-1.0560802921883936,0.8917465452929609
182,2.998848248995078,-0.7628946955422289
183,0.047294189012778265,1.6747575347205275
184,2.009376336611045,10.112236315466987
185,-4.390783022367227,-5.147091096184624
186,-0.07877490969823553,-2.732026761315239
187,3.3106596961386328,4.64741831467353
188,0.7772934928305273,1.1773191635390394
189,1.753773261583579,-3.039552157662285
190,2.690197755373252,1.3968342487593763
191,-2.9995266899697657,4.4811528270026315
192,-0.9522752568356867,-6.341837113640679
193,-2.656523655378091,-2.1761846001366503
194,0.9769475951559667,0.5432770867725485
195,-1.7343871101968165,-2.281260913155449
196,-5.541911314450967,4.879926974036323
197,3.495056916750205,-0.5087044294098741
198,-0.46511479022430136,-5.9017464573601615
199,-4.709062288724649,4.157064968802558
200,4.78082733300997,5.224764162757026
201,-0.011535118543374079,-4.483429139397515
202,-1.7331011995904322,-6.094300454399956
203,-4.6823794350259185,6.9529569690009225
204,-3.8202850327126856,3.5678542201300734
205,2.0872092738516455,9.0575955455084909
206,0.1206823482878332,0.48361414120398694
207,-2.8486725792519922,-4.218582814476861
208,3.0825334086783056,-2.766478007576836
209,4.880195905245078,5.210562521674262
210,3.7382171645529394,-1.1378387863854296
211,-3.5848299965493555,3.365638787009346
212,3.3408129706747656,3.996545368888008
213,0.14480881837679194,0.5045112092872732
214,-3.0136229500405665,3.1752131526251905
215,-3.2551762566201563,-4.3734566624382865
216,3.0352726474173193,0.14676376626692944
217,-1.8321612581841822,-5.9014250691155326
218,-2.69078845831083,-2.2221533711174852
219,-0.46628246011661245,-8.141518300316704
220,1.2574556365378027,-0.5877764876107103
221,-1.8072483048074122,-5.254502957604302
222,4.603298951662314,0.9883809034606093
223,3.129679729021323,3.934799010016548
224,-2.071971367322671,-2.6832880432824022
225,1.4314129844076757,3.7672067229529493
226,2.5036693110830908,1.4122567121764296
227,-3.543759535276162,-4.060472195885552
228,-0.5400562754132028,-8.16593617751397
229,-1.160307000600564,1.7059916798850172
230,4.916824151552451,0.9483725373526686
231,-1.3283745751016016,-3.8005020077446825
232,-2.966261099302041,2.4273974244376295
233,-0.6119577430419798,-8.752390568993462
234,1.7066295638449316,-0.8300480301598436
235,0.09905957130266474,0.08643888876639538
236,-4.617202471219766,6.699488932349311
237,-4.67018003317045,-4.342991536400689
238,-0.5063296288483019,-4.933102792046441
239,-2.677553127729165,-4.872715657494439
240,3.8602221503622656,3.8118780200263136
241,-4.653216074430215,6.775208288886176
242,-2.803769062482583,2.3791428153296583
243,1.376052428758872,-0.10753804995812244
244,2.083128739870322,8.979796702124702
245,1.9472349181540136,-3.2766322548607714
246,0.2659878626234655,-1.6278178150872118
247,-1.4701202616326685,-5.390993779442681
248,0.43169485477281855,1.118537122466194
249,-3.1858052715890284,3.6907611434241407
250,0.7295378938086157,0.2896168921967619
251,-0.6949509486787195,1.7348096911688917
252,-0.2598576352231379,0.5317777116676443
253,-0.025989900552498835,-2.473622506401909
254,-2.109866212331521,-2.5363559181908495
255,3.2593966021902685,-2.70303482367791
256,-5.018998335324991,4.011730486609565
257,-0.44014774563239767,-1.3849082644204027
258,0.14257018712831782,1.1179415528555983
259,-1.5436307892434473,-4.7029387409905326
260,-5.47109384390043,3.497383171774971
261,0.7689267888434057,0.6833545510550612
262,6.686709691560996,-3.3085658009270555
263,-0.34740586134122564,-6.162893002770318
264,2.1294172301657324,3.032169396140205
265,-3.6211108669869776,2.988209301688301
266,2.3730140223868017,1.2569284384032362
267,-4.170406292402017,-6.967374985955132
268,-0.8327488109700556,1.6961012427588575
269,0.019946445501578314,-0.1245533879021532
270,1.5900304808981542,-0.6658323462227709
271,-4.979528616391885,4.596628481604682
272,3.5216806426413183,-0.5003171022156603
273,0.514124561823142,0.30446937129698926
274,-2.557228754483926,-5.385412400505913
275,-4.047484110318887,-4.099480813286675
276,-2.8228601917855616,-3.6112091000298387
277,-0.4292868033282633,-6.488227074883355
278,-0.3950390175216074,-6.677523797295464
279,3.471110154665244,-1.776159709236992
280,-5.019551466428506,3.7356639449378126
281,2.7375760569937353,3.34119969055854
282,1.674526025331748,-0.10719067408837146
283,-3.209492872678506,0.7296037618895643
284,-5.0705301270120025,4.204783016898261
285,-0.9969646737210627,1.0202153866072767
286,-3.258438061200845,-3.7516319210747606
287,2.6031184687979345,-1.652157252571953
288,3.2254446044333105,-2.643557971260918
289,2.6195769801504736,-1.876881783745659
290,2.6111777320273046,-2.085741942665947
291,-0.4576104536883707,1.3689359967490309
292,2.922096540010703,4.557797247626411
293,0.843737770593894,-0.39212310864723987
294,4.777959157503378,5.082874113776313
295,-2.069756339513528,-2.800200408242119
296,2.2987120643026953,1.9766792599936598
297,-4.639023016416299,-7.6011626179436576
298,-0.8350089296929712,-4.696604436180962
299,-0.13909311147855474,-2.588800137780083
300,1.2949855819113378,-0.59918219401635
301,2.728232432878745,-1.9986628945092089
302,6.880641271150839,5.955672079779731
303,2.5849981799490576,-2.455534880898369
304,-3.0585326656930323,-4.86210841491021
305,1.01440374997927,0.697189996101486
306,-2.0065552696816797,3.286567742087471
307,-4.807161997281778,-7.786513989708794
308,-0.27388073059247686,-1.2345673496941454
309,0.0747117295630102,-2.5906233246544725
310,3.2337987914450292,3.4288006369849318
311,-1.1979254588715906,-2.571656649849785
312,6.891493608034384,5.9696381633063424
313,0.30062328723741816,-0.29258907391823596
314,-0.8733470246426935,-6.532427018425835
315,-3.0153631672494288,-3.960725491783989
316,2.0533001914389257,-1.5670113022545702
317,-3.3834139809243555,-3.997271245262993
318,2.6684656634695654,-2.08836573912896
319,-0.3339353457324381,-0.13771725251473255
320,15.514837075746787,1.3759723846694105
321,-1.6295512423150416,-5.657135670922173
322,-0.8281848833196039,1.0832949225684279
323,-1.7381811842553492,1.409120196559059
324,-3.2089526161782618,4.003450209357368
325,-4.570275495969522,-4.629428094170464
326,0.03709118512941645,0.6095888559599989
327,1.9626944556601171,0.28791261658869916
328,1.769799758470786,2.3503060881873243
329,-2.8310265049569483,-3.616495793602837
330,2.8705750003225927,4.7082951609870065
331,1.5205715194113378,0.5749619548102491
332,-1.6156321272485132,-5.058693116448296
333,-1.7030441269509669,-8.554135030053033
334,5.516124536073935,6.756738478400337
335,-3.6128196224801417,-4.068525498650445
336,3.760988999880088,0.3476119135399931
337,-3.262704323255288,2.3337405268927687
338,-1.5844798788659449,-2.1336221153954393
339,2.403700877702964,-1.0345255787590868
340,-3.744959066831338,3.6871851031561964
341,-0.29226980658696844,1.2453109566947096
342,1.3866029277212744,0.3422875796338194
343,-1.462886939965951,-8.544896786950005
344,1.4042486443884497,1.4346544687529676
345,2.609335948503745,4.376518303610908
346,-1.7971133694283838,3.3391485755225294
347,-4.63922710272001,-7.608679478905572
348,5.765638639009726,1.0934151356001967
349,-0.6729931712381716,-4.725407784722222
350,-4.210342834913003,-5.000410264275445
351,3.847431947267783,3.7029061858435743
352,-3.130747984372842,2.265386397101509
353,-0.38101608606504156,0.7399705593367689
354,5.74420099405123,1.0904618446608656
355,-4.163023899518716,-4.589893525383843
356,-1.403203557454812,1.5660014693518751
357,-0.5530539194644137,-0.20796776368416614
358,-0.3204466507069941,0.6954170112391584
359,5.95523672250582,5.3843439166327585
360,2.1162012114889746,9.478733355261909
361,-0.11719275566266729,-1.4522243197182543
362,3.8932507529623632,0.3711334486385458
363,0.7770004763968115,1.230717355467903
364,3.0983994498617773,1.5273850505133741
365,-0.6887216970555659,15.603644663550483
366,-0.0762705907456751,-1.2850906307915575
367,0.4263524904616003,0.716908807017433
368,1.0642682805426245,0.38115181223355465
369,5.143460084474814,5.831801230170356
370,2.882998992479575,-2.2959169800499803
371,-3.0607261166207667,4.691402727820503
372,-4.389838884793985,2.134103709914314
373,-0.09698886724637701,-3.46306318595208
374,-2.9555577740304346,-3.668726151726616
375,0.7399137511618261,0.2731167469998472
376,1.7339616313345556,-0.0031486208657152126
377,-3.1211740479104395,-3.6028301174858934
378,1.054362107790244,1.6805590932150953
379,-0.37691343876050665,-2.651495402596367
380,2.1791677966482763,-0.13478053166664905
381,-0.09894190283940985,-2.932000582955254
382,2.0663893714316015,-1.0447537358025438
383,-2.749346445523965,1.8312146012564772
384,-0.1548073694341059,-1.6846832688073046
385,-4.732657144986856,3.117848450400459
386,-2.4751041636102076,3.90278154061042
387,2.0119059577353124,0.20833941743575268
388,-0.4289598718516703,-6.714957421563042
389,-3.2431404099099512,-5.505818074486626
390,-5.007273863279092,3.7395773474951857
391,-0.2662367627255793,-5.67989987685479
392,4.356278707063925,4.549597079016792
393,-2.444483231031167,2.084469730116951
394,5.319493581331503,6.352617079474555
395,2.1237133040793066,-1.02154809787072
396,-3.664010475599038,-4.163625901482476
397,-0.20241109582112982,-8.909382527611626
398,-1.2625336155526514,-3.8773314411858446
399,-4.336245726072061,4.087577158667671
400,1.4466308846838598,3.7883186881323927
401,2.04427914766146,-1.6110555584648973
402,-3.317483137571084,-4.938527768395318
403,-1.251044283830392,-1.4614352638939745
404,2.564068366564048,1.3154355232497328
405,-2.9814812645547266,-3.5661503727654345
406,-0.2983943030469294,0.10591941521369153
407,-0.24910850378202154,-5.753849213860406
408,1.8327086463339453,-1.639003937981499
409,5.196766664064658,6.022831732489692
410,-4.480879257642496,3.653597885825264
411,2.56804828790499,3.7009997908850782
412,-2.8862359032266016,2.514023119666206
413,0.34071545747591303,0.34390902713738614
414,-2.8855692848794336,3.754397923209297
415,-0.7382953122489329,15.54823618576728
416,1.418529440439475,1.9887632672568434
417,3.9261420264608984,1.7423230950614088
418,2.964940358675254,3.0600238387366407
419,-0.9782361194722529,1.1107953135748976
420,-2.8376159176461573,1.5783967320700758
421,-2.0979514822594996,-5.159300034783257
422,2.9209218516714697,1.481087261893379
423,0.36402695325685785,2.0977011267920607
424,-0.1682423457734461,0.15097394035063916
425,-4.038169334851968,-4.58190411879815
426,-5.847999762021768,5.1904681269904245
427,-4.02806086393522,2.0575763528128737
428,-0.08705587240384771,-1.7071914131859667
429,-2.7686626419656153,2.315741116263496
430,1.9106636538870458,-3.2414760048607714
431,0.06855451015306757,0.19098984644614392
432,-1.4417339667909022,1.1330084745665663
433,-0.7490606859557505,0.7082062010546797
434,-0.03576011511014654,0.6474727784176939
435,-1.8770933851830836,0.22009477958880597
436,-1.7760955795876856,-3.0039629395226366
437,-3.460706661664712,-4.655602162621392
438,0.9777187600500707,0.9661255423804396
439,-2.4340593323342676,-4.114363854668511
440,0.15752535013033198,1.4543625061293715
441,1.6230748191244726,-0.8272381479958422
442,-0.728192086540925,-6.480710690758599
443,0.2228486433394079,0.7601011936446302
444,-0.2360977038972254,-4.480778878472222
445,-3.6561569676034327,-4.1485869343499076
446,0.6030688777334814,0.025214815594779783
447,-0.21020723434613897,-9.024451916954888
448,-0.19934518190549566,-3.4582290108422167
449,2.1386123195059423,-0.9342048819283373
450,1.2458429828055029,0.44105586231552296
451,4.712820340669882,5.015419775702583
452,1.0911916985876684,1.379692727782356
453,-1.3546204671494837,-1.512999242089165
454,-3.859823177777993,-6.504451936028374
455,4.569937039888632,4.834253603674995
456,-0.5543951972851704,-4.013956254265679
457,-3.8856586918465967,1.966504389502632
458,2.663512040651572,-2.155363982460869
459,-1.1165132627122278,-3.962989991448296
460,3.619958211458457,6.285224730231391
461,-5.077134798490274,4.2935002391120065
462,-0.7882442727916117,-7.476253217003716
463,-0.47866194250510885,-3.362441962502373
464,2.032445241487754,10.119195276953803
465,-2.4827680096261378,-3.2260791714409716
466,4.646077520971126e-4,-1.9914922173241503
467,-2.7268535599343653,-3.038662856362236
468,-0.014065454923378962,-1.592532819054497
469,2.001540710008872,0.05939515874587231
470,3.6139567389853124,6.065116221167671
471,5.7885959639914155,1.064207607962715
472,-1.8863509401910181,-6.415761655114068
473,-0.3933475569121714,1.091610247351753
474,-1.1591270074479456,2.129728013732063
475,2.489040423906577,-1.5128495152214891
476,1.5101948275931005,-0.9267932827690966
477,-2.7869801029794092,-3.4536339695671923
478,0.01933072952104853,-1.5707477982262499
479,4.922137548006308,5.386356646277534
480,-4.002452324353921,-4.418402856133355
481,-5.037918280088174,4.676883990027534
482,-0.1569297418229456,-3.830794995568169
483,2.237021733797324,-0.1130480225304491
484,-3.1726898655526514,-4.783892815850152
485,1.4326695695288305,-0.5405569727639086
486,-0.363696511112916,-6.468239014885796
487,-0.028253506147133844,-1.2978254015663988
488,-0.06705109330342962,0.7540230099936598
489,-1.8624079928033228,1.2754669134398573
490,3.8928568854696874,-1.3264080937127
491,-1.3829575285546656,1.7959203068991774
492,-2.4654099449746485,1.3450872843047255
493,1.968666364229453,-0.552432959816826
494,2.103795577562583,9.532220179297553
495,-4.632140348874795,6.939602667548286
496,1.195431877649558,-1.3589287455300219
497,2.875221063173545,2.7159514968176954
498,-0.07824654432462408,-0.5824673826912767
499,-2.674571226560342,-4.7408954556206595
500,-1.921845863782632,4.585151488043891
501,-4.251913736783731,4.107658440329658
502,-0.022021840535866755,-1.2643912489632494
503,-0.465073558711278,-2.412462895653618
504,2.684946347749961,0.613411942579376
505,6.43903570321871,0.8854630236407393
506,1.4166287675268774,2.0465889518042677
507,-1.2632684812180872,1.7183820550223463
508,-1.2550472125642176,-1.2604755814293749
509,-5.063736151181924,3.9303899352332228
510,0.13682745841814326,0.7907460276862257
511,-1.5274761423699732,3.0912457053443068
512,1.125635553873313,1.4755597655554884
513,-0.15283543916867925,-3.841371243737114
514,5.324981977022421,6.3825200145026315
515,-4.078928659879434,-6.7892352993706595
516,3.485305596864951,-0.4952393229226
517,1.1354289546377783,1.5851265733023756
518,1.8402300372488622,-3.136734193108452
519,-3.3512951836221094,-5.209207242272271
520,2.501244594133628,-0.6809012348870165
521,-2.1760589584939356,-2.288394635460747
522,-0.041162322484719294,-3.4670733864525682
523,-0.16425390096830084,-3.576881593010796
524,-1.4298312768571253,-5.016570275566949
525,-4.439558933698404,-5.107841676018609
526,-2.367871354543435,-4.102707570336236
527,0.012162198103201849,-2.20867127730645
528,-1.0559640035264368,-8.350917523644341
529,-4.174978922330606,6.659129912116157
530,-5.467545698606241,3.429209286429512
531,-0.08864892574475958,-1.519334381363762
532,3.0659664168722753,2.9497726504584425
533,2.2724044814474706,-1.5830587799767382
534,-3.1099812492959376,2.76040511772834
535,2.491683293855918,3.009702975012886
536,-3.024521540128457,-3.8630883152703173
537,3.0545816913015966,3.1688178126593702
538,-2.6803781494729395,-2.1831554825524218
539,-1.2033189043633814,1.687264019705879
540,-0.677329543256032,15.615649515845405
541,-0.8865331515900965,-4.981910413048638
542,1.029560376680625,1.85125725910865
543,-0.6200595453612681,-4.53122634246148
544,-0.4850896105401392,1.6691760365744703
545,-3.3064364895455713,-4.199960416100396
546,-5.46734685751127,4.930020624854194
547,-1.6440529331796045,2.055882984854805
548,0.1000645652182226,0.02725967214308911
549,-1.196956466161477,1.259368592955696
550,3.8653166785605078,4.013911062934028
551,-0.6136027567319746,-6.372500127098931
552,0.034820009744894964,-1.6586377079705126
553,-1.5873456701867457,-8.490245526574029
554,2.1388619437582617,-0.5279310400704271
555,0.20332991031481074,0.5793136824747198
556,2.4813304438955908,-2.074626153252495
557,3.133712340868247,3.1296523158331984
558,-2.061935018026101,1.335300261237251
559,-0.9835778877370234,-0.5664976294258959
560,3.8930562034018164,4.294434124686347
561,0.9623673453695898,0.920713031746971
562,-0.6093245253198023,-7.5275093968132865
563,0.2899125113852148,0.31800755307875805
564,-3.2012428745858545,4.232829148032295
565,-4.378249834501016,3.3732789103766554
566,-3.0984296307198878,4.60456638977729
567,2.0700815215475683,2.0657662694235914
568,-3.6698984608285303,0.9690070693274611
569,-3.281206558667886,-5.487151330254449
570,1.4070656791098242,1.9054145161887281
571,-4.362673710309732,3.9461265151282423
572,3.384391118562949,1.639897042967903
573,3.1996717944510107,3.727619463660347
574,1.460189391649497,1.033204371192085
575,3.6219494834311132,6.111209685065376
576,-2.834650228940713,-3.5479638035515673
577,-0.5757379282497044,-5.763734524987115
578,-0.18885845991300299,-4.145757859490288
579,-3.1889442906014795,4.105717236258613
580,1.725422193086875,2.3424858395835035
581,-2.265497873746621,-3.441811745903862
582,-3.4868661865823145,1.875658327796089
583,4.88326816705538,0.9402764682551497
584,-2.9840416416756983,-3.6087223942498095
585,-3.1145958408944483,2.9882503096839064
586,1.2582819953329687,-0.20717323376931018
587,2.9636700644858007,4.675730997778999
588,0.7167877450354223,1.0786897485037916
589,-1.6431860432259913,-5.011257355950249
590,-1.0993272170655604,1.6375277583380812
591,-4.270507048093545,4.05704122231208
592,6.885297109163535,5.9598725383063424
593,-3.093861530744302,0.9758628551741713
594,-0.20491085501836492,-4.732402985833062
595,1.89698271898104,3.3044906203528517
596,-0.2223575219743128,-1.678444808266533
597,-4.225487898313272,-7.054055398247613
598,0.13191198257280634,-1.2811791355828173
599,-2.7885529503457422,-4.39536208464898
600,-4.212778280698526,6.66110068009101
601,-1.8351098999612208,-2.263704007408989
602,-0.25166715236829473,-4.433043664238824
603,2.6985707774527197,3.8032177035590284
604,5.49710683969332,6.7840726916571725
605,-0.11634812804387762,0.8264158015032881
606,2.3202419772513037,1.802603775717842
607,-1.4133547052972193,0.7558324877997511
608,-0.5904108762972231,-4.435112183831109
609,-2.821562717878091,-3.6503669674614794
610,1.04138128904177,0.9818357770224684
611,-4.85581178518461,4.540388876654731
612,3.1133208766348486,2.533697182395088
613,-1.3727173909776087,-1.5170744116524584
614,3.147783566988242,-1.5051760132531053
615,1.0757052197821264,-1.1567228491524584
616,1.7674043670065527,-0.28439397170342273
617,2.3053448691733007,2.669666821219551
618,2.4482164874441747,4.244293028571235
619,2.734101344621909,-2.1497830803612596
620,1.8665655150778417,2.4356843774100416
621,4.031734754122031,3.8356741015692823
622,-1.7341769442193384,0.9231159930010908
623,2.0819037452108984,9.039567286231147
624,3.2722392573721533,-1.6088535244683153
625,-0.5564225546315487,1.4602306430121534
626,-2.641084383451211,-2.243240302346123
627,-0.9312921867005701,-6.615355675957574
628,-0.1346364423863764,-0.844713872216118
629,3.007308055437339,3.1923711840888136
630,4.1431701674826265,4.239644819953071
631,4.490025331056845,3.3164463584204786
632,-0.082171390973794,-3.071248477242363
633,-2.7268473610513086,-2.1845769341210253
634,-3.2148680195443506,-3.87590236022271
635,-0.12480441781209661,0.026245588519203
636,-1.891165564977395,3.33440356896125
637,-1.78058976980375,-6.434457486412896
638,2.411856223619712,-1.8260802681664354
639,-3.1060144409768458,2.786955649115669
640,-4.163159321271646,-4.883626645348443
641,-5.405244062864053,4.872313315131294
642,-1.440022121392953,-4.99951714827813
643,-2.617529819928872,0.9452955369731062
644,-1.3626421794526453,-4.785042470238579
645,4.775401879823935,0.9279063586970442
646,2.5698969855673437,3.007036978461372
647,-1.1126525506608362,-7.22434157683648
648,-2.2523277506463404,-2.3020448143700487
649,2.0886040225393896,8.657993609168159
650,1.8196366324789648,-1.2013780529717333
651,3.012569715059531,0.3920544964154833
652,-1.7149153456323023,1.293854469515907
653,-1.7096138701074,-3.1416177208641893
654,-3.347935150586831,-5.0146758015374076
655,0.39719616321398066,1.3433663790007704
656,-0.5992011271648283,-4.7686101849297415
657,0.3026196256048803,-0.041156953118217654
658,0.8029358878500585,-0.871119802735222
659,0.34619479326082514,0.759725505568611
660,-4.701946447812784,-7.674622243187798
661,1.3994917168982153,0.2660633568545454
662,-1.685646127187478,1.1376971547385328
663,-0.37909179481195165,-8.735503857872857
664,-2.6020304665200586,2.389596397139656
665,2.290474463976157,2.599542433478462
666,-2.0167524323098536,-3.4033417160729296
667,3.332818080461753,-0.44448358371056385
668,-0.10124693366216375,-3.245496457360161
669,2.209032107866538,1.138437206008064
670,3.5788896575338964,5.150981718756782
671,-0.08403385730909063,0.8717092220564955
672,-2.3155556425683375,-4.000713532708062
673,-0.08876163812802984,-2.3032714779595262
674,-0.11198760124372198,-2.7173182423333055
675,-4.254458616697061,-7.08432168319024
676,-0.4855454445116396,-2.6602732594231493
677,3.593900968111289,5.1565702502509225
678,-4.085660408460367,2.0157861058493727
679,3.683239747560752,3.6035647933264845
680,-2.6264276013009424,-4.633823102257622
681,-5.001272867643106,4.041326815344917
682,-4.511288355314004,-4.2176386769036185
683,-0.07491795273946478,-3.3441378529290087
684,-2.4353074535958643,2.0522382800360792
685,-4.553343008481729,-7.500993912957085
686,-1.532613526307809,-4.637583440087212
687,2.108112622774375,-0.9427554066399462
688,-2.4906720623605128,-2.1083797867516405
689,-4.273630331479776,6.761712366797553
690,-3.2034306034676905,-3.684635346672905
691,2.7674651637442236,-2.3172654564598925
692,2.537412454164756,-0.548505490563286
693,-0.21785629841016485,-9.051637357018365
694,0.11191790250612543,1.3795286957999342
695,-4.69032687994169,6.961471850134956
696,-5.263792227231729,4.762045675971137
697,3.5928781524069433,0.29642147765361004
698,-1.3665920004479761,-1.562097733757866
699,-3.770951221906411,3.477802807547676
700,-4.229365061246622,-4.603355592034234
701,-3.8361048206918116,3.8772111480017775
702,0.07261722234560297,-2.8722388203362352
703,0.35777377036882685,0.2385953758736723
704,0.5596310391790991,-0.0318998451451189
705,-4.2392312988870025,-4.917166894219292
706,4.494087506807578,3.2938538138648146
707,0.2578401461012487,0.6617216710826033
708,0.7608330741293554,0.9341445510169142
709,-3.186120937787759,2.8379376475592726
710,2.4228182330496435,1.288505191065895
711,-5.394288729154336,4.988127524115669
712,3.6562984481222753,3.088582092978584
713,-1.2737252220742579,-3.8760373051384813
714,-0.07540826054738714,0.9980475251456373
715,0.4727130427725439,0.34125885561906033
716,-2.352830718480813,-3.6289998944023973
717,3.2425630584128027,3.0440059249182814
718,2.128451158083213,-3.4855484421471483
719,4.697923947847617,0.6713194345017546
720,2.2938445105917578,2.571933562018501
721,0.7551086440451269,0.6834775899430388
722,3.94951276925875,3.924927765586006
723,-1.5434045896165247,-8.423864072106255
724,-0.5595754489533777,-7.880873387596978
725,2.1137547984488134,3.4647615496893995
726,-0.09760234805272772,1.4417104666014784
727,-4.498186777555215,1.167694563128578
728,1.9395328059561376,-1.6744448597649462
729,-1.5631230578057642,0.9828052465697401
730,3.159915019548667,0.04407473848067456
731,-1.7722159132592554,-2.6277088577965624
732,-3.644729565107095,1.8441351001044386
733,-1.034118036948907,-8.514937108300103
734,-3.135579060041177,-5.32700795485772
735,15.509042550600302,1.3822570984145277
736,5.577848722017539,1.0385713522215956
737,3.1472797885306005,1.5688037221213453
738,-2.7626537785165186,0.8021037821551436
739,5.961112309969199,5.381347948767768
740,-0.39357941898034765,-0.25908005788124866
741,-1.6569387421243067,-2.9976930077294237
742,1.2872242226965551,0.2984953020592802
743,-0.11823509188817694,-3.359667485497368
744,5.123601247347128,6.476542765357124
745,-0.850716780149209,15.413091952063667
746,-5.202851007901895,4.7210233752509225
747,-0.2155371114842768,-8.586015408776177
748,-2.451436232053506,-1.9804562981346971
749,-4.871082972013223,4.444765860297309
750,-5.4148694977395415,3.5385180060645216
751,-3.5500609383218165,1.7627442424079054
752,1.9927759662039404,-0.6132823879937059
753,2.02385883477999,-0.3359193856934435
754,2.0029907718069677,10.114839846350776
755,1.3080797686941747,0.5843696241160505
756,0.4140263095266943,-0.9208090956429369
757,0.2962883010275488,0.6332728360673063
758,-3.388363312207925,2.908774668433296
759,0.6038717522986059,-0.6043748314598925
760,2.163551856554282,1.2351556961318129
761,-0.5807684615485544,-3.360064214012993
762,-1.7770196900002833,-6.554382031700982
763,2.0978885188467626,8.718563372351753
764,-2.0956713661782618,0.7414881233950728
765,-5.4722425446145415,3.7212544028540724
766,2.575130034960044,2.7312059943457716
767,-3.1640698418252344,2.2421658580084913
768,-4.461498688184488,6.833137327887641
769,-3.7514793381326075,-5.070701783440484
770,-0.7870525971286173,1.9165705983420485
771,-2.2871386513345118,-3.4859315808037645
772,-0.4750144586198206,-4.512625401757134
773,-1.9257529482476587,0.21690904543601208
774,2.0031338229544287,10.106810862280952
775,1.0214915767080908,0.964515442111122
776,-0.8765393600098963,-0.7021376545647509
777,3.9416006102926855,1.7672122065802687
778,2.4612703814871435,-3.240393107674492
779,-0.4755766198270197,-6.461816495201958
780,-4.95277805181669,3.1966925208350294
781,0.024099160707724554,-4.614625161431206
782,-2.5647396549813624,1.563099438407051
783,2.238188077486289,-3.547681039116753
784,3.303852607286704,3.320414358832466
785,3.104420472658408,3.738310868002998
786,-0.9795954033963556,1.7059803550025099
787,-3.155188272916543,-4.219301884911431
788,4.90210943368746,0.9864786212226027
789,-2.432302783452737,3.4703903739234083
790,-4.349339197599161,4.19309907601081
791,-1.8509501919381495,-5.392406171105279
792,-2.032806466542947,2.361424619414436
793,2.5147679343588476,-1.8935286457756884
794,1.5002694621451025,1.2015700285216444
795,0.4591002955801611,0.4465495535066002
796,3.145529557741416,3.3549166266699904
797,-2.4479528174035425,2.344551617362129
798,-0.3891101733081217,-2.9216103012780077
799,4.628419209993613,4.900197321631538
800,4.037773419893515,3.961516434409248
801,1.7485230460531835,-0.1745668704728014
802,-1.9661349758736963,-4.522436803124322
803,-1.3088327154748316,-3.676246827385796
804,2.1031485095389013,9.573144251563178
805,-3.368686865293252,-3.7825247700432665
806,2.4944081797964697,-1.927038615486992
807,-4.2289914593331694,1.1964860503455275
808,-0.24416879864858343,-5.288173383019341
809,-2.1360482678048487,-5.0992671902398
810,3.928033162630332,4.259691769339668
811,1.3475690379507665,2.9161277358313673
812,-2.2146452173821802,0.45285174410190665
813,-4.223833750211465,2.03938358471595
814,2.871230412996543,-1.6892888004998095
815,0.46230249551607416,-0.6473259384850389
816,-1.823039720975625,1.4350650255461805
817,-4.470386455976236,2.157366568305122
818,0.2523460879690771,-2.6727010662773973
819,2.088544417894614,8.867273623206245
820,-1.425166140519845,-0.4147043879250414
821,1.456895638979209,2.050521666266548
822,-4.592590521299112,-4.4099909718254935
823,-0.03975463958905889,-0.6483859474877245
824,-3.357383440458047,-5.742047494194878
825,-1.8375292524926539,-2.594338601372612
826,0.1855656400091772,1.1766665522833937
827,-2.6322779163949366,-4.689603036187066
828,-0.6101772591702814,-5.423889821312798
829,-1.00436125250982,1.1381570641776197
830,-3.8005990490548487,-4.500903313897027
831,1.7097077861197119,-2.97024149253167
832,-1.9042907461755152,1.9779730384131544
833,0.5769498839743261,0.8438173775454634
834,-3.2752003178231592,-3.8027603085259325
835,-5.028152655088174,3.806704813696968
836,-3.3909372791879053,1.7000488583823317
837,3.1691489711172705,3.2500818316718214
838,-0.4914223060243006,-0.792082732460869
839,-1.8339572653405543,1.415392989375221
840,3.5743239417441015,3.779410416342842
841,-0.6364981189601298,0.8127170746108168
842,-0.5566999714121397,-7.8894526417473685
843,0.13062100557161616,0.7878111545821302
844,2.0059438243277197,10.116630846716987
845,2.038122226274741,0.22941654370032483
846,-5.059343527280557,4.678975874640571
847,-2.6816546425454493,-3.2901403362969286
848,0.3303872838385229,0.0542299692412489
849,-2.702835033857095,2.3204038684149855
850,1.7211971774466162,1.066577607848274
851,1.023431111849082,1.320447499014961
852,-0.9190440580479975,-7.384161656639947
853,-0.4752852127187128,-7.823157017968072
854,-2.765206764661538,1.5445758645316237
855,-1.806010912381875,3.340802723624336
856,-3.6946107849709864,2.9200976435919874
857,3.006683637178672,-0.8496895487526781
858,-1.101231585466134,1.6870745961447828
859,0.6398702159292822,0.5382058267375105
860,1.4241580262549047,2.7286122386237257
861,-2.238807986699807,-3.9554087574700243
862,2.58076219705416,-1.9808546955803759
863,-1.7187721237771387,-3.250977462075127
864,-4.270938108884561,3.784911209799873
865,-3.665174196683633,-4.210854237816704
866,-2.328476379834878,1.4219865743895643
867,1.9778440490133886,0.3193941061278456
868,-2.737813423597085,1.3648807351370924
869,5.871080686128867,5.41771107361518
870,2.033274699724448,1.3746641819258802
871,4.391619969881308,4.488330656745063
872,-4.751607130491006,-7.727996533654107
873,5.854705144441855,1.0673852507849806
874,-1.409386168443429,-4.901039307854546
875,-2.5488105520837183,-3.1787023003319628
876,3.2206559672720556,3.142729813315498
877,-0.18741146775411321,-3.823766892693413
878,1.5589476123221044,-0.5525375063637621
879,-2.279280494176614,-2.7717806751946337
880,0.56791417745424555,0.553824754514324
881,0.12017648366762446,-1.080946748993767
882,0.5237014785177831,-1.2077731545189745
883,-0.5154009379677649,-7.518630688927544
884,-2.890753220044839,3.0113776271124952
885,-1.2103275165192957,-1.4715709145287401
886,0.6508920684225683,0.26219866619311505
887,3.6143377318747167,1.7280383651038282
888,1.4841084971792822,2.070112044074165
889,4.947284509218466,5.307577425696479
890,3.635099221742881,6.241692358710395
891,2.4036326899893408,-0.001955067656410403
892,1.833795119798911,0.1174534206172102
893,2.15247588304354,8.479539210059272
894,-4.4550070271127105,3.4294055049201124
895,3.648966123140586,6.214632326819526
896,-1.423567007505166,1.1951489393492811
897,1.3032522693045263,0.17316209719382458
898,2.12871198800875,1.2302015964766615
899,4.240738202608359,4.20954948113166
900,-1.9184457764260645,4.5824759547492135
901,0.3874564066298132,2.0537133757849806
902,2.877827216661704,-0.29966843678749866
903,-3.575295637571084,1.779558474280464
904,-3.55857844206022,2.8488841597815626
905,2.352692653215659,-1.775283997795952
906,2.533497382677329,-0.11635011985100574
907,-3.935334633313882,-5.2003023083428275
908,0.3629497185118322,1.215434128501045
909,2.2218289866812353,-1.2817440684059984
910,-4.361351679288614,6.75978928253852
911,-1.9105762943856592,-3.2165643627861864
912,-2.973754356824624,-4.132382577202691
913,-2.6996082768075342,1.80756669686042
914,-3.3883814320199366,2.6636393611212843
915,-0.8622303709618921,15.40005331680976
916,-4.040203045331705,3.883166128851997
917,-3.589855144941079,-4.441903298638238
918,3.3805139556295996,3.89486556694709
919,3.060075332201255,-2.480449145577324
920,1.7048261657126074,-0.03467503740586109
921,1.5931361213095312,-0.3420463259438402
922,-1.0649101838700648,1.021663183428871
923,1.0847973122961645,1.6301436965247267
924,3.9105871215231542,-1.4459752495507128
925,-3.0819799408547754,4.648586088873969
926,2.1238048568136816,3.469131046988594
927,2.991524030245078,-0.7864121849755175
928,-0.20958525987790777,-9.075097745201958
929,2.459884692705405,-1.9192742760399706
930,-2.621876667463052,-4.6933466847161185
931,-4.51775665136503,4.156174236991035
932,0.09867041257692621,0.6079469715138548
933,1.4402472272284155,-0.024968689225090213
934,-1.4765931472413416,-4.949939435265435
935,-4.180016706907022,2.719065481879341
936,-1.241115401708352,-3.8980719502190477
937,-0.5253006622426386,-4.942159360192193
938,2.4186251654989843,-2.0400714333275682
939,0.2581836476690893,0.5102017168780439
940,0.35966198591066645,0.8593357150336378
941,3.2624619498617773,2.9494762961646193
942,-0.1057895824544306,-1.9682964737633593
943,0.05786370185686396,-1.4485183413246996
944,3.554714013612998,-1.7696678097466356
945,2.9203932776816015,-2.259029811165703
946,-1.3414051041238184,-2.032046740792168
947,-4.286630342923868,-7.115454381249322
948,-3.5973140701882715,1.0098206345816725
949,-2.8376142487161036,-4.058021729729546
950,-1.701578210317361,3.283208662726509
951,-0.580298372753727,0.607442328788864
952,-0.1260365054242487,0.5474822391649359
953,-2.9487354263894434,2.9330015723487013
954,3.276318599260581,-1.8742551262596971
955,-2.498988221608865,-3.4412257130364305
956,0.28967987445665644,0.8019249086161726
957,-3.1545600399606104,2.3592875544806593
958,2.2803109183676367,-3.3592688496331102
959,1.6344161525137548,2.5827165190955275
960,-4.643596838437784,3.4018762652655714
961,-4.442514608823526,4.333019310690986
962,-0.23870078774617864,-5.360047524712456
963,-2.516905735456216,3.3145802562018507
964,-5.031567762815225,3.972358757712471
965,0.7428725257284765,2.3220290486594313
966,1.0388633504278784,1.306789452292549
967,2.478802730119956,2.336889797904121
968,-0.44393363895343496,-5.745145505211724
969,-0.3537679270141001,-8.70037049605645
970,-2.815560530149209,-3.45773453070916
971,-1.931482742749917,-4.165289586327447
972,0.5994393124945288,0.9006705825110548
973,-1.2466654882066126,0.9017340783854597
974,-2.234415601217019,-3.2321450169304735
975,0.8494247689612036,0.5257496853252523
976,3.3302517428763037,-0.4959186370591051
977,0.5446182980902319,0.9958446566840284
978,-2.7595154747598047,-2.209252780220879
979,1.8993073001272802,3.0664861743231886
980,-2.6499902710549708,-2.4066466744164354
981,-0.5676943838827486,1.2164102737685316
982,0.28592448381258295,0.773919487454521
983,-0.7442635700337763,0.23490020082198315
984,-0.11336899849103643,-1.1498219425896532
985,-4.346340368711221,-7.203747456810845
986,-4.774100969754922,4.426833683707343
987,-1.4029537543885584,1.916603619315254
988,-1.7718513712518091,2.0557268206854933
989,3.1669958129294042,-2.6205725128868944
990,3.603903581178916,6.295281225897895
991,-3.2372250065438624,3.294864231803047
992,-0.2541973099343653,-8.508764928124322
993,6.036674787081015,1.045276874758827
994,4.934069921053183,5.3223650996466745
995,-0.05888749214338018,1.481931144454109
996,-2.4124214157693262,1.4341668431540602
997,-0.4733568981521006,-3.255109732888115
998,-1.9589105352990503,-2.24148959471978
999,-2.6137394413583155,-3.22579831435479
1000,-4.665746878110635,6.949487978674995
1001,-3.4942116245858545,-3.8651453907708055
1002,-0.5545309779465373,-7.740540211937798
1003,0.020775307691824896,0.8395913784285658
1004,3.218856622255576,2.7480586116095655
1005,1.3681369319327001,1.188076609828102
1006,3.620378304994834,-0.43528402402199573
1007,3.587109376467002,3.53469710991584
1008,2.0554945960409765,1.2417319361945265
1009,-1.1995648846261378,1.2722263281127089
1010,-1.4409242972962732,-0.3999604637841112
1011,-4.630488108121622,4.353694016196357
1012,-1.6701082691781397,-4.909707730553521
1013,-3.5183186039559717,2.45369022534095
1014,-0.4687690541379328,-3.5429410393456346
1015,-1.9682632193200464,-2.7213749344567186
1016,1.075860311067832,0.12016385243140393
1017,-2.1671765551202173,-6.130942052147759
1018,5.756579686678183,1.0906872098227613
1019,-0.17605904790090277,-5.288671677849663
1020,-0.27947638484166815,1.5465395991583937
1021,5.799796392000449,0.9981461112280958
1022,-3.5125593647591944,2.2138054911872023
1023,6.371970464266074,5.220269972540962
1024,0.6499329104788427,1.6870548074027174
1025,0.5915883078940039,1.767002755858528
1026,-0.016714404546486872,-4.822099393151177
1027,4.096733857668173,4.098150545813667
1028,2.9122522368795996,-2.3356484825829393
1029,1.3922013535864477,1.0777864401122206
1030,-1.6042655214898462,0.38072746441565686
1031,-0.1427545950047846,-3.231099313042534
1032,-4.368450830899942,1.2141278331061476
1033,1.3922772899038915,-0.5471928770760424
1034,3.811362554109824,-1.415934508583916
1035,2.9646103873617773,4.672072226264106
1036,-1.7861550554864283,3.340272242285835
1037,0.01112638858629511,-1.1950380261162645
1038,-0.7874830022685404,-8.571046536705865
1039,-3.826079796277749,3.6162067000647657
1040,3.3698895469076757,-2.6721846516350634
1041,-1.1051300868623133,-3.1526517327050096
1042,-0.12146089526342108,-1.777373259804619
1043,0.19566558746172236,0.644880021073448
1044,2.099554111040366,-0.9884020741204149
1045,-0.11724544616864874,1.6087054555197828
1046,3.5434587493307714,3.9315727298041456
1047,-0.27945629807637884,-8.42178506209649
1048,-0.6173342049352999,-0.3908417875985033
1049,-4.716364096128213,4.176418596961128
1050,-0.10249770733045294,0.24051863894663983
1051,0.07097630647493647,1.5418043677588575
1052,-1.816402028524148,-6.088315671227349
1053,-0.445360663556325,-8.78505296065606
1054,2.5138516917593603,-1.6813594753960497
1055,-1.8997679457299586,-2.722974961541069
1056,-2.5533470615975733,1.435732299544441
1057,-0.16270909758733465,-3.7356478626946337
1058,-3.1362056240670557,3.0077002589484327
1059,0.09602986720873163,0.276705736376869
1060,2.644855548418296,-1.9700443203667528
1061,-2.558125685178506,-4.491769974968804
1062,-3.4545390114419336,2.6839228217383497
1063,-3.364062260114419,0.7068693284770124
1064,5.435105134523642,6.665491396643745
1065,-4.093095015012491,-4.527699178002251
1066,-4.538729856931436,6.668796831824409
1067,-0.9940388605229731,-7.433315461418999
1068,2.82038622049166,3.775955492713081
1069,0.49668615011049555,0.966428214766609
1070,0.2409111752874975,0.8167508189459913
1071,-5.703548620664346,5.060887629248725
1072,-0.7958134666316385,-5.517889683983697
1073,2.095381785906089,8.799126917578803
1074,2.0949984088308935,-0.24764079406060047
1075,1.4270973697073583,3.773370081641304
1076,-1.7815304503075953,3.3251872603675
1077,-0.2593521282307978,-8.97018594100274
1078,-0.20174745770620062,-1.3581139500359423
1079,5.450650502718222,6.636220270850288
1080,2.847939063585532,1.4662869517584913
1081,4.3712304129965425,3.375205094077217
1082,-0.39716864677594854,-6.523917382500542
1083,2.125932265795005,2.1314979140540236
1084,-2.9235088333718653,-4.759471600792779
1085,-5.388723562680948,3.581165606238472
1086,3.057840396440757,3.138524586417305
1087,3.1131306186087255,1.8201742713233107
1088,-0.10207469316648199,-1.5471701081017382
1089,3.8366768851645117,1.7152700965186232
1090,2.0889695182211523,2.545014435507881
1091,-1.194320808374154,-4.962333863518609
1092,3.721915532625449,-0.4741430933693773
1093,-1.0627198323838587,-8.387712186119927
1094,-3.7505080208413477,-4.261751836083306
1095,-0.7980093166463251,15.478375727393257
1096,0.6829636588461523,0.6380439643641584
1097,-4.447950790845621,1.192234153010475
1098,-0.5025110610060568,-8.320465749047173
1099,5.509283830202353,6.813905054785835
1100,-1.2482412562005396,2.5944305007239454
1101,1.3825185790426855,2.8776739184638136
1102,-4.485276888334024,-7.4084088261345755
1103,2.315001298464072,4.133652025916206
1104,-3.341557215177285,3.339406067587959
1105,-3.3080517754189844,-3.733831589959038
1106,0.18131064323259638,0.4637373584216111
1107,6.679308225191367,-3.3031546528557665
1108,-4.5155987248055816,6.875535303809272
1109,3.892897893465293,-1.2966228182534105
1110,2.1594896808035497,-0.31663621022499866
1111,0.25813918260408686,0.9802390877982252
1112,-1.658413837873208,-5.146134084008111
1113,0.39447699931932734,1.5777649228354567
1114,-4.793223570310342,4.142357165076362
1115,5.530525018251669,1.0693556611319655
1116,-0.15901578518079473,-1.332248633644951
1117,-2.693002174817788,-3.376935904763115
1118,-0.39177815171407415,-6.542855923912896
1119,5.472691823519003,6.778719717719184
1120,-0.3499027744166727,1.3026139681120985
1121,4.04445676950289,3.571885878302681
1122,-0.10353110285924627,-2.3998996670464403
1123,2.9517531886465673,3.690996939398872
1124,3.1222079291708593,-1.487577026627434
1125,-4.205991219007242,-6.981451695702447
1126,0.043789316690695745,1.5069243256827467
1127,3.092741538561118,3.449546152808296
1128,-2.7163421616189356,-2.2195016796807177
1129,3.5461943641073828,-1.790385430596245
1130,-0.701213310682046,15.5874684397956
1131,3.2522957816488867,0.24014381513796978
1132,1.4801249995596533,1.439461821772682
1133,-0.20081318470166876,-5.4000484402398
1134,-3.180670212232339,-5.488234227440728
1135,0.7830526128180151,2.5707438533087843
1136,3.6120861068136816,0.27025438294612103
1137,-2.892474602185952,2.226147944190132
1138,0.031723369634879095,-1.4399322922448046
1139,2.3874671950705175,3.124120766379463
1140,-0.9878530606858607,0.835659856059181
1141,-1.483325491868722,3.041298205115425
1142,-4.165321300946939,6.618711764075385
1143,2.512367059267295,4.308765465476142
1144,-2.654023359739053,1.5115007703086012
1145,-0.16126925798581793,-0.2044319565514452
1146,0.9573191895849829,0.9040525798579329
1147,-0.429137419187295,3.985251957633125
1148,1.7656384005911474,-2.837973778984917
1149,2.6267407431967382,0.08510881111823254
1150,-4.191148947202432,2.1070303265830153
1151,1.6027436747915869,0.04781945989333325
1152,1.6857522025473242,-0.24352127864159412
1153,0.7005383267767553,0.4160078373631113
1154,0.3702030077345495,1.0435637180586927
1155,3.027949859178794,3.5375056807776564
1156,2.451846648729575,-0.13801825597084827
1157,-4.307856987439859,-5.17453688933648
1158,2.386522580660117,-1.9542498047570116
1159,-2.969697664701211,-4.464172070763482
1160,0.8822594180472021,2.578463608481514
1161,4.461326409853232,3.3136900012274855
1162,-2.736956785642373,2.815183932044136
1163,-3.6149339184396143,1.8218340222617262
1164,-3.355458210431802,3.9330745284339064
1165,-0.2343395158879633,-0.026355391285789675
1166,2.317027141130698,3.457689100958931
1167,-0.5332143411271448,-8.029026692650689
1168,1.3522395387060766,-0.36867231681145496
1169,2.0105393424399023,10.08894949600898
1170,0.35897390989137934,0.8932979647894972
1171,-3.097460697614419,4.7328546588202585
1172,2.262569476640952,-0.257964080117119
1173,1.0895971551306372,1.6175731961508863
1174,0.54141311792208,0.8565699105044478
1175,3.596255589998496,6.312979990698921
1176,-4.171550940000284,3.9539235179206007
1177,-4.403099487745035,1.2458145563384169
1178,6.20301275399996,0.963042611338722
1179,-0.6301097825400706,-6.502073949120415
1180,1.6045496955282812,-0.6800344641426928
1181,0.6943976178534155,0.7567794267912977
1182,-3.653749416791665,2.7290831153174513
1183,-0.04953880163358404,-1.5873622353295214
1184,-1.0786871418588038,2.378951603629219
1185,-3.4924113258950586,2.7234783713599318
1186,0.6609348550207739,0.14620625422202282
1187,-4.282287310086954,-7.119181817314995
1188,-0.4959040723972197,-2.8422054703453905
1189,1.8819919124014501,2.9753809516211622
1190,-2.1168808445565577,4.345793778159248
1191,-0.5161589972905989,-3.2662984783867723
1192,-0.44150972666667654,-6.577536290429009
1193,-3.376368235074746,0.6903332863827818
1194,-2.9925755962960596,3.1474938933631056
1195,-0.6984919265143748,15.59255057022773
1196,-1.2434696063630457,-3.8707725460747606
1197,4.05236225274874,4.628745371558296
1198,0.06647967246843622,-1.2513114865044481
1199,-0.46676948221849157,-6.322539513848199
1200,2.0112915530569677,0.34830473557912045
1201,4.023705293215048,0.3471115548988455
1202,-0.24419547172712042,-8.99440640761651
1203,-0.5079486325614329,-7.564067548058404
1204,0.2402308478720312,-0.31938988520897693
1205,-4.628514002286661,-4.4944049771050345
1206,4.016069699800742,0.3794763927241438
1207,1.9614396586783056,0.42169609860383206
1208,-3.279913614713418,2.698426539160835
1209,-2.412948797666299,2.2328296248694532
1210,2.6291404261953955,-2.1738402302483446
1211,-1.710273574315774,3.2395604197760695
1212,2.23707323221041,1.3554516379614943
1213,1.921227742708457,-3.222469990990532
1214,-3.4171854958169336,3.1350734774848097
1215,2.675941754854453,-2.210898583672417
1216,2.109178592241538,-1.6893777306298143
1217,-0.2294712767236109,-2.0401069576958544
1218,-3.5010504231088038,1.7398571316977613
1219,5.506861020601523,6.722550207831489
1220,3.3107810511953955,-1.5212494786003954
1221,0.8326424851782446,1.2692479436179274
1222,2.7141175761587744,1.3257317487975233
1223,1.8517106070883398,-0.5755508597115404
1224,-0.8096162483327265,-7.543597405693902
1225,-4.336896847211587,-5.124430840752495
1226,2.6911199584372167,-2.1145321781853563
1227,-3.9430808529488917,1.9676223342200392
1228,-1.37935925575422,1.812283927657234
1229,2.5448813929922705,-1.9243676121453173
1230,-4.606222818814981,4.095134789206611
1231,1.3429459824926977,2.867827469565498
1232,1.0010179772741918,0.35039860204659634
1233,0.5032271638281469,0.0031432454367750218
1234,5.795547772920859,0.3185092453738325
1235,2.772036363161338,4.495465094306098
1236,-1.1638094887368555,-1.5404402668694384
1237,1.978321601427329,-1.4658791477898485
1238,-1.2937083348863,-1.8499898369530565
1239,-4.238977621518838,4.021228129126655
1240,-3.842199991666543,-4.14651650740899
1241,-0.8194315836064692,0.6510779653569334
1242,-0.45843967350648596,3.9628084246893995
1243,-0.2928805157773371,1.625005537726509
1244,3.0023279681570654,-1.499234979889763
1245,-4.397307346784341,-4.943852608940972
1246,4.938941766298544,0.9609141890784376
1247,1.9424412742025976,0.4323248845418566
1248,1.7711556449301367,-2.974345391533745
1249,5.177164842165244,5.885331923224555
1250,-3.9903926357858057,2.8041711394568556
1251,-1.2531108364693995,-3.8429471905449755
1252,2.6232316985495214,-1.5534386093834764
1253,2.0814068808920507,2.808491045691597
1254,2.1238072409994726,9.150660807349311
1255,-0.6430767208568926,-0.45578253819741077
1256,0.46447246221376703,0.16172119424544507
1257,3.2059817805655126,3.2072723452826613
1258,-0.29423529955075933,-8.940892880700005
1259,-2.667859743558633,-4.513003056786431
1260,-5.028539370023477,3.911486202933418
1261,5.727406789339316,1.0620413367529982
1262,-4.352479647123086,-4.175163453362359
1263,4.817627240694296,0.9954667632361525
1264,5.163915444887412,5.88322907135688
1265,15.510698129213583,1.3807915394087904
1266,-4.255203674756753,6.736721808173286
1267,1.0309114947683935,1.3967620675345533
1268,0.33967225698305414,2.1126882378836744
1269,0.06646620181871699,-4.862024968407525
1270,-0.6256775140993471,1.4675474707862013
1271,-1.9547523960702295,-3.5543524677971727
1272,-0.1250933811299677,-1.8223597462395555
1273,-0.23688645216153814,-5.0027925427178275
1274,1.08315854219271,0.0281146709700697
1275,4.917097379244101,0.955349261023628
1276,-0.4826238036386843,-6.048616593621148
1277,-0.503831307613122,-7.886450474999322
1278,2.2507622733481054,4.108465487219917
1279,5.523407269991171,5.432893568732368
1280,-1.764611552678811,-2.3873078282097704
1281,0.305351425684226,0.4176022318085306
1282,0.2502968206770544,-1.2778254206398851
1283,1.051330257929099,-0.22248155429161853
1284,-0.7761016741626139,0.6727633719225996
1285,-4.5451209053628325,6.9227750842352975
1286,-5.447380255185831,4.9122064654608835
1287,-1.0618047222726221,-7.319647019646538
1288,2.0438979163534765,-3.383464043877495
1289,3.0864084258444433,1.6989504639884108
1290,0.12784050849748896,1.9391854350348585
1291,-2.5533844933144922,4.0062594954749216
1292,2.1688294902212744,-0.30281276061333484
1293,-1.2820615872971888,-1.8674017842034227
1294,5.448212911165488,6.627228075720893
1295,-4.694993685209024,6.953718954779731
1296,2.4832830920584326,1.329171056010353
1297,3.4302430644400244,-0.4134811814049608
1298,-0.033357034646737116,1.120394164778816
1299,-1.750144670926797,-4.927197640679253
1300,6.447056104219687,0.8253633920928114
1301,-0.7757872000567789,-3.138530438683403
1302,-1.063441048585641,-7.39696759536065
1303,0.8588877215750341,1.4346118514319532
1304,-1.5962929234139795,-4.71832293822564
1305,3.4459548488028173,2.8997798506995314
1306,-0.08360711785482122,0.9257727210303419
1307,0.7966558232672338,0.8176264409800642
1308,1.1778355136282568,1.6364794318457716
1309,-4.906013201200235,4.12533693955146
1310,-0.3872186199061747,1.1424320285102003
1311,4.520414639986289,3.287756020285713
1312,-4.455722759687173,-7.35774058654107
1313,-0.07622594686673834,-2.1097182686547167
1314,-3.2839552864663477,3.9910162036200636
1315,-4.200164745771158,-4.891963666222466
1316,-0.09170396181272222,1.3975221459647291
1317,-4.722868154966104,-7.694817250512017
1318,-0.16271148177312567,-3.588666146538628
1319,4.724394132173789,0.7858954314967268
1320,0.9266872897513037,1.6049565617819899
1321,-0.6358899131648417,-6.700049107811822
1322,-1.7251338467233057,1.4060733263274305
1323,-1.9569029316537256,0.23891369447909527
1324,-3.1962546810738917,-5.403763955376519
1325,2.9732096686728124,3.1749098841925734
1326,-1.9239955649011011,3.1817133967658155
1327,-3.7828399643533106,-3.981101697228325
1328,-0.03391803356336309,1.3069070522566908
1329,-0.6375730887286539,0.6402793471594923
1330,0.8055046096212988,2.618814999320137
1331,3.4824636474020605,-0.44656456067360706
1332,2.372780133760703,2.8657057826300734
1333,2.197834540880454,-1.5106254275063402
1334,0.43879144338442133,0.2924552504798048
1335,2.7371020808584814,3.0420058314581984
1336,-1.2768690690629358,1.3046426718016737
1337,2.211097766435874,2.066666776396858
1338,2.256777812517417,-3.5121349747399218
1339,-3.205021332227456,-5.4160286839226615
1340,1.2380881801016455,1.701406652190315
1341,5.152290631807578,0.9923422877570265
1342,-1.7633721336953516,-2.249489730141533
1343,0.6311216845877294,1.1851526443740004
1344,-1.2833508357636805,-6.8985821659783255
1345,-1.8148464665047999,3.360597187735664
1346,1.6943278804190283,-0.1476733739594347
1347,-0.2206359312169428,-4.28323525740899
1348,1.7783618464834814,2.3966935221930616
1349,0.7733059420950537,2.5638514106055372
1350,-1.0965545281998987,1.1096694414397352
1351,1.4684179320700292,2.0741477553626173
1352,-2.621243427716958,-5.193731492302788
1353,1.3996845975287084,1.9629967753668898
1354,0.2146394148237829,0.8810055796881788
1355,-4.725727747403848,4.108357722022163
1356,-5.80445737692045,5.152517134406196
1357,-2.890953014814126,-5.177955334923638
1358,2.1087246432669287,9.40111475632392
1359,2.058519412554038,9.017885500647651
1360,-4.4762379631631255,4.2375088279029
1361,-3.1280149922006006,4.526878172614204
1362,-0.18409342619107916,-9.084987347863091
1363,-0.9567083522908564,-8.250789349816216
1364,-3.309546421491372,-5.002042477867974
1365,-0.5819358147911902,1.7748721186896437
1366,0.5628636374838476,0.7092099134703749
1367,2.50265054849459,-1.5929939205864794
1368,1.5877838626272802,-0.45566654755867786
1369,3.7105095878012304,6.035097414710151
1370,-4.200681875669229,2.6892908160468214
1371,-1.4797917708985682,-2.0945412571648485
1372,1.8064315810568456,-0.07357389285363025
1373,3.5446260466940527,4.180656964041816
1374,-0.7671563133828516,-4.300797169945611
1375,2.105431844270957,8.658606821753608
1376,3.5089133277304296,0.29736655400000744
1377,0.4524451985724096,1.0252407138129347
1378,2.1109843745596533,8.604135805823432
1379,5.126269151247275,6.403284842230903
1380,-0.10106123539136602,1.1770949904700392
1381,-1.3331843719117518,-1.4878709967354662
1382,-3.70165009351896,1.8540705983420485
1383,-3.914240549527871,2.056115442969429
1384,-0.5369448803596373,-1.433285182259453
1385,2.234753419435752,-1.62580413176812
1386,4.499309827364218,3.2997410838385695
1387,3.319402028597129,3.732115084387886
1388,3.3231921687491064,4.013446385123359
1389,-1.6621819243066187,-2.28183121039666
1390,-4.274568031751382,-5.074320500634087
1391,3.809747029817832,-0.4956568534592516
1392,-0.11453784557508184,-3.2919949944237596
1393,-1.229788909875619,-8.4651438648919
1394,1.7388208403952246,-0.6820904667595751
1395,-2.6840612396829004,3.862979227759468
1396,2.0342259898550634,2.0504602734824293
1397,-3.1507825359933253,2.5950038974066847
1398,-0.3791006759040232,-6.262930100701226
1399,3.000221778429282,0.17406698510848218
1400,2.9762197032339697,4.149435574271308
1401,-2.4025514826409693,-4.073029225609673
1402,-1.1535624966256495,1.0670851413985365
1403,2.228433658159507,-3.5257644112328417
1404,1.4426655068762426,1.231180662371742
1405,1.0272799029715185,0.1172092799922102
1406,-0.1995657190911646,-2.0461902077416307
1407,6.670665551698935,-3.299075787804497
1408,-0.27923170777486517,-4.483994191429986
1409,-2.8296250805489893,-4.781713193200005
1410,3.698477555788291,5.277145678259956
1411,-1.0521449849240656,-2.63187045409478
1412,3.7579734816916113,4.476837450720893
1413,-3.660037706815469,1.0067189876814955
1414,3.48743944314791,-1.7500492985466845
1415,-3.347528408490884,-3.844648545525444
1416,-3.026172111951577,4.652193361975776
1417,0.8832645907766943,1.1207973305960768
1418,1.446495224512351,-1.0671948845604784
1419,5.499714662111533,6.71837025330268
1420,-0.7187174216143961,15.568637186743842
1421,-4.143649528943765,3.7955599372168654
1422,-0.2754031524293299,-5.891618912957085
1423,-4.307350586377847,6.720000082709419
1424,-5.265717695676553,4.616286570288764
1425,-0.7221404120557184,-0.5753751452187426
1426,-1.7535929188363428,-2.207938617012871
1427,3.7704370513327246,1.6692286078711622
1428,-2.793901871167886,0.9570644442816847
1429,4.746894647157919,5.025248820044624
1430,-2.1324707970254297,0.3410762642403715
1431,-2.4401437744729395,-4.290268605492486
1432,-1.9863912567727442,1.7616272513648146
1433,-3.7707261547677393,0.776645774104225
1434,3.8893383040793066,-1.4761999304512865
1435,-3.4002241596810694,3.9913957659979933
1436,2.09199528840853,1.7847632710715406
1437,2.045979310549033,-1.4626625235298998
1438,3.093854476488364,-2.5722405369500048
1439,3.3591497435934667,3.2726796214362257
1440,5.936558534181845,1.0234075729628676
1441,3.1522098079092626,3.0508683268805616
1442,-0.31596396418737127,-8.544891064904107
1443,-0.22375009509252264,-5.366674607537163
1444,3.1218331351645117,-1.481321995995415
1445,3.612192441499961,5.7495196406622995
1446,5.68196897653414,1.0715579335471266
1447,-2.91110415311979,2.64889388725959
1448,-1.8684855208032007,0.3225809280654066
1449,-3.5534529194466944,2.412361199118721
1450,0.1497791304953222,1.1433228199263685
1451,2.0849998488791113,0.036904955365287595
1452,-0.056496869050728815,-1.371530359528435
1453,-0.10530121179746343,-2.154384797356499
1454,4.85046844629122,5.178036505438911
1455,-0.956389080011117,-2.4898285324791796
1456,-5.061051557981241,4.520450407721626
1457,6.88780336526705,5.964417750098335
1458,-0.37724500449823095,-8.70745057418145
1459,6.087696839845908,0.5218762551327818
1460,-1.6779698834054346,0.29887522206507855
1461,0.8344752087957983,0.48603298337064915
1462,3.5892465606100683,1.6570898835440748
1463,6.355835725343955,5.233131224372016
1464,-1.3271401629083033,-2.528293317101372
1465,-1.7817824587457056,-2.2295059616783983
1466,0.09681617168260859,0.36417973236046963
1467,4.177019406831992,4.141740137793647
1468,2.0879047408468847,8.856773668982612
1469,0.5762404694922094,0.04580646202765637
1470,2.085604955232871,9.080089861609565
1471,1.322153855837119,2.804378563620674
1472,4.873525907076132,5.237912470557319
1473,-1.5388305291764612,0.38324932948552304
1474,1.5471680655844335,1.3320648019095533
1475,2.909849931276572,3.0589404647132032
1476,0.08048384336305903,-1.5564655716637499
1477,-4.736120413266885,-7.709936803124322
1478,2.4354973330862646,4.3662634436865915
1479,2.8214576735861425,2.5593073909064405
1480,2.426986505068076,-3.1539327557305223
1481,2.324419070757163,-1.4948745424965746
1482,-4.23845977636503,-7.070002740166558
1483,3.2285268798239355,-2.709312146447075
1484,-3.1931995854012842,-4.800067132256402
1485,-3.611284683667886,-4.087655728600396
1486,2.4823294177420263,-0.8611214812020189
1487,-1.7798360094659205,-5.0532500202874076
1488,-0.19145334812329962,-4.323385899804009
1489,0.3783419623739843,-0.48669952704705066
1490,1.5298018947012548,-0.8006847555855638
1491,-2.078023622953164,-5.205721562645806
1492,-0.211452077352273,-9.047254269860161
1493,2.400492002046836,2.419601494528877
1494,4.773348619020712,5.083289915778266
1495,3.1259196296103124,-1.441940253517998
1496,-2.359962771856057,2.2977706734915846
1497,2.9775119319327,0.5327999611278647
1498,-1.7820912108056421,-2.3614296372155077
1499,1.9351008429892187,-1.29317313983239
1500,1.8014796271689062,-3.050805991433037
1501,2.1528437629110937,3.455191904761421
1502,-4.618602941953409,-4.342473214409722
1503,0.15517877487016962,0.18690823958121472
1504,1.5737870231039648,1.2531365101119154
1505,-2.0442546114556666,-2.725413983605278
1506,-2.527853320562112,-4.029290860436333
1507,2.075017262972129,-1.0844089443901903
1508,-0.5369971703969116,-7.695455258629693
1509,-2.539785097562539,-5.512580579064263
1510,-5.3864624008767485,3.800944143988716
1511,2.9085240855581884,-0.40568459584511585
1512,2.221410562074912,-0.47287798478401966
1513,2.364237596071494,-1.8899211342553026
1514,2.106535722292197,8.521124178626167
1515,-0.04730362745450689,1.0501176659842604
1516,5.492851068056357,1.0521817152281874
1517,3.8656189933188085,4.424945885398017
1518,-2.4967392191521998,1.7828847710867994
1519,-1.8005146488778467,-6.426856702111138
1520,-0.7175017699830408,15.572131449439155
1521,1.1882064834005956,0.9937785212775343
1522,1.6898594394095068,2.35900347874366
1523,0.0572672977812414,0.9305646662493818
1524,-0.8969940945737238,-6.775291627190484
1525,-3.611296604596841,-4.102370923302544
1526,6.023051549471152,1.0268058721800917
1527,-3.3469943508736963,2.828346306540596
1528,-0.3547856614224787,-4.909728711388482
1529,0.2198622718222265,0.5519165714164846
1530,-4.138257692777383,-4.797537987969292
1531,0.1549773111708288,0.1901504342337721
1532,1.8239043250448828,2.3713372294684523
1533,-0.48925569208787634,-8.161651318810357
1534,-3.9629144177071924,3.682005221106636
1535,2.4598410621054296,2.496270472266304
1536,-1.5347790226571436,0.29068731711112195
1537,-1.8172810778252955,-6.432815259240044
1538,0.31535552886797236,2.101803714491951
1539,-1.1110558018319483,-6.146156972191704
1540,1.439060856378806,3.7800787036200636
1541,-3.507196615659463,3.0243671481391066
1542,3.058728744066489,0.0700773243685835
1543,-0.1168454095952387,-3.35399336173333
1544,5.162501622713339,5.768298441626655
1545,0.8259678378470068,1.5311811511298292
1546,-2.1177260384194727,1.098196202971565
1547,3.456360627687705,4.44335394547187
1548,0.20817195323778437,0.7256521229525679
1549,-0.838692854367959,-4.901797002098931
1550,-3.010257671796548,4.593661123969184
1551,2.25153331903292,0.06284677431784802
1552,2.9711273208029394,-0.7391547615746386
1553,0.47436444906069086,0.39920100019179516
1554,-1.1695127591721888,-5.2041522915581595
1555,-4.838499735318887,3.2738860194464796
1556,-1.9604690775506373,0.2718246524115675
1557,-3.369123409711587,-4.221043771050347
1558,1.3568785682089453,1.8791564051886671
1559,3.5363314643271093,-1.759928649208916
1560,3.6332409873373632,6.2347171847602
1561,-1.926117251836526,-5.095415299675835
1562,3.186223794496787,-0.46913379981316394
1563,2.5036807551748876,-2.0720714981774218
1564,-2.8907849297158594,-3.525645678780449
1565,1.8835390105612402,-0.3233088309983141
1566,2.8413784995443945,3.734692627646553
1567,3.046589185274375,0.45521249706024536
1568,6.347012330568564,5.236664587714301
1569,-0.05393759461568548,1.051997656085121
1570,3.548086930788291,3.9923682753821486
1571,-2.4610647663705225,0.5696726460834616
1572,3.410738755739463,3.6519845073004835
1573,-0.12231952997373297,-1.7498731072167284
1574,-3.30237407537626,-5.068535989067925
1575,-2.576495121442544,-4.634223645470513
1576,2.4606030478842382,-0.0996391828278429
1577,-3.477716635190713,2.8013701979895704
1578,1.754298974550498,-0.37455690457619495
1579,-0.4478489414088602,-7.6382719929436576
1580,-2.876196335279214,-3.408396428368462
1581,-0.6144429698817606,0.6681240294953459
1582,-0.1782554790608759,-1.48911458804406
1583,-1.7062468037240381,-2.115716403267754
1584,-0.27799768301175787,-1.5700172836998827
1585,-2.5177340016000147,-3.0842143948296434
1586,-1.9918699965112086,-2.736061995766533
1587,3.806857396639121,1.736035639502632
1588,3.3236928477652197,4.081313664176093
1589,-3.558760117017495,3.19314175293647
1590,-1.1928768858544703,1.0710642878790968
1591,-4.123658131086099,3.8651190345069044
1592,3.032184888399375,3.057963186957466
1593,2.0457406535513525,-0.961024349472893
1594,-2.171017597638833,-3.565661137841118
1595,0.7994124188788061,0.30081305847369366
1596,2.653161813295615,3.3567975108405226
1597,3.2628961100943212,2.092218453147041
1598,-1.4039324626557703,1.855493361212837
1599,5.011209298647177,6.433154875495063
1600,5.0280626311667085,0.9976634328147047
1601,-0.7609351977937098,-7.085246270439995
1602,2.9649489417441015,-0.7551831658104784
1603,-2.761459539853799,-2.1914526875237352
1604,0.8127233281500463,0.5902904217024916
1605,-2.7449557289712305,4.25651460335456
1606,3.290061046159995,-2.7600526268700487
1607,-2.4074626669518824,-3.8731786663750536
1608,-2.0131511196725245,0.6970278863688582
1609,-2.4035163626305933,1.366050595500099
1610,-0.8604273006551142,15.407516772009956
1611,-0.14669678660558416,-3.714645570061577
1612,0.7863866582281713,-0.10904735877312488
1613,-3.4635266766183253,1.810850674368965
1614,-0.6026787601642485,0.9873537366171949
1615,-4.269068668805826,3.618158156134712
1616,-1.104852031194436,-6.145310586235894
1617,-0.5133032307259913,-6.652965729973687
1618,6.361376573122275,5.229320818640815
1619,-4.925017069303262,3.5453250949164503
1620,-5.356174181424844,4.778837019660102
1621,3.3076239123709326,-1.329322403214348
1622,6.687753488100302,-3.309602444908989
1623,-0.6863103166453715,-8.659178441307915
1624,-1.42768187376188,1.160063559271919
1625,-4.08317036482023,3.6305821482916945
1626,-5.314346025907266,4.785495573737251
1627,2.7872479453451757,-0.6463176663140184
1628,-2.0770934328667994,0.5628168155332678
1629,3.9491265311606054,-1.38327962710656
1630,-4.141761969053018,-4.798781102440728
1631,-0.1522896692387934,-2.4015693123558886
1632,0.23407857564760493,0.46756430816702776
1633,2.194210101640952,2.1975853984137648
1634,3.592436124361289,-1.8544029648522264
1635,4.436437417543662,4.672918612219917
1636,-1.1631280288331385,-5.645353024742974
1637,2.7906024947531347,-0.3422733004311449
1638,-3.7527935013406153,0.7951506619235151
1639,-4.246414612256753,6.722330385901557
1640,3.6121252074606542,5.731076056220161
1641,0.6999017491705541,0.6019097660561674
1642,-1.8155378803841944,-2.4787547047356493
1643,0.7504754557974462,0.8616169039984816
1644,-0.9535068080060358,0.42033150241576367
1645,-2.134454678022134,-2.621832555077446
1646,-3.7303614124886866,1.873868638732063
1647,-4.4363069042794585,2.1196783129950636
1648,1.8244584098227148,-1.0542474444130785
1649,-3.530164907895791,-5.357395833275689
1650,4.703401853121054,4.961031252600776
1651,2.4057474627859716,-0.1097111757019884
1652,-2.835761021100747,-5.45364541365899
1653,0.6835314526922827,0.16535964057646924
1654,4.943612863100302,5.345703894354926
1655,0.8970861926443701,1.135140771128761
1656,1.7615595355398779,-0.3604108746270067
1657,-2.61176915022062,2.4931140486975782
1658,2.084447671449912,2.116689378478157
1659,5.157052804506552,5.845322424628364
1660,-0.7091675058238383,15.582287127234565
1661,-2.1064879402749415,-5.189695065758599
1662,1.8861306205160742,1.1455548946639174
1663,-1.8532560572259302,1.2913497035285109
1664,4.943895627535117,0.9412238244792097
1665,-4.197054575406778,-4.911995118401421
1666,3.6098812117941503,-0.4563475306252367
1667,2.683491279161704,4.465958410956489
1668,3.217758227861655,-2.6856107170800096
1669,-2.9732176766030665,-4.433177655480279
1670,-3.925461243116128,-4.376390164635552
1671,-1.6828524574868555,-3.0213291104058153
1672,3.31303553727938,3.3672905509253614
1673,-2.6655978664986963,1.0407489483138197
1674,1.4024247422583227,-1.1011231596688158
1675,1.1504865184195165,1.9575470034857863
1676,2.71941547540499,-2.2424666340569384
1677,-2.681045959913003,-4.839873498223199
1678,0.1479265585310583,-1.4244697745064623
1679,-1.583120892965066,-6.599982922814263
1680,-3.4406198963754053,3.3298903052588575
1681,0.13898717311693476,-1.5356150324562914
1682,2.689744998491538,2.728052193381416
1683,6.357954789675009,5.221382910468208
1684,0.05812298206163691,-4.817925637505425
1685,-4.138780783139932,-4.797140782616509
1686,3.8008554473288183,-0.4803656394699938
1687,4.078468610323203,4.133817011572944
1688,2.481110145128501,-0.002146785996330447
1689,5.805294801271689,0.3211168740769499
1690,-2.7415027126901026,-3.1455032284478075
1691,-3.2550615772836085,4.384867245413886
1692,3.2579947009451513,3.261421972968208
1693,3.180343200243247,3.7557306830664747
1694,3.9309356704123144,-1.3256409819344408
1695,1.9278862967856054,0.26250215814315014
1696,-2.1626331314675684,-3.8528563435295946
1697,-0.5264525946460838,-6.729049390099419
1698,-0.7773907289140101,-2.6014692242363817
1699,2.4344778552420263,-1.1148309166649706
1700,-1.7427118525140162,-2.322369759819878
1701,-3.7106158241860743,3.368831450202095
1702,1.1733962788946752,0.3270157371541136
1703,1.9090905681021337,-0.6613044197777636
1704,-3.198243330442178,3.9034686629553907
1705,-4.056087206327188,-4.904277032158745
1706,1.507414390123618,0.13908937022887402
1707,2.6733394160635595,2.7804816310187452
1708,-0.012934039556252497,-2.7511808331231005
1709,0.7790588631994848,0.6939540748377913
1710,-5.378504465543497,3.948393637396919
1711,-3.9874958500497217,3.3331370894690626
1712,0.7189083590872412,1.1354981605788343
1713,-0.43014041634725286,0.8851697091837996
1714,4.256600190675986,4.278633648612129
1715,0.22651653436495112,0.33911409423552685
1716,-0.17867229434179022,1.0046783630629652
1717,3.8384464278586035,1.7168069426795118
1718,1.4924905791647558,2.255186373450386
1719,2.4794312014944677,1.3123444859763258
1720,0.5820889964468603,0.7353653256674879
1721,0.5725460543997412,0.8483252768298262
1722,2.557038356340659,-1.8258299286583788
1723,-0.9641932949654932,1.5830721204062574
1724,-3.0862378582589503,-5.183630173943413
1725,-0.7311623648040171,-0.6938231642464525
1726,2.515001584566367,-1.9735159332970507
1727,-0.6377055749528284,-4.292360966942681
1728,2.090841819322837,8.827749544837104
1729,-4.280734966718423,6.752504164435493
1730,3.625921060121787,6.230482393958198
1731,-3.152032803022134,4.370499903418647
1732,-0.23811102958844854,-8.519943898461236
1733,0.3405735388167028,0.37023621992074185
1734,-0.5926723510258074,-1.8953251297692186
1735,3.1838651194937353,2.980822378851997
1736,-4.52149028631376,4.311306769110786
1737,-0.0687053904168482,-2.288331692955864
1738,-1.5446527108781214,-8.483134930870904
1739,3.611685563600791,6.073084646918403
1740,-3.312060783826577,-3.775819485924614
1741,0.4300431504614477,1.7012831513663405
1742,3.9174473777182226,1.7407678906699293
1743,-1.031925241672265,-2.059141581795586
1744,-0.503383516543376,1.484532291152107
1745,-3.6183597550027247,-4.273229306481255
1746,-0.6390449583761568,-2.6374165470818407
1747,3.473922540224326,4.708064848639594
1748,-3.3874277577035303,0.7037719880124205
1749,-2.650178144895303,-3.0697519238213427
1750,3.5051005378134374,1.7672823016425245
1751,1.4286675944693212,2.893231922843086
1752,0.796259571588767,0.674974197604286
1753,-0.03234649749921514,-1.6361421997765428
1754,-3.7465524181954737,-5.25613278701104
1755,-4.6890398964517,3.040749127127754
1756,-2.5904595360391016,-3.307632392189873
1757,2.358584929979575,-0.28736216380394763
1758,-2.191751550161111,2.093378955580818
1759,1.5236268535025244,1.2876844947119825
1760,3.786803056276572,-1.2377643044213182
1761,-0.3577618554465647,-4.453254407189263
1762,2.277550984895957,-0.7328047211388475
1763,-2.1762623295419092,0.4335781634678715
1764,-1.7076018557183619,-4.932070916436089
1765,-1.8293307528130884,1.2919220273276442
1766,-1.2809795245759363,-3.7393447811821825
1767,2.905365993059409,-0.7481203730324633
1768,0.7346723571188574,0.27276868567668133
1769,-1.9900127157800074,-3.2568575794915087
1770,-5.141074846708047,4.448517615058051
1771,2.1630507007010107,0.48648883224331074
1772,3.8024452224142675,4.172378832556831
1773,0.9162998690970068,1.4271005337020033
1774,2.3448644175894384,1.279900783755409
1775,-4.210702608548868,-4.86989182784356
1776,3.6850536361105566,-0.49856049372948474
1777,0.6592665210135107,0.7262101118346327
1778,-4.4192687973611235,2.0930232350607985
1779,4.882536222017539,0.4764052499910467
1780,2.408309985674155,-0.7537538464287645
1781,2.9597638144858007,3.291307265021431
1782,6.67713670877291,-3.3025323803643114
1783,-0.9401455626122828,-0.8635004217842943
1784,-3.0332855686776514,3.695581490256416
1785,-5.039431761228311,3.941916519858467
1786,1.332966376817954,-0.648185199044121
1787,2.6670158400900488,-0.3400743658760912
1788,3.191472579515708,3.77710490868293
1789,-2.759499739133584,2.909859472968208
1790,-2.5886897549264307,-4.076562588951958
1791,-0.01166869255231573,2.062552744605171
1792,-1.531720767938363,1.9147888963004225
1793,-1.727506469213235,1.0062950198432081
1794,2.112479497469199,9.392753893591987
1795,-4.774142454587686,3.745639139868843
1796,-2.561433266126382,3.940325314261543
1797,-0.25557215067075445,1.5785396640082472
1798,-0.32178194376157476,0.7975377683421248
1799,3.26708393243624,1.5843185727378004
1800,3.6022356047995214,4.024385506369697
1801,2.101218272722495,1.2365633790274733
1802,-1.8718038305871363,-6.384405797264947
1803,-1.2231991395585413,-3.90560788466729
1804,-3.6020254597298975,-5.103920644066704
1805,2.105204154527915,2.6291809623023146
1806,-0.2551593289010401,-1.6625570709923632
1807,-4.233953426801431,-7.063686078331841
1808,-2.2860129580132837,-1.819196170113457
1809,5.84881000665499,0.3293512855549925
1810,2.3827856078512792,3.2770920340796583
1811,-3.880624006711709,3.5338485781928175
1812,2.9586508765585546,-0.2645038421372301
1813,-1.4651429757706995,-1.7644278462151415
1814,-2.392229507886636,-4.127593224785699
1815,-4.890052031003702,3.5439801757117384
1816,-4.293947647535074,6.742161089636909
1817,0.21511565593553827,-1.9164854939202196
1818,-1.117757032834756,1.9395782296439283
1819,2.437691260851157,-1.868632739327324
1820,-2.595427940808999,-3.2093905861595995
1821,-4.493311832868326,4.2187064234992135
1822,-0.118744055949914,-3.510092919609917
1823,0.32490246442629145,2.1474806611319655
1824,-1.740725587331521,-4.934210961602105
1825,-5.3809549316995025,3.3620698992987745
1826,1.3076994910605078,-0.43048114135063953
1827,-4.469906519376504,1.1733420436164015
1828,0.3306895389921789,0.7555186097403639
1829,3.7971814170248632,3.9088724200507277
1830,-2.3770633444421168,-2.9655062611321337
1831,-0.03631062360929205,-1.3961473162392504
1832,-0.1487946614854212,-3.6882273609856493
1833,-2.8607160553567286,-2.3157848770836718
1834,5.887096692598593,5.406556421973335
1835,0.5487574830420141,0.9729582612296217
1836,-5.0873453125588775,4.695359522559272
1837,0.6729465022452001,0.3242568020602339
1838,-0.34935606571363165,-6.212915128014458
1839,-2.8475152954690333,3.0475140158911818
1840,2.51049213556124,3.6299253051062697
1841,1.481685687578452,-1.4253197367409594
1842,2.321632911241782,2.2205795590659254
1843,0.29644220022035883,0.6775535737057798
1844,-2.836246679746377,-3.8401977474907762
1845,3.6498754516012792,1.709951574065315
1846,2.6150830283529882,2.905890042044746
1847,-4.4688784584634185,1.1955771391173475
1848,1.510489274538291,-0.869785254738701
1849,4.313619901216757,4.3492651526709665
1850,2.126702834642661,2.536075646140205
1851,-4.9593336090676665,4.542885596015083
1852,1.0923738971121435,1.8028216902991407
1853,2.1088483825094824,8.599807078101264
1854,-4.361368130170572,3.8764906470557325
1855,-4.6339861855142,4.262123162009345
1856,-0.6364656344287272,-1.6453527863243944
1857,0.08197431711031244,-2.110923712990654
1858,0.37077980188204096,0.5367856641193502
1859,0.5872934356100683,-0.48445600821770496
1860,-2.2651788696877833,-4.0356647427300345
1861,-1.7874149784676905,-2.724343245766533
1862,-0.8056795105569239,-5.617589658043755
1863,-0.2167604372136469,-9.056370442650689
1864,3.4525115981466894,0.3074411247750395
1865,-3.796855162107217,-4.388145631096734
1866,-0.6158358335726137,-0.4254618342141039
1867,3.8428366675741796,4.644810969092475
1868,-2.4121007427804346,-2.302693551323784
1869,0.06528841403795527,-4.723754590294732
1870,0.5936196341879492,0.6453392897626036
1871,0.12398951200319575,1.1956220214148634
1872,-0.5670277375959034,0.4274879508545273
1873,-0.4043156162135477,-6.519835656426324
1874,2.7396653190024023,-2.131823485634697
1875,-2.380598495923745,-3.755330270073784
1876,-2.144374679052102,-5.108448212883843
1877,-2.1662867769830103,-3.2187313492516405
1878,-2.99211640211271,0.7508647386809462
1879,-3.23798985334562,-5.05142897918023
1880,-3.836733053647744,-4.325298493645562
1881,-0.5676236415513034,-6.821052735588921
1882,-0.16397247763799383,-3.708509629509819
1883,0.3050542965300207,0.44254642546974354
1884,-1.5850555405251856,-2.3088519032219774
1885,2.7412693992025976,2.9484181945105665
1886,1.670087148226035,-0.5321819241265184
1887,0.6702363982565527,1.0239539687415236
1888,-3.3564080700509424,1.9916176144858473
1889,1.42507748750521,1.2250220124503248
1890,1.4385673299200659,3.781422907569038
1891,-4.358941982709634,4.157897526480781
1892,3.709262181795371,4.163174206473457
1893,1.235609461344016,0.24782576606475049
1894,-4.5751807198159575,6.7960308139105905
1895,-3.1310221657388086,-3.8207890446404345
1896,3.872415830171836,0.3850666304012411
1897,3.0896368518240576,-0.5016059930542833
1898,2.754721690691245,-2.261269515297783
1899,5.360753346956503,6.519285494544135
1900,6.297365476167929,0.9350874964972609
1901,1.4566605582602148,2.040207797743904
1902,-0.5808992080621596,1.6843326632758253
1903,-0.35466470869706823,-1.7499958927849657
1904,0.4032584324247961,1.6826940123816603
1905,-0.708055938803422,15.582257563330757
1906,-3.154652546369302,3.1250231807013624
1907,-0.7865593239896174,0.9600697104712599
1908,2.826947022951377,3.895273739554512
1909,-1.2134846553437586,-1.1764435227135546
1910,4.3274801268942475,4.581734472968208
1911,-2.6125440106027003,-4.220198815606011
1912,-0.43072416188644125,3.9836476390143507
1913,2.4290626540548925,4.200962359168159
1914,2.4082162871725683,2.9142308776160353
1915,-5.320495317899454,3.3545723502417677
1916,-0.759511958085763,1.1563501302977675
1917,0.280751873529685,-0.8072800095299608
1918,0.8444618478186254,-1.5189870054940111
1919,-0.728417079173791,-7.645463650963677
1920,-0.32120070906804754,0.13267617867194348
1921,0.4653529420263891,-1.8575434143761522
1922,-2.771849583112466,-3.3251959736565477
1923,0.3930030956633215,-2.1057853157738573
1924,4.780876924074423,0.5254164357563131
1925,-0.3598237291209574,-0.019241666338813967
1926,2.741554786241782,1.3745544497748488
1927,-0.19717840405629827,0.5964823310156935
1928,-2.87217707487272,1.479179794051277
1929,-3.3579647049538965,-5.236478513024224
1930,-2.5445332035653467,-3.145239060662163
1931,0.4279151454336767,-0.07375515057839221
1932,-2.758501957380044,-5.397306626580132
1933,-0.46013029220031454,-8.791961377404107
1934,1.6609895720846777,1.38626223252021
1935,-3.0857502922646876,4.573023611762153
1936,0.021243919409049017,-4.633368199608697
1937,-4.376069735013711,2.146255308844673
1938,0.3165115013487463,2.080363923766243
1939,1.7345221534140234,2.709659392096626
1940,-3.298089931928384,-4.136725133202447
1941,2.7812982097036962,-1.8017818386772997
1942,3.615627576387656,5.618640715338813
1943,-0.5034418024353857,-4.374393170616997
1944,5.94980983880831,1.0544006769438856
1945,-4.759641836606729,3.363834435202705
1946,-2.6394185528390284,-3.3689441139916307
1947,-3.598864744626748,2.0921130721350782
1948,-0.5292874213539238,-6.676412766716851
1949,5.755719472444785,0.9435220305701368
1950,3.0655518069632177,-2.4609684403160936
1951,-5.852421472989786,5.1943133418341745
1952,-3.2936071858041163,1.5990642850180738
1953,2.2611690059073095,-1.6204568798760302
1954,-1.710223387204873,1.2596566622038954
1955,-4.221271942579019,-4.844186967156304
1956,3.322806645906699,-2.749170010826958
1957,-0.1368906304471369,-3.636372273705376
1958,3.073029567278159,3.1767852847357863
1959,-2.9066590771310206,3.1321204249640577
1960,-0.7063005820147867,15.585948282935249
1961,-2.1939067349068995,-5.2226130421379935
1962,2.44973569063021,3.0431683604498976
1963,2.4513545527823095,4.327686602332221
1964,5.969333936250937,1.0434217993994825
1965,-4.2183010086648345,-4.856233781121148
1966,2.3948612704641943,-0.05464470937050647
1967,1.1780858531363134,0.3975749743064516
1968,2.311842967546714,4.158162647940742
1969,-3.1845025524728174,-4.694270318291558
1970,2.1253369346029882,8.599271113135444
1971,2.2873228087790136,-1.627036755822075
1972,-4.232020567380655,3.960125977255928
1973,3.2549250617392187,3.666262680747139
1974,4.862408925569785,5.1839631144782174
1975,-5.472329805814493,3.5604546611090773
1976,5.780243207491171,1.0303165857573622
1977,2.818273116625083,3.0372334067603224
1978,-2.6519124016396876,-2.2498094494561083
1979,-3.165012072049844,1.8537608926077955
1980,3.4197335734732275,3.163779312827217
1981,-0.22916264387296392,-5.36936635329522
1982,3.24024706033541,3.7268107478400343
1983,-2.5210259661309595,1.7027290408393019
1984,1.2474433675177221,-0.13594353749550647
1985,1.3763254180319433,0.24736716792784863
1986,-2.9699120030038233,4.465294176795112
1987,-0.24702463599370672,-5.619133656762017
1988,2.871120025194419,3.8766899649878614
1989,-2.0323843464486475,-2.6818334515313036
1990,-3.247048567258584,-3.7957341129998095
1991,-0.027737389528023737,-1.5081830675820238
1992,0.3924916878111486,0.37857768134080105
1993,-3.515821646177041,0.6793586258669966
1994,-3.2546715244881983,-5.577389901421441
1995,-4.774226854764688,4.256735617377387
1996,1.554493476427329,-0.25040489985741443
1997,1.191680361307395,0.4381270428081625
1998,-1.2904689416520472,-2.3273124153832323
1999,2.007954169786704,-0.4641134793976671
2000,-3.974259327375161,2.8000391070624464
2001,1.1984299912817602,0.9341851119776838
2002,-3.5139166817300196,2.6014483515998
2003,3.3293591037161474,-2.7725874836663134
2004,1.7329826846487646,-0.5950134451607592
2005,-4.231376121961343,3.9267602507849806
2006,-5.118937681638467,4.706478411414253
2007,-0.2977862760655756,-4.360293572686089
2008,0.056435634172690374,0.722664946772682
2009,1.6403365626700048,1.3462500517150038
2010,0.6450095668203955,-0.5067970211724169
2011,0.0950366750128393,0.8953640107890242
2012,3.6897795691855078,4.055777127005683
2013,1.480349828279746,-0.5152329261521227
2014,-2.6446630463235254,-4.264072602532281
2015,2.2448843016989355,0.021049762227165036
2016,2.315139104402793,0.006687695242988401
2017,-2.5906145081155176,-4.654940312645806
2018,-0.4156609729163523,-6.485714143059624
2019,2.261993934191001,2.655572468497383
2020,-0.5212084233991976,-0.28676266028679676
2021,1.2789743438131933,1.309974962927925
2022,0.0073122873671178645,-2.020825808785332
2023,-1.6174039349191065,-8.412928288720025
2024,5.411217500246298,5.545501047827827
2025,-3.6155592903725977,2.992296988226997
2026,2.4714539542563085,-1.8530330116967089
2027,3.8021944060690527,4.406307036139594
2028,-2.2715980515115137,-1.7949540074089891
2029,1.019644547975791,0.5148198475023382
2030,-4.466727207624185,-7.392512505791558
2031,-0.6658239990703936,-7.7900263722161185
2032,-0.22189680787252142,-9.06255311324395
2033,3.1859946742422705,-2.62803859069146
2034,1.3207170262701635,0.9324059729357832
2035,-1.8206085667245264,-2.3620795662621386
2036,-2.4269333586327906,-3.363928025505913
2037,1.0541005626089697,1.5141127650519484
2038,-1.7087369665734644,-8.571746533654107
2039,-2.8241884216897364,-4.350897973320855
2040,0.17778544572664545,0.7863902394553297
2041,3.3104849353201513,-1.3094831164101488
2042,-3.3699957832925196,-3.898739045403374
2043,-3.4957515701882715,0.8171502594729536
2044,-0.16542274805234625,-0.6896361763695604
2045,3.834107209718955,4.079591328360664
2046,-1.2570325240723963,-0.5401381905297167
2047,-0.5751936130456801,-6.708512013695611
2048,0.8710134520895605,0.095483208157646
2049,-0.4607036218278284,-6.411502068779839
2050,-2.6304120525948878,-3.2969736511925585
2051,1.5262372985251074,-0.7733054812172777
2052,-4.497202824079263,-7.418030446312798
2053,-2.623703669034707,1.285562748171913
2054,0.5775603547461157,0.8375996892233961
2055,-0.2680779204003687,-0.06623519017494983
2056,0.7023092999823217,0.9977284018775099
2057,-0.818565468513238,-6.535229867241753
2058,2.065622378862632,9.445399576880561
2059,-2.9606186852090235,-4.463367169640435
2060,-4.064956377469766,2.09918742821418
2061,2.883966018236411,-0.21924537970818347
2062,-1.1501256332032557,1.0410242621680372
2063,0.0851262107260351,1.2675801460524672
2064,3.297087003267539,-1.5958036835411913
2065,-1.8478697046868677,0.20375114128791028
2066,2.870359469927085,0.6015925203343504
2067,0.0022228255636815852,-2.2094516213158495
2068,-1.3868242606751795,0.9666584675093763
2069,-5.2187916741006255,4.70358114884101
2070,-1.275855074846017,1.8844862525244825
2071,-0.2090305194489832,-3.2607309277275927
2072,-0.206872980319726,-9.026025479576958
2073,-2.3916924700372095,-1.9248730595330126
2074,4.1267846122152925,4.071189457633125
2075,2.951686431444419,2.3027535025855177
2076,1.5951517119772558,1.4353890363951796
2077,3.881707479036582,1.746654922225105
2078,-2.3990731939904566,2.260034615256416
2079,-0.7822222963206644,-7.271026318810357
2080,-4.757710646116006,-7.7363249714592826
2081,-1.8998003706567164,-3.2161065991143114
2082,1.763564397371543,-0.09674186064995594
2083,1.5288911357290869,1.6382825915595167
2084,4.70467405465914,4.884092623450385
2085,3.2359920039541845,3.3265283648749464
2086,-3.3111109242074366,1.6367040221472853
2087,-1.8484845862023707,-6.43922776534356
2088,-2.2449267611138697,0.735393697478401
2089,0.995449949777854,1.5853484217902296
2090,-4.646741102658975,6.912895971991645
2091,2.6323044791586523,3.242228085257637
2092,-0.44072249832080557,-8.20730752303399
2093,-0.6244871497385378,-0.4071202929238207
2094,0.9569166198141699,1.369604939677345
2095,-3.9797486767403956,-5.0722553189019095
2096,-3.437443207227456,3.598314100958931
2097,1.7163291468985205,0.005989397027122312
2098,2.1300111308462744,-0.13707876755989856
2099,3.9069207206137304,-1.4210810120324022
2100,5.678525258577597,1.111515695311653
2101,0.8974358334906225,1.2372201030036085
2102,-0.2981825873486872,-8.480907147667779
2103,-0.44787284287141516,-6.935975735924615
2104,-3.2601556286446924,-5.443217938683404
2105,-4.103727768384683,-4.791573708794488
2106,2.335212995088828,-0.9006651098946459
2107,0.7088742747671728,-0.17154485537804431
2108,-0.048063884698617,-3.029464429161919
2109,-3.3210057720773096,3.4315841738959425
2110,-2.4121288761727686,-3.326678221962822
2111,-2.280559252225625,-3.091828292153252
2112,-3.5052136883370753,2.26214068577491
2113,1.3796231046087866,-0.7291925604561693
2114,2.8393977179892187,3.7421286647101515
2115,-3.322889040433633,1.6365349833747023
2116,-0.3809546634786005,-2.3650729115227587
2117,-1.9359983906381006,-6.366739934227837
2118,0.09804158357454584,0.3739617039342993
2119,3.304974366701377,-2.7390226776818163
2120,0.496413756883872,0.7767810766478651
2121,-3.1732317909829493,3.0787299220343702
2122,3.0153363242514257,0.42324250199698144
2123,-1.1353961333863611,-8.36889142348565
2124,5.494425584352744,6.70950155899726
2125,2.921361733949912,1.7226778809805983
2126,-1.030190955125558,-4.8494207318047415
2127,-1.8654605850808497,-3.4359883721093065
2128,-0.5002683989934797,-0.0712207610825426
2129,-2.7073513970010157,-5.500584309838189
2130,-0.2752212688557978,0.04069345638953381
2131,3.606221009767783,-0.4590606744507677
2132,-0.5803344857178803,-7.937768643639458
2133,2.0195138945944433,2.5236838404914015
2134,5.362424184358847,6.491481596686469
2135,2.1538827910788183,0.46999031965486937
2136,2.9904962077505712,3.182272965170967
2137,0.26745091823412226,-1.6665815766075975
2138,-0.75008017870115,-0.61624283149041
2139,2.3176146045096044,3.2448723857184523
2140,-0.9678893193833704,1.9103988950034254
2141,-1.2362178072564478,-3.890321439049614
2142,-0.1938027546040888,-5.085702603600396
2143,2.300363828218711,-1.3949441368798143
2144,-3.76018280836271,3.4690993373175734
2145,1.402954865968955,2.8406599108954542
2146,-5.4145595535867095,4.8740947787543405
2147,-0.5285482287638064,-8.027924245140923
2148,-1.6499528393380518,-8.514639561913384
2149,0.32085381892992304,0.0340697114249342
2150,-5.416835020505655,3.5350549762030714
2151,5.658206273592246,1.0610368792792433
2152,-3.3984779820077295,-4.000525182030572
2153,-1.3497688278787012,-1.9917172844628221
2154,-3.3923725590340967,2.739117914893257
2155,2.5623729720480566,-1.9550332482079393
2156,0.8663878932364111,0.7791830544253462
2157,-3.9965431198708887,-3.9233257229546434
2158,1.3959647908575659,-0.8262246306160814
2159,0.2585875883467321,1.345119768836128
2160,-1.439978073560464,-0.4050169046143419
2161,-1.942613194905984,-4.865092938683404
2162,-1.9571142897240992,2.1278751437445753
2163,-0.06193343850301458,-0.4968152697304613
2164,0.8947802081472997,0.6097431276818388
2165,3.381625463045371,-2.8168403561333544
2166,-1.5816391214959498,-4.6500985081414115
2167,0.3606690063841467,0.2904587332984083
2168,-2.6843966946236963,1.397626215674507
2169,5.81680898813082,0.3370421175738447
2170,-4.237553547345865,3.832621866919624
2171,3.2370980277426367,1.5859426800986403
2172,-0.9958595141999598,-6.726257985375298
2173,2.241784383333457,-3.5003592426995165
2174,-3.420726011716592,-4.861939614556206
2175,-3.384283970319497,3.3428199832221144
2176,-0.1909491226308222,-1.9042977745751268
2177,0.5540694489843969,0.9139803294917219
2178,1.8182838454611425,-1.1618906910637743
2179,-3.8202704891793604,3.4892316405554884
2180,-4.265572260343301,-4.945070927880181
2181,3.4555900588400488,3.9153013770362013
2182,0.4125638499624853,-2.068800156853569
2183,-2.3478925928704615,3.6257927958747023
2184,-3.0210856899850245,-5.161244099877251
2185,2.6593945517904882,3.8452942912360304
2186,-2.145342777692544,1.3367925231238478
2187,2.8725340857870703,2.4980555121680372
2188,6.370446969545615,5.222181612708198
2189,3.2913251414663915,3.087844664313423
2190,-4.31661124082731,-5.019654935143365
2191,-2.0225451693169947,-3.531089251778496
2192,1.3502042785055761,0.42577861257694893
2193,2.955768872774375,3.6348710601111525
2194,2.1048882499106054,8.694475466467964
2195,-5.05148525091337,3.2797616069098585
2196,-0.5043460570506926,-1.4258735831002123
2197,1.8882480159170751,-0.1099281962136156
2198,2.6824198260672216,-2.1762532646874315
2199,3.933307935274375,-1.3369657452324755
2200,2.5549340739615087,-1.9404773171166307
2201,2.5747392669088964,-0.15199053838051624
2202,2.9911919131643896,0.5348571930905455
2203,0.057755757845175726,-0.9387508089760668
2204,3.937965680635703,-1.479685729287041
2205,3.649177838838828,6.192224795081245
2206,-2.657514522992837,-3.30449122741021
2207,-0.06607479902433111,-2.8187863285759813
2208,-2.378717850171792,-1.9153558666924364
2209,0.6855799451239233,0.6479899828215712
2210,-5.010947893583047,3.8099999968787306
2211,3.3314691081411962,-1.3250014240960009
2212,-2.8847114548318262,2.4349536244650953
2213,0.2371790900595312,0.9376353268405073
2214,4.885344792879355,0.9381886367579573
2215,-3.966366718732583,2.592981154181587
2216,-1.0725754007928248,-5.175744717858208
2217,4.7023742690451265,5.150668913581001
2218,-3.0114957794778223,0.7982629780551069
2219,5.415954400575888,6.60336142227851
2220,2.534558822191489,-1.7890266831139452
2221,3.5257580771811132,-0.4479791577080614
2222,2.4075027003653173,-0.7455589230278856
2223,2.2203181281454687,-3.514865344307793
2224,-0.748393337451684,-7.3089777882317435
2225,3.6003487601645117,5.636628920294868
2226,-0.9143693551652308,-6.268810456536187
2227,3.1430142417318945,3.7774801795264357
2228,0.6944040551550512,1.0833260957976454
2229,-1.4761181578271265,-6.1152216847161185
2230,0.22253071216417597,0.13800614521704846
2231,2.5140605464346533,1.269636804320442
2232,0.40025692132784174,0.6086088363906019
2233,-3.73628086897062,0.7827267889758223
2234,-4.53725595327543,4.223650986411201
2235,-4.363594721280801,-5.1247174198845755
2236,2.0870090022452,1.1197462622901075
2237,-3.457852076017129,2.665348107077705
2238,-2.9087810024850245,3.0871553962012404
2239,1.5457659259207372,2.0347160641928785
2240,-3.6471955284707422,1.9597466532965773
2241,-1.5613709196679468,2.1497474257727736
2242,-1.4116506681077357,-2.451913064263237
2243,-0.2082821533315058,1.0141009633322828
2244,1.9668744101889257,3.1816752497931593
2245,-1.6760723099343653,-2.8366302902916796
2246,-3.5504714951150294,0.721047127701866
2247,-1.4621037945382471,-4.88819426848687
2248,2.80424909738375,3.8263810221930616
2249,-4.498335550748575,3.6725819651862257
2250,-4.460560511075723,6.782362753607856
2251,-1.0559281811349268,0.8308904413958662
2252,-2.0203312143914576,0.29285625562869244
2253,-0.4986622326307173,-7.554977124474419
2254,2.3387043967611914,-1.6789926941613085
2255,-5.406639288388956,3.7323799674292677
2256,-1.820694397413003,-3.0786065514305956
2257,-2.164445708715188,-5.971064751885308
2258,-0.9265914663903589,-5.050843899987115
2259,-3.2438315853707667,4.30540376351081
2260,-3.397295664273965,-3.9701377804497606
2261,1.7161024108297949,0.6864175890465849
2262,-4.293669413053262,-7.1296588833550345
2263,-1.6424794897668238,0.9969891254683607
2264,-0.12534321399854376,-4.046067899010552
2265,2.901325274980796,4.7539799754401315
2266,1.2215660109884863,1.0642396156569593
2267,3.776069928682578,4.326340491034614
2268,-0.9364499256245966,1.0004628841658705
2269,2.3082154288656835,-0.10316318824089832
2270,-4.5170773968331694,-4.32724160506524
2271,0.37000190166307734,0.2777937744637602
2272,-4.201041649305093,-7.023041432640923
2273,4.818176557100546,0.9461740796347731
2274,-0.9899619326226587,0.29580287084780865
2275,-2.7158367142312403,-4.433767503044976
2276,-5.7488443359963775,5.091938788153755
2277,4.280894090212119,4.375081354834663
2278,2.1113863482840185,8.5712674205084909
2279,-3.994381855451333,3.6903801505347364
2280,-4.415633152448404,6.653573805548774
2281,-1.134913991414773,1.3163729254981154
2282,-1.90609664770292,-6.402062123558892
2283,-0.27906031461881353,0.9287460391303175
2284,2.011611033952964,10.089380556799995
2285,-4.523222874128091,-7.46246356322564
2286,-2.6822602257363672,-3.2473899777153856
2287,3.1738904013998632,3.2518053595801466
2288,0.23802571443392084,0.551536934532749
2289,3.0850916400320654,2.900917584159004
2290,-3.562858532392251,-3.867223923943413
2291,-1.317405413114297,-3.682172005913628
2292,-1.7145814404122706,-2.5603827889183886
2293,-1.4294171437852259,-8.511365597985161
2294,-2.6113078102700586,-3.8435971195916063
2295,3.571726132906211,-1.2080227787712938
2296,-4.476242254697549,4.26133638069831
2297,4.178327371156943,4.351788574912177
2298,5.47084837106539,1.0439467971106642
2299,-0.7408164397113199,-0.5919989998558886
2300,-1.6681150898568506,3.252120548941719
2301,0.17096041587663935,1.616841370322334
2302,-0.31247798653768255,-4.998148148796929
2303,-2.4017383560769434,1.0452125017424696
2304,-3.17502016874479,-4.0919086392144095
2305,-3.983960817777383,-4.375657742760552
2306,0.11324923185182856,-1.1335535700539476
2307,-0.4523034200303431,-8.181617444298638
2308,1.3762010827429418,-0.2740846331337816
2309,-3.2243115410439844,-5.369049256585015
2310,-5.320507238828409,3.94475513146125
2311,-0.6197237178914423,-7.783196156762017
2312,-4.463998268567789,-4.140348141930474
2313,-2.1514923081033106,2.0810880009909742
2314,2.982106019533408,2.997268969275581
2315,-1.947971533262002,4.49905234024726
2316,-3.068830917798745,4.554562861182319
2317,-1.5100574597947474,-6.611614411614312
2318,-0.5452570516847248,-3.651995366356743
2319,5.5187194838888765,5.43192177460395
2320,-3.293580482923257,-4.182259743950738
2321,-3.1668350205056544,-3.904579346917046
2322,-3.3693496689431544,1.6999480073233717
2323,-2.394901226484048,-2.0523290093163378
2324,-0.4698616743318911,-7.47413176848687
2325,2.1384437575705175,8.555308634497749
2326,4.01563768533541,3.5632255618353956
2327,-0.9344506964318628,-6.987576668999566
2328,2.896257688081992,3.450935894705879
2329,-1.9341572031609888,-2.8196925575951464
2330,15.513135720766318,1.3779910151740187
2331,3.973128606355918,3.7309785430213087
2332,-0.6059551492564554,-7.713535969994439
2333,-2.889150570356118,1.4039065782805555
2334,4.38155918268038,4.383293921210395
2335,-4.656382749997842,3.045777136542427
2336,1.844159175432456,-3.0864607746819384
2337,2.2523286834128027,0.7775676493426436
2338,-0.5179279178612108,-6.601192658684624
2339,5.180929471529257,5.957827383734809
2340,-1.4170424446694727,0.5441060756226652
2341,-0.44700426908658697,1.672766858794319
2342,0.5802966847784643,0.8658422474642866
2343,3.0627911582358007,-2.1043683941582567
2344,-2.917427729093301,-4.336249535820855
2345,-5.056050966703165,3.9887884204169386
2346,-4.989948938810098,4.284331614234077
2347,-0.07914976330922796,-2.7173530514458544
2348,1.7993646159536962,-0.5870946104744799
2349,3.674014379060996,5.9431183879157174
2350,-3.4704248413674708,1.7472374980231398
2351,-4.437777708493936,4.219976002432929
2352,2.4365787997610693,2.712421948172676
2353,-3.6843530640237208,1.1533111874838942
2354,-3.3773200020425196,3.0823498313208693
2355,1.3254575028784399,0.11393576309882336
2356,1.7378235354788427,-0.3045526201943285
2357,2.8682568564779882,-0.7563050444344408
2358,-0.6322789371244784,-8.664478963158501
2359,-4.34726161810087,3.817953879096138
2360,4.133814622438681,4.514434630133735
2361,1.8335633769400244,-3.0824913437584764
2362,-4.314294765912759,2.120786959387886
2363,2.2475178733236914,-3.5284819061974413
2364,-0.8836754068963404,0.302521685220825
2365,-1.4919822320573206,3.091697270133125
2366,-1.2278303012482996,2.5747724120398634
2367,2.5620160594351415,-1.0944351608971483
2368,1.4283808961279516,1.4240726177474134
2369,-3.1786248192422266,-4.85014027907647
2370,-3.7424342140786524,3.6955192630072706
2371,-1.8345931276910181,-5.140966599724663
2372,3.5381401076681738,-0.4255451615074999
2373,1.188651968515647,1.5816023890753859
2374,-3.1420475945107813,-4.825507825158013
2375,-5.3663393959634185,3.7895317618628614
2376,-5.050953100644815,4.616833502509223
2377,2.4753079905874853,-1.760222380898369
2378,-0.5015460133783693,-6.64174241378106
2379,5.910852719820273,1.0534236972113722
2380,-2.0557331547372217,-2.632994836113823
2381,1.6595967307455664,-1.1785684282997972
2382,-1.7574930891625757,-2.4020320828179247
2383,0.984361697710288,1.0403515641471022
2384,2.933613111055625,-1.7557558472374803
2385,-1.8296073183648462,-2.487845843575371
2386,-0.48163328620122625,-4.1193487103203665
2387,3.7611034407980566,1.6796893422385328
2388,-0.45602488073037817,0.7981208805819624
2389,-2.671103905164468,2.9185886924048536
2390,-4.593078802549112,2.99541431114875
2391,-1.5504855022065516,3.134040886618721
2392,4.176083852327597,4.567052180029975
2393,-1.2785415753953333,-3.6991583760002977
2394,1.9916675582296972,-0.8455246145943529
2395,1.9301603331930761,-3.2381731922844774
2396,2.556925345934165,2.2323232238074415
2397,2.155680705583823,-0.23444271638192005
2398,2.74978714135958,-2.095817511818779
2399,-0.788388963066804,-2.1981789524773485
2400,-0.49208075108455374,0.44417995222710305
2401,2.5049992099173193,2.2899321858664625
2402,-2.471439074002969,-3.1287979538658983
2403,0.05074297336412714,-1.402111595414055
2404,-0.634496930264699,-0.4679418261269457
2405,-4.797847937070596,3.121014887549507
2406,0.3187688484556799,1.7083467786093824
2407,0.34216641334368036,0.6309912745734327
2408,-0.2809258207909937,0.7083020751258009
2409,0.586278726137412,0.7775973920603865
2410,1.3828540339834814,2.733763033606636
2411,3.9240272536642675,-0.4797714407662279
2412,-3.430747698270547,2.2637041156073683
2413,3.506329824007285,3.785271937110054
2414,3.746092130220664,-1.5867795403221971
2415,-3.97101683469938,-4.512596791527642
2416,-1.6236562237374659,3.2230451648017042
2417,-4.598858545743692,-4.362734978936089
2418,-3.589848230802285,2.4376017396231764
2419,0.9882249131567602,1.6952090804358595
2420,-0.37241811605619146,-0.4544487054566271
2421,-2.9938618645303126,-3.8483893330315477
2422,-3.6592945561044092,1.8482201640387648
2423,0.6804668202765112,0.6677812431832426
2424,-0.8131959840886469,0.674460390665161
2425,0.6112236276037817,0.3624705989738577
2426,-3.415590475522744,0.6940184627553099
2427,-2.293365548574197,2.2981113736411207
2428,-1.1683104738824244,-1.7127670700768358
2429,-0.5721219752215023,-0.36410224988259143
2430,2.8591509356863622,-2.543432896874321
2431,4.512483407533896,3.312381798483955
2432,1.260560919321311,0.24494727895461255
2433,3.005319882906211,3.7517645900031202
2434,2.009686042345298,10.068699175574409
2435,0.23435537961794184,0.6835633610268705
2436,-1.223756502591836,-3.106636946938408
2437,3.6139362349875097,0.31353888855181866
2438,6.261178304231894,0.946223044850456
2439,6.1717112555868745,0.9919811432143324
2440,1.8210216060049658,-0.7953112776497728
2441,-3.3265151486031885,4.092949682929145
2442,3.565733720339072,-0.40704310490883655
2443,0.18700610545946406,0.8643291537543409
2444,0.4769984975226049,0.636984804727661
2445,-4.247162769757974,-4.930948918602837
2446,-0.11169863792585089,-2.0822514946679003
2447,-0.14674628826307012,-2.605720704338921
2448,4.170773316896689,4.5415728633185495
2449,2.730626870668662,3.02237325356208
2450,-1.5654754147164698,-2.2008320744255907
2451,3.2740562453634863,3.879083687522041
2452,1.8172879710562353,0.4174661395033472
2453,-0.5631840938933368,1.7546041552802198
2454,-3.8824750885598536,-5.197192376397027
2455,-3.7316174015633936,-4.1889874394158255
2456,-0.550275274528953,-2.3553387577752
2457,-2.8005849823586817,2.6528297011633986
2458,0.49508683828188227,1.1916108672400587
2459,2.1822882190115576,1.3003920857688063
2460,-3.8222710594766016,3.371010357596504
2461,-1.4389737352959986,2.958651596762764
2462,-1.7535409435860987,0.9282224123259657
2463,0.017158438242209417,-2.8544923718193895
2464,-0.2899600669972773,-8.388408368370904
2465,2.8489256396658544,-1.352588241837395
2466,1.4164649739630346,-0.1641448791245348
2467,-0.059431473933922785,-2.948011105797661
2468,-3.1107599243752833,0.7801025752802961
2469,-0.07660974117444708,-1.1583915407875902
2470,3.5798571601278906,5.541879946448432
2471,-1.4683147773377772,-2.6419398243645555
2472,-3.225143621885049,2.780509287573921
2473,-0.2557391926877375,-5.410266583702935
2474,0.5926658406622534,-0.29473239733971424
2475,-1.9444064602486963,4.54789906189643
2476,2.6396337046988134,-2.120148604653252
2477,-0.2710529372327204,-8.452656453392876
2478,-2.7495870098702784,-2.245846694252861
2479,-3.196719835721719,-4.56109637572564
2480,-3.6948999867074366,-4.225011056206597
2481,-0.4132582500808115,0.9025695566912764
2482,3.887815763033164,0.3691692595263594
2483,-1.8102251991860743,-2.766283934853447
2484,4.717214395082724,5.014370733954536
2485,2.56616954950167,3.2820642535468214
2486,-0.9268620714776392,-4.971399968407525
2487,-1.9561851725213404,-4.5310298855523
2488,-0.5442853357874031,-5.838282769463433
2489,3.9184844985373144,3.8797693793555372
2490,3.0261457457907324,2.59892469094001
2491,1.5991328254110937,2.4981034343024366
2492,-0.8277895257108088,-6.202488129876031
2493,-2.367832134687173,2.646553570487129
2494,2.1110480323202734,9.45729380295478
2495,2.1409886374838476,0.028499538161384397
2496,3.312346030748618,3.384937817313301
2497,-1.9476173624627466,-6.170660680077447
2498,-1.3260697826974268,1.0836386029502028
2499,3.5448506369955664,-1.7697998936394579
2500,-1.0910226807229395,1.8822446410437697
2501,-4.089172790967691,3.0238969867011183
2502,0.532192040956748,0.8326606695433729
2503,-1.6476612791650171,0.8698466067095869
2504,-2.9402958855264063,-4.420704072258843
2505,-4.5800611481301665,-4.615758603356255
2506,2.547852088487876,1.3526306097289198
2507,-1.0770787701241846,-7.278908437035454
2508,1.904079247987998,-0.4726829583863146
2509,2.7818739905722265,-0.790219848893059
2510,-3.547088335477578,-3.9792854244927294
2511,3.0703900351889257,3.3560579364081495
2512,0.14109074024034785,-2.4762343819359667
2513,-0.28404582592176153,-4.518521493218316
2514,-1.242059598886239,1.009813303210365
2515,3.204611827409995,3.802442127921211
2516,-2.1964168057076807,-3.842751687310112
2517,-0.7010212049119349,-0.5255759413460619
2518,-1.1965254649751063,2.539902025916206
2519,-2.4954843029610987,-3.7896582539299852
2520,-4.339090059720743,-7.200431054375542
2521,-3.4571890339486475,-3.8295294697502977
2522,-4.156763981305826,-6.935451691887749
2523,-1.620131801091897,-1.867409413597954
2524,0.47868197110964106,-2.5061385090569384
2525,-0.6873687759272928,15.60509424851142
2526,3.45685558465792,-0.42902446343697376
2527,6.686389733827841,-3.30819315268792
2528,1.4934506907827978,2.0888828580161207
2529,-0.39563479574845983,-0.13224667861260242
2530,-3.6279060349099512,-3.973096555016411
2531,-0.16799394341634466,0.9607105200072401
2532,3.5232403769858007,3.491105849005806
2533,-3.7075688347451563,0.7195925359507673
2534,-4.365015219175088,3.925873810507881
2535,-1.2757609591119166,1.7691101376792067
2536,-2.2139498695962305,-4.338138764641656
2537,6.68541078714205,-3.3075537140587694
2538,-4.347226332151163,6.763537699439155
2539,-2.677834223233926,4.005539232947456
2540,3.0389869704611425,1.5449845139762037
2541,-0.9607786044709559,-4.633861249230279
2542,-3.5294103130929346,1.7709426228781813
2543,-1.7627835974328394,-3.2068201954583055
2544,-0.059638480865227717,0.43565069333516293
2545,-1.6927021250359888,3.2489605490943068
2546,-2.547305773221719,-3.7522184307793505
2547,-0.3115117803447123,-6.0333382542351615
2548,0.08943467286897944,-1.4429312403420336
2549,3.0671573176748876,-1.7824284489373095
2550,2.3571284308798437,-0.6269244606713182
2551,0.31097339538408564,-0.10686278893746204
2552,-4.6845228180520415,-7.646534627221001
2553,1.9209933772452001,-1.6870333607415087
2554,0.7694962516195898,0.7112578992625349
2555,-1.2252353534333582,0.6030798052331083
2556,0.24253617671800898,-0.6199232990960009
2557,-0.37715687903093054,-3.7376915867546923
2558,2.522012998140586,-1.9207865650872118
2559,-1.5631088719003077,2.0042393748541945
2560,15.491138268984091,1.4014076535483473
2561,-2.5045912966363306,0.6056597922822111
2562,-2.0531347498528834,-6.1715242321709525
2563,0.6464746489889746,0.8216289524813765
2564,-4.672829340421426,6.956184202887641
2565,-3.855259130918252,-4.327222054741753
2566,-1.0521319017045374,-1.3727459366539843
2567,2.5077417388327246,-0.6243236716011888
2568,-0.08397917004750921,-3.0036241467217333
2569,5.116980840242636,6.417734438635932
2570,1.1009419455893164,1.688030177809822
2571,-2.443273137532937,-3.2885338719109423
2572,6.8901837363608,5.967082792975532
2573,1.2116965546972875,-0.6420084889153368
2574,-3.1370620236031885,2.742254072882759
2575,-3.509736250364053,1.7638615910788649
2576,-1.3275454148881312,-3.940771287224663
2577,4.496846009767783,4.749360853888618
2578,-2.6275004849068995,-2.3310150559166796
2579,5.946953107393515,5.383962923743354
2580,3.5589120879538183,4.00957971260749
2581,-0.9874328479401941,-5.29805344893731
2582,1.6240644946463232,0.42455134176515275
2583,-3.9668187603585596,1.9889275376578444
2584,2.1130958094961767,8.582441622473823
2585,1.0556536212332372,0.8664770369311445
2586,-0.4615519002311106,-7.421941941521538
2587,-0.6730046451322909,-6.898773377678765
2588,-1.4325233802430506,-2.389004414818657
2589,5.437229444063437,6.6276295726081
2590,-4.046757648908365,-4.53356427504815
2591,-2.4504780277840967,-3.4107014591912157
2592,-4.280295084439981,-5.126040166161431
2593,-0.11815468522237493,-3.130902951500786
2594,-0.3082707926862116,-1.2656124289254076
2595,1.7272310748465185,1.2704022471686476
2596,-0.42029250713514044,-3.734697526238335
2597,-2.3096428618066187,1.137044543482887
2598,-0.11301652642415716,0.15934469745360547
2599,3.9101388945944433,-1.4513897354821093
2600,2.106809903658164,-0.5195013935784227
2601,2.1939361586935644,0.01035952017508679
2602,-4.2230994209878325,-7.048294728539361
2603,-1.6766863569848414,-3.9940888340691454
2604,5.431112576998007,6.6262004916449655
2605,-4.384818743192422,-5.038584416649712
2606,-5.126979540311563,4.7168119494696725
2607,-1.2635486230485315,-2.361714070580376
2608,-3.7760111794106836,0.7889265362998121
2609,-0.05051721187757208,-2.0693439896325
2610,-0.8676564499966974,15.392966562964546
2611,-0.38950487526582434,1.679602796294319
2612,3.0471723571188574,1.467137271620857
2613,-4.469990919553506,6.83891468689643
2614,1.8272252574331884,-2.60718840911187
2615,-4.5394916042916655,-7.484352296135796
2616,2.632607032335532,-0.09430158688820667
2617,3.377047349489463,4.064539009787666
2618,1.7905416980154638,-3.0209776814202196
2619,5.466483403719199,6.820634657599555
2620,-2.9139804348580713,-3.5404900963524706
2621,2.9326313033468847,0.5611564014931791
2622,-0.39853776546643926,-3.7333590443352587
2623,-0.5235524337969895,-8.228481000206841
2624,3.8559639945395117,-1.313229268334282
2625,4.43996458200289,4.601836973883735
2626,-1.2923068508736963,-5.07968825652398
2627,-2.3709264502160425,-3.476410811684502
2628,-0.2490105137460108,-5.528605645439995
2629,-0.12935609670804693,0.5334367473503225
2630,3.73312454370333,4.181821638800727
2631,1.6284263625509863,2.1693498437186354
2632,-0.2993478283517237,-6.076567834160699
2633,-3.2458154663674708,2.6591375415106886
2634,3.4812033667929296,-1.747538989327324
2635,-3.5988516316048975,-4.0378033573845755
2636,-2.3026642307870264,-3.5452441628197557
2637,-4.116590212308633,6.559039885260688
2638,0.5368574157126074,0.6781149004479521
2639,0.027200926817191107,-2.703769629738701
2640,3.5632370009787206,4.114774042822944
2641,-0.49718655573652937,-2.305888837120903
2642,2.8410408988363867,0.7158326451560133
2643,-1.719913671933877,-8.55729359938897
2644,-4.626465033017862,4.204710776068794
2645,6.4116075530417085,0.8427005653163069
2646,2.56612973359896,2.4621997420569532
2647,-0.07611383052991583,-1.571971362374199
2648,-2.820151995145547,-2.2870184834221727
2649,-3.1986159786813135,-4.486582463524712
2650,-1.9966349110238428,-2.6304249222496874
2651,0.060299982107413275,-1.3740571196297533
2652,-0.8748112723462458,-7.4837872441033255
2653,-0.34643362017797186,-3.672341531060112
2654,0.4485251202948217,0.8953266088744276
2655,15.493869592226279,1.3975858037253492
2656,4.2595031752951265,4.335518891074287
2657,-3.990985344373452,-5.069660371086968
2658,-0.03612435909436895,-2.298078006050957
2659,-1.0942485437028284,-4.353692239067925
2660,-3.9024950966470118,2.752097422339546
2661,-0.07134650202916815,-2.2430114205101854
2662,2.952769328630698,-0.8202324564675219
2663,-4.392340849363077,2.0879718606253737
2664,-0.2532129690282221,-5.494395917199029
2665,0.9521222606070165,0.12484153554640942
2666,1.6115866198904638,2.0862093512793654
2667,-3.2625503048531885,2.1479473655005568
2668,2.8556135192282324,3.226138645865547
2669,-3.4899410709969874,-5.388077920220269
2670,2.9000773921377783,4.709242159583198
2671,2.816845466173423,-1.321225946686638
2672,-0.24055797907041265,-5.62189788176812
2673,-3.584519098722207,0.6709520314713591
2674,5.543996144808066,1.068969423033821
2675,-1.1474576696984644,-0.4162067229966051
2676,2.10887293962313,-3.457701867363823
2677,-2.26853401514219,2.2129800860663527
2678,0.7614887252218847,0.4221895878096693
2679,-2.235644529782998,-6.1475469525078665
2680,3.2758059993155126,-2.715445702813042
2681,-2.281351159536111,-3.510588114998711
2682,2.9993136420614843,3.5549617354651564
2683,-1.5749123797051783,-2.0003921444634325
2684,1.5122068419821386,1.3463089411040419
2685,4.1006663337118745,4.169134432532417
2686,-3.0501484379403467,4.720178419806587
2687,-2.9292559132211085,2.481667334296333
2688,-0.6041446618966932,-7.692446416161431
2689,0.7752479806311254,-0.43584448649681873
2690,0.43612282422853754,-0.0812441165665514
2691,-0.11730883570836736,-3.425784772179497
2692,6.872617055452597,5.950871283270942
2693,2.064538766420615,9.776789957739936
2694,-0.9422465667359705,0.27034279153548413
2695,-0.25110958071874334,1.2886676733275526
2696,-5.787692259275186,5.146751696326362
2697,-4.48566264959501,1.1766636316557997
2698,2.411621619737876,-1.729753917000664
2699,2.4684396281607275,1.3156205360671156
2700,-0.023223768197762507,1.2373880092879408
2701,-1.3749576315514918,2.0317694489737623
2702,6.680209447420371,-3.3041290695885546
2703,-1.2058041200272913,-1.7808086331108934
2704,-3.1097442612283106,-4.723607247612847
2705,-3.413881252729165,3.2830923144599073
2706,-5.4248392090432525,4.870523268439399
2707,0.7536917224295263,-0.06314254357613391
2708,-4.185850571119058,6.640336329199897
2709,2.9098227515585546,-0.32493627621926136
2710,-4.150144766294229,2.6182597224494093
2711,-4.068374107801187,3.849579865195381
2712,-4.521457146131265,-4.508090203545464
2713,-1.7228785261742945,0.27226001963816815
2714,3.463435937441123,-1.6845099385002977
2715,-4.084824512922037,-6.761961167595757
2716,1.1450506940252905,-0.28259969308174915
2717,-2.91740412565397,2.4819219653388136
2718,-1.1737992868058558,-1.7583834583977587
2719,-4.92572088094877,4.2812250201483835
2720,-3.18207640501188,4.315743262030708
2721,-0.7370637163751002,-7.637275403283013
2722,3.4164124026663427,3.977357203223335
2723,1.1280839934713964,-1.1128862555245287
2724,-3.441063116513955,-4.98281735732354
2725,-1.687746833287942,3.227960402228462
2726,-0.5838622164212341,-6.596774285576714
2727,2.8409512534506445,-0.6958615238884813
2728,1.8291237845785742,-3.1407005245903856
2729,-0.6344164043896074,0.7440778558035963
2730,-4.4115406975381255,2.13901143715583
2731,5.648177911318076,1.0901256744643324
2732,-0.203173588239419,0.640389943577873
2733,2.510479976213706,-1.9745466168145067
2734,-3.908223579847085,1.9782349412222975
2735,2.5576589599020605,-0.6032446081856615
2736,1.8161869540579443,-2.988899415276421
2737,-0.819883029185998,1.515296394087898
2738,3.039042521990073,-2.7498502190331346
2739,-0.13062442394422247,-3.506666367791069
2740,-4.762078951322305,3.2467392031928175
2741,0.3020757332213049,0.6584476773520582
2742,1.7696598067648535,2.761468464591133
2743,3.2889917388327246,3.840917402960884
2744,-4.264082859479654,3.3808665816565626
2745,-1.142711888276803,-1.5667323525170214
2746,-5.147548387967813,4.396672064520942
2747,-3.1953150734536524,2.3333961312552565
2748,3.5000985160238867,3.8915937487860792
2749,4.457682897127402,4.463176066138374
2750,1.4317065968878393,3.769248301245796
2751,0.390633989847434,0.8030450885077589
2752,-0.3142832771174784,-8.631898587487115
2753,2.25432758477999,2.2404461447974318
2754,-4.205764959775674,3.942367607810127
2755,2.6135437980063085,-2.0902082379082567
2756,-0.3823657736413355,-1.8102089817742235
2757,-4.275777529203165,-7.119182294152154
2758,1.6169708266623144,-0.6267907078484423
2759,-0.08314908596204473,-2.8223761971215136
2760,-4.136268804990518,2.740468079306709
2761,0.6407610669500952,1.1778035108824843
2762,3.5275786414511328,-0.463569229386223
2763,-2.185108254873025,2.035579139449226
2764,4.791972447908652,5.0714285914679635
2765,2.993326474703086,1.4985335414191359
2766,-3.2919365868203516,3.2530308310767286
2767,-4.1335372433297515,-5.0982281620720755
2768,0.9994730248816137,0.5093508121451014
2769,-2.373147438489663,2.2283747737189405
2770,-4.252402018033731,-4.903576081536187
2771,-2.4897337660424586,3.8525033538123243
2772,-4.226216028653848,-7.064254468224419
2773,1.8037486567862158,0.7058387939711683
2774,-1.4691721305482264,-4.959559624932183
2775,2.296199132478965,-0.2660810406426317
2776,-3.844019125425088,-3.9476463253716356
2777,3.4924080863363867,4.830971533515083
2778,-1.6385836109750147,-8.5443674977044
2779,3.266846467531455,-1.5978116448143846
2780,2.4392838969595556,-1.4888721163491137
2781,2.537389565981162,-0.2695428784111864
2782,0.0974432125456457,-1.221592968247307
2783,1.8494258418448095,-3.086239760659111
2784,5.251934339082968,6.1646855418463815
2785,-4.266571949445474,-4.983614152214898
2786,-2.421495030843484,-3.620383923790825
2787,2.8697340979941015,2.54401951477729
2788,6.372156430757773,5.212398344733344
2789,5.087291528261435,5.626997286536323
2790,2.1596692099936132,-1.3408404047707445
2791,2.979328204668296,0.49044886798463994
2792,2.560655881441367,-0.45362258508004016
2793,-0.07896191927121832,-0.43623734071053333
2794,3.421901752031577,-1.6955599243859178
2795,-0.06266055556462957,-0.47533369614876575
2796,0.12618987706972407,-1.7902106697777636
2797,3.50866108087374,4.562986666419135
2798,-0.80528778883146,-2.0213882382134325
2799,1.7900877490408544,-0.8784768040398485
2800,3.6377232566244726,6.244832331397163
2801,-1.8921945795647974,-2.8457354958275682
2802,-0.1616447374455805,0.3632805366893881
2803,-0.16859940739797308,-4.246102040551079
2804,0.9802310958273535,0.7723045592089766
2805,0.6964504018194799,0.4329957050164812
2806,-1.4037683710687037,-0.3678954298714525
2807,-4.578267286741006,-4.346862500450982
2808,1.4189095988638525,-0.6155822928170092
2809,2.1012359156973486,9.240370089270698
2810,2.941693831957114,2.350948387839424
2811,1.7717977061636572,-0.017034714959037967
2812,-0.6460170924894686,-7.194005673668755
2813,2.054690171755088,9.68559961960517
2814,-0.19925771208928778,-2.71613878562249
2815,-0.8346765741937037,-0.6603773291329271
2816,3.999745179689658,3.819773966528999
2817,2.7752187743551855,1.5224485938330763
2818,-2.5811697945229883,1.347938830115425
2819,-4.83282537313627,3.997974688269722
2820,-0.49411862271355345,-0.21654326274193592
2821,-5.43880624624418,4.918430620886909
2822,3.5606945052511816,-0.4554264004448778
2823,-0.14898053857015325,1.2853444163581007
2824,-2.6108548149697657,3.6027827803870314
2825,-1.3463021621339197,0.539289238013851
2826,-3.2144591316811915,3.2254381720801466
2827,-0.25025067778752996,-5.126803105614556
2828,-0.7183824286095972,-5.743457024834527
2829,2.3295355334646826,2.745779806830513
2830,-4.259047935926187,-4.9141461308220755
2831,0.7435935035116796,0.5266587157627218
2832,2.5507150187857275,-0.5357593949059374
2833,-1.0000616714589472,0.9455950205107801
2834,2.043833781755698,9.8837330882331
2835,3.593846608675254,5.596042448737251
2836,-1.2348822459809656,-0.4643817002991564
2837,-0.3145433470837946,1.5901917760153883
2838,0.735414434946311,-0.5837225373009569
2839,4.864877034700644,5.177140051581489
2840,-4.696458052121866,6.953835303046333
2841,-1.617555330716836,-5.429738705895318
2842,-0.3700579360358591,-5.1424433644036185
2843,-0.23950565906690313,-3.740301793358696
2844,-2.871743629895913,-3.827182477257622
2845,-3.133481214963662,-4.43272084548272
2846,-1.181657920800912,-1.163123434327019
2847,-2.271177600347268,2.306289726950752
2848,1.2254093184836035,1.7113401238700026
2849,-1.7624465927712794,-4.239265626213921
2850,-3.753156612836587,1.8390120808859938
2851,-2.24181921335386,-2.354775136254204
2852,-3.2356621727578516,-3.853598778984917
2853,-1.3262802466981287,-8.49082917525567
2854,-1.1190381154649134,2.3163867537757032
2855,-1.8486297831170435,-2.54062289550103
2856,-1.4509952768914576,2.9784162585517042
2857,-3.4593154892556544,2.557437712409126
2858,0.46417646554781244,1.1508875434180372
2859,-3.2809588417641993,-5.134326642296685
2860,-3.0197100147836085,4.5823724810858835
2861,-0.7342927113406534,-2.3441824372033007
2862,-0.42863781305478765,-6.832981770775689
2863,-0.04756934496091558,-2.814205592415703
2864,-0.45003987404035284,-3.799493497155083
2865,-2.1173877224557276,-2.917944615624321
2866,-4.651747892820108,3.956943089224922
2867,0.6335673823721533,-1.6052784378746874
2868,1.8398359313376074,1.1277268473883741
2869,2.050514508760703,9.76572828934394
2870,-0.32053315194772436,1.750499898650276
2871,-0.7720071926944132,-5.952662652275933
2872,0.7836415067083959,0.6000675205966108
2873,6.083791543520224,1.00544005081855
2874,-2.9019948944680567,-5.326101964257134
2875,3.3836575045950537,2.772002274252998
2876,1.336465288675559,2.902738863684761
2877,-4.423245619260538,1.1943583433409803
2878,0.4118185534842138,1.0256472174903029
2879,-0.8758082792394037,-6.53803557708062
2880,2.3904226317770605,-1.664692824623955
2881,-2.2473109469048853,-2.85567850425042
2882,-1.5253924235932703,0.2978486661692732
2883,-2.5537254318826075,1.461243683554756
2884,1.8845425143606787,-1.2891983444908983
2885,-3.467211674176919,2.848224932410347
2886,1.8965652480490331,-0.20509720399178333
2887,-3.3051592812173243,2.7374077384253614
2888,0.1712220802672033,0.9182642345210188
2889,-1.0737038359277125,-5.274460976860894
2890,-0.5135962322585459,-0.27902550055779285
2891,2.968218137300742,0.03858306453429394
2892,-3.7811889156930323,1.9831948821326368
2893,-0.4528785899512644,-1.2449987585762865
2894,-2.0940105423562403,-2.638417666695488
2895,0.6230294003851538,0.7180315201064222
2896,-1.2223299846284266,-4.6637398655632865
2897,-0.48417567762063696,0.49483846695028477
2898,1.9239616885550146,-2.484249776146782
2899,2.75391369012667,-1.712791150353325
2900,-0.8828664526574488,1.8667404000540846
2901,-1.6180034384362574,-0.026023304007423587
2902,-0.34895185681508734,-2.62187928511895
2903,0.9430237307913427,1.4298138563414686
2904,3.8996923461325292,-1.427708690903557
2905,-3.5716950401894922,2.875595385291206
2906,3.281389285600913,3.8258383815070265
2907,-3.784350822889077,1.958556825377571
2908,-0.3202927962176676,0.8107384388228529
2909,-2.488711427175271,-3.3433417732933886
2910,-2.3901103243462916,3.6890793387671583
2911,-4.377010296308267,4.0923777167578805
2912,1.951266337908042,-0.29241401507653064
2913,-0.709202538453805,0.9294018392344587
2914,2.0696316256888037,9.755034739234077
2915,-5.027471254789102,3.784502798773872
2916,-1.3324633345239039,-3.676334565422905
2917,-0.920090536796319,-7.456010049126519
2918,-0.6137775808803911,-7.8368355686882865
2919,0.06818514016939448,0.2621554677268141
2920,-4.327887485944498,-7.186230843804253
2921,3.8681242957480078,-0.45569855525292224
2922,-2.955452631437051,2.446216875769722
2923,-0.634745377325284,-2.4655532295922167
2924,0.2991092100508337,1.1179332678099745
2925,-3.209681223355996,-3.7405068333367235
2926,2.1521177783377294,-1.789751475594414
2927,2.5605233207113867,-0.570415800354851
2928,-1.7629990086190577,-8.498362248680962
2929,-2.957988451444375,3.477127367713081
2930,-3.558245609723794,3.4856899325629347
2931,-4.2069391712777495,6.627131277777778
2932,-2.6267475590340967,-3.2305137570122606
2933,2.887698699510825,2.9383662287970655
2934,3.947233010805381,-1.4272744114617235
2935,-3.374781082593667,-3.8683306629876024
2936,-1.226466725789773,2.6153486315985792
2937,3.3167841925985937,-0.4245857055405504
2938,2.4381752505667333,4.25122051880561
2939,-1.9462719664208765,-3.714291280053032
2940,2.0947490229971533,-1.0181488449791796
2941,-0.05883167239354803,-4.571572011254204
2942,3.931747247255576,1.7422795836707228
2943,-0.43206403704808904,-6.045786565087212
2944,5.624555398500693,1.0575714056273573
2945,3.7165802016623144,1.6760191266318434
2946,-1.0945910319917078,0.8345199470301741
2947,2.7382402911551122,4.475991064765083
2948,2.49954562333895,4.3526433055182565
2949,3.671546746767295,1.6602746789237135
2950,3.532518197572959,5.507865721442329
2951,-0.8513205752007837,-6.324406808159722
2952,-4.058723638974893,1.2996400539656752
2953,0.39325486568285273,-1.2652667219857103
2954,-2.949126671277749,3.0573497359534376
2955,1.2559199824698095,0.10106458709441357
2956,3.305939246691001,-1.2682688887337572
2957,-1.7694851860635157,0.9187140707751387
2958,0.891044785059226,0.15173255846701794
2959,5.752894212282431,1.0911126081725233
2960,-4.653563211881387,4.207533890463935
2961,2.8262396350271826,2.6724248473425978
2962,1.531630803621543,-0.49688202693260974
2963,-0.7624721929662104,0.5320649986048811
2964,-0.29160530420469,-3.352028792641533
2965,2.823846389330161,1.4479879681845778
2966,0.22974412587953852,0.027964824893104367
2967,-0.5321792803935881,1.6882085149069899
2968,-1.8039265379540796,-2.2248095925072557
2969,-1.4490296945206995,-5.7409235890129935
2970,-1.2742147550217982,1.061514908530342
2971,2.236577321565879,2.9530096595069044
2972,2.7621028914816503,3.277389103629219
2973,-1.3243558511369105,-1.6751400883416063
2974,-2.831936548673379,0.8225395624419325
2975,2.4938681617148046,-1.7144541199425585
2976,-2.6286315426461573,-3.1877624447564012
2977,-0.26237390490697576,-8.474773114464654
2978,-1.0097877785794611,0.9171712045451277
2979,2.5090299144156103,2.4458987061759108
2980,-4.223185251676309,-5.043934052727593
2981,-0.5749135568969126,0.06360634610854321
2982,3.5431793227560644,4.174922043540107
2983,0.6104418530829077,0.24110781595908337
2984,3.4555395141012792,-1.7158982212761766
2985,2.173030187166465,-0.5525226052025682
2986,0.3212450638182287,-0.22662979914940662
2987,-1.8271903500192042,1.4062436764021986
2988,0.002355386293662054,-1.660228198311699
2989,2.9612534537680273,-1.3706991131523973
2990,3.315993835008872,-2.7405583317498095
2991,-0.6713776767485018,-5.195850079796685
2992,-2.899890135251748,1.4135585372229689
2993,0.4267690077192907,0.3938980606278055
2994,-3.1198355660073633,-4.764803593895806
2995,2.130761910951865,8.499914461829292
2996,-0.3372900888554926,-3.6337520535210497
2997,-0.1951414451234217,-5.251462167046441
2998,-3.9378976330392237,2.16620665238105
2999,0.7764611735708837,0.8813337926646345
3000,-3.6156575188271876,3.270196730353462
3001,4.552877713716757,3.36237888977729
3002,-1.7640093073480005,-6.441880410454644
3003,5.677246381319296,1.0763335172911757
3004,-1.0950184568993921,-2.4400309975365526
3005,-4.3484396443002105,-5.138834183953179
3006,-5.028490255796182,4.610115820624458
3007,3.6108954444296484,4.6422246043463815
3008,2.8824711337454443,3.9707735125800245
3009,3.2875056758291845,-2.71793002440728
3010,-1.4394486055009241,-0.4030141885498888
3011,0.07122420219255732,-1.8039950783470995
3012,-2.6207990154855128,-5.4913603718499076
3013,-3.811997126065957,3.458640391089546
3014,-4.6201941475503325,4.221221024252998
3015,3.7505977645285253,-1.152230208657158
3016,-2.392611812078225,-4.177743142388238
3017,3.3031726374991064,3.9777672831793898
3018,2.2251744761831884,4.065625244834052
3019,3.68061571267916,-1.6485931332329637
3020,0.4506756558783178,1.4534623567839735
3021,2.1884227290518408,2.6246638839026564
3022,6.851836015260947,5.932836825110542
3023,3.3409953608877783,-2.731821959755791
3024,-0.07988263221906378,0.18495287940703564
3025,-2.209685753308999,-2.407983487389458
3026,-0.6470555618636484,-6.560099309227837
3027,2.027480651415122,-1.3819901402214891
3028,3.4008896842367773,3.1205823962470167
3029,-3.2532255158059473,-5.534976189873589
3030,4.570458222902548,4.779175574042426
3031,-1.746805261098611,1.3766534273406141
3032,0.03498386291338251,-2.6072763855675585
3033,2.2860925689108496,-1.3321308548668749
3034,3.9455345168478613,-1.3779268915871508
3035,-5.196920584165323,3.411967570044624
3036,1.3968562379248266,0.024585569359885984
3037,-3.338035295926797,2.1283437554617994
3038,0.47197442201448725,0.6983659510394209
3039,4.073041249788535,4.0518503730078805
3040,-0.10161803218053533,1.6508760993262404
3041,-1.0967628464333887,-2.8038751538018114
3042,2.5659549727804785,4.372595364310371
3043,1.2778977647192602,0.34298743502103024
3044,6.347845841921103,0.7178667132636183
3045,-4.154057453595865,-4.869410699150933
3046,-0.983502368652093,0.6582957004090422
3047,1.8544629111654882,-0.3096044118622667
3048,-0.3700105205409403,-6.384706681511773
3049,5.830812741792929,0.3339242805620306
3050,1.8530719771750097,-0.8640404398659594
3051,2.1104960933096533,0.04220204994879895
3052,-0.08875219079183294,-2.3285333569268114
3053,1.0532726540930395,0.3896067310949438
3054,-4.555338571988809,6.854811484076606
3055,2.0971272483236914,8.654004389502632
3056,2.0056057467825537,2.7201183383246534
3057,-0.9098516807191248,0.6017779056807631
3058,-3.267037819349038,2.737326914527046
3059,-2.937804411374795,-4.833633130333794
3060,-3.168813656293618,-3.741024201653374
3061,-0.024894069158303278,-2.6498605663994677
3062,1.9874780669577246,-0.2028747852066881
3063,-0.02575487943814947,1.1447882001181715
3064,-2.5876028046243067,-5.217675870201958
3065,-1.6732577786080713,3.16419773743354
3066,-1.7909073338143702,0.7901420240183943
3067,2.6081095233328466,-1.0773218329171068
3068,0.27233086971117304,0.3491065447112196
3069,-1.6244376406304712,-4.668997948906792
3070,2.303240109956992,-1.7620915825585253
3071,0.5424585833914404,0.6393346433421248
3072,-2.4212281212441797,1.4921430890341871
3073,-3.958824108564126,2.100072080351936
3074,-4.611183355771768,6.90858774826728
3075,1.7447298064596777,-2.9608184750298387
3076,4.045875836885703,3.5695303027411573
3077,2.4749236598379736,2.7233396117468947
3078,-0.11985088440107061,-4.323807900689019
3079,0.30742674020601557,-0.4040006454209215
3080,-1.5281756028764124,1.107099646784889
3081,-2.9527737602822657,4.583835894324409
3082,-2.4986996159188624,-3.1861102040032274
3083,0.7265297665960913,-0.7597836907128221
3084,1.431764532602561,-1.0321012194374926
3085,15.502536584413779,1.3889647071143263
3086,-3.703046749555337,3.6400545184393995
3087,4.351967145479453,4.451474005438911
3088,-1.5314914092652674,-8.390930836937798
3089,2.0939703479178076,9.135565096594917
3090,-3.7530004486672754,-4.1300298626641165
3091,-3.819518040143716,2.8843899314185255
3092,6.632279206789267,-3.272054141304863
3093,1.2806092992193823,-1.0143540556649095
3094,4.092770387209189,4.106915528037177
3095,2.11259870675875,8.572720820166694
3096,-0.4482009366385813,1.288684839465248
3097,3.043333102739585,2.1840661113043898
3098,6.355134297884238,5.192513281561958
3099,5.159171392000449,5.818561846472846
3100,-0.9848916039101954,1.5169389788886183
3101,3.635148812807334,1.7031679694434279
3102,4.165989686525595,4.27813964531623
3103,-0.3740841105811472,-6.244755452416314
3104,-1.961978863202798,0.9674307052870863
3105,2.799866725481284,-1.2069099600533373
3106,-4.498071859800088,4.266567999579536
3107,3.192336370027793,3.4964085166236036
3108,2.157567311800254,2.964755827643501
3109,5.124883462465537,6.313253218390571
3110,-1.328143845521676,-0.2293052132347948
3111,1.2039366259939794,-0.23846573188103504
3112,-4.445497702085245,-4.131193345330132
3113,1.8168309226400976,-1.064417069695366
3114,2.026701737917197,1.1706491057654493
3115,1.6750820174582128,2.6493743006964796
3116,0.5791759982473974,0.6490154360314482
3117,2.444303323305381,-0.968536442063225
3118,2.5842192664511328,-2.036740248940361
3119,2.0892658725149755,9.626071268775092
3120,2.07267909196688,-0.5780046637276537
3121,-2.0502517923943873,-4.206202214501275
3122,0.672928501642478,0.008183294989692502
3123,6.36713915017916,5.228164011695014
3124,5.154354383028281,5.73709231064521
3125,0.040805448568594915,0.8008804862280958
3126,2.9549999728567724,3.228427225806343
3127,-4.3265704617135405,-7.1843158657769095
3128,3.3229878440268164,-2.74681300475396
3129,-1.251630972348916,-2.6241201813439257
3130,3.268166114366782,-2.7180690224388964
3131,0.37788294700456904,0.921117449261772
3132,-4.715304087125528,-7.681335156700982
3133,-4.090002487622964,1.8361435477515333
3134,2.912539292848838,-2.1142720635155565
3135,-3.4758088097207422,-3.7643100674370653
3136,0.3614083423979406,0.6962044482012861
3137,2.307690431154502,2.158563667990791
3138,-3.1478511795632715,2.601751143195259
3139,-3.3344218239419336,-5.4868742878655326
3140,-1.448624859773385,-0.3944755251625902
3141,1.5177953734762792,2.1612520758887404
3142,-0.2609213695161219,-2.69829792334832
3143,1.6601090922720556,-1.0318787749031908
3144,-3.1163458332650538,-4.58988112761773
3145,-4.52073402258085,6.883101278998481
3146,-0.901922892057168,-2.4139339382866747
3147,2.8690369620688085,2.982749039389717
3148,1.0847766890890722,0.4905252513369196
3149,1.0425400033362036,1.8212836329718702
3150,-1.9116605028741236,4.571982676245796
3151,4.023967076814902,0.34240807787381344
3152,-0.7594619646899576,-7.508307164452447
3153,2.649808694399131,3.161387736060249
3154,-0.3863049254052515,0.8321133796950453
3155,-2.2614583477609034,-2.9359480793694384
3156,-1.6264930472009058,-4.08349627806939
3157,-0.5500349048290576,-8.097938245079888
3158,-0.07538158746885015,-1.8335742409447557
3159,-3.105869482480752,-4.83929461791314
3160,0.7583407655127172,1.0776454751273268
3161,0.4168988361723547,1.1415886227866285
3162,-0.4457883194320078,-6.771811192772759
3163,3.3201149001486425,-2.6918825562218553
3164,2.0896947875387792,9.034694964148628
3165,3.7302968993551855,-1.1916514094094164
3166,-2.1478079065911646,-5.032608693383111
3167,-2.6808893189065333,2.373836809851753
3168,-2.700046490155923,1.1062275116225355
3169,-2.5795738205544825,-5.288297360680474
3170,15.51000385431124,1.3814278785964125
3171,2.3834407821066503,-1.7266659195641405
3172,-0.18619532438443853,-2.2023925240258104
3173,2.512579013384116,4.382404381491767
3174,-3.6804339394204493,-5.242675011895074
3175,-3.9563836559884424,3.7517109458228224
3176,-0.8988927707307215,-3.2976829464653856
3177,-0.518235068046319,-8.030426686547173
3178,-0.7821286723248835,0.45074248066038125
3179,2.005075503862632,10.122852617957221
3180,-5.125577639066446,4.392711216666328
3181,-2.4758774742715235,3.823458725669014
3182,2.9595561519034033,0.5242366214176291
3183,-2.285656760656106,0.6614113544007414
3184,-1.3323036536805506,-5.9641997273186576
3185,4.415202428377402,4.724746042945014
3186,-1.233732591592538,1.1719112341185682
3187,3.5777228370077734,-0.459632461808098
3188,2.362737466371787,-0.647246306679619
3189,-3.5654608711831446,-4.444339936516656
3190,-3.0300085053079004,4.596229368903266
3191,1.0002105727560644,0.14906787321768933
3192,2.7649388804800634,4.417370373465644
3193,0.6897933974630956,0.7971182708521956
3194,-0.12436981054471685,-4.353210156700982
3195,-1.8763079151742335,3.3711143080969923
3196,6.244113732851279,0.9761807267447584
3197,-4.763449858152139,-7.7413250859002005
3198,0.37001829294039057,0.5004777965029352
3199,-0.12016672941373541,-2.7491247112969286
3200,2.256958295381797,3.5852072779914015
3201,2.106584359682334,1.7447468583365553
3202,2.9065073027975683,-0.7279608900765306
3203,0.3431264057524328,1.6773802582999342
3204,-3.6715073094003077,1.7963218037863844
3205,2.0867963328726415,8.961058909155952
3206,2.7013023391134863,0.04514789030753308
3207,-4.552313993894327,-4.261801903984917
3208,-2.6927852139108057,0.8736770992060774
3209,-3.157490919553506,-5.301822369835747
3210,-0.1644830808274622,1.1035465543051832
3211,2.302058507478965,-0.8961712773064501
3212,1.9285696044333105,-1.2743739540795214
3213,-0.21395219417737676,-3.72256345107354
3214,-2.4326855644814844,0.8068332617064589
3215,-3.063494871579873,1.5788620059271925
3216,4.503288079775107,3.2967222277899855
3217,-4.5321635708444,-4.224369710228814
3218,-0.48920595946239187,-8.514736836693658
3219,3.191141177690757,-2.6359579022148973
3220,0.5425566926367407,-0.3172900135735399
3221,-4.952423284970987,4.528043562628852
3222,0.8007699742682104,-0.5087432320336229
3223,2.691137362993491,2.8442304675360792
3224,2.768383790529502,-2.086969321511162
3225,-4.153994272672403,2.7669141833563917
3226,5.719559480226767,1.143352145411598
3227,3.6895378127462988,0.3203331177016371
3228,-1.2641876444451685,-3.733591740868462
3229,1.2370094552405004,-0.08683020427025623
3230,-2.81991762968229,-4.154081528923882
3231,-1.4731597408883448,-5.748936837456597
3232,2.8922889724142675,4.708173567511665
3233,0.021981824911368353,-2.366651004097832
3234,-1.2307117685906763,-1.708758061669243
3235,1.985317279375327,0.25371795342169934
3236,-0.15413875433133795,1.8584069554587477
3237,-0.24476958366559698,-1.4609852488259203
3238,5.925207902467978,1.065521949984657
3239,-2.2434110149972315,-3.443071549675835
3240,-4.075658510648477,3.6074550692816847
3241,0.761419106996787,0.6043282245179289
3242,-2.8382246002786036,2.38300090477668
3243,-0.4966577992074366,-8.182289784691704
3244,-3.0849337086312647,-3.6256110127190477
3245,-4.106303165876138,-6.801336949608697
3246,5.672533322847617,1.0738019292136305
3247,2.1451273455984716,2.9526086394568556
3248,2.2202590003378515,2.856011921622383
3249,2.095779229677451,9.106375033118354
3250,-2.131800363980996,-2.807079022667778
3251,-1.0838024124734278,-2.563417142174614
3252,-3.2084900841348047,-3.898950284264458
3253,1.8941567435629492,-3.2060734684685595
3254,0.4138851061232214,-0.7190392668465502
3255,-2.6409892544381495,-4.541468327782525
3256,-1.9381573900811548,-2.634529774926079
3257,0.3675681248076086,1.4210689012786024
3258,-0.4737387553088541,-6.409579461357964
3259,5.899163056886923,5.405908400275337
3260,2.656408359087241,-1.197252934716118
3261,1.3974022164709692,1.9989367072363966
3262,0.7455306544668798,0.6660881881495588
3263,1.0831298127539282,0.9599510376235121
3264,2.9019024863608007,-1.7122435028771288
3265,-4.372182081662881,2.481345707633125
3266,2.3674150004751806,-1.6645411904076464
3267,-1.8660779699914332,-6.435996239922417
3268,2.7538970008261328,-2.1426393444756395
3269,5.187616635835898,1.0048829858084791
3270,-1.922813366376626,4.578971678473579
3271,1.8346338763601904,-0.06471032454766101
3272,3.135177184618247,2.8514924590369337
3273,-0.5191567197673197,-8.213108723900689
3274,-4.441871117078531,6.440470988013374
3275,2.955043841875327,3.067165667273628
3276,-1.8725277886025782,-5.464955991051568
3277,-2.8338458046548243,2.5524828974982374
3278,-1.7667142853371973,-3.171441500924004
3279,0.40129714158846186,-0.057434981606376834
3280,2.1557801261313085,-0.3009510095337755
3281,-3.001905153714883,4.530667597510444
3282,-1.1110796436898585,-1.2055110390404589
3283,0.43290274289919184,0.8116367404242628
3284,3.0394800200827246,-2.4886309559563524
3285,-4.641036222898233,-7.605717366478814
3286,-1.242534647905099,-4.516339486382378
3287,-4.613743971311319,-4.389904683373345
3288,3.2206678882010107,3.3084695880194777
3289,3.603479196108115,3.4206641261359327
3290,3.5412753119833593,5.566552931525337
3291,1.0114901557333593,0.05911972568236523
3292,2.6303232207663183,2.8278344218512648
3293,0.48549704698396967,0.5023736004611128
3294,2.1432402625448828,-0.9058552439431078
3295,1.1097673669226293,0.8285532240649336
3296,-0.9136311218373652,1.555045420386421
3297,2.5282052054770117,-1.0644442494133837
3298,-1.4257363185517664,-1.615397399208916
3299,-3.028200100385415,-5.1488801892022025
3300,2.554765988863242,-1.0367677862862474
3301,-1.1622978553407068,2.4849505965491407
3302,-2.798134993039834,1.5731820409079664
3303,2.089947511232627,9.62606936142646
3304,-0.04107744547055914,-2.6018766815880663
3305,-3.1305448517434473,4.195172840811836
3306,4.020252038515341,0.31692082629405194
3307,3.5469234481222753,-0.4257481153229601
3308,3.2279449000723486,-2.7291428501824266
3309,0.4452704086668615,-0.17744649007119007
3310,-1.6997605070702906,3.2812598292609327
3311,3.0418620601065283,-2.2108601982811815
3312,-2.908759067975747,2.3984367196341627
3313,3.1466477408774023,3.6646023337622755
3314,-3.3699297413461085,3.399441296317207
3315,-4.107548426114786,2.8606615607520216
3316,-1.2865405783288355,-3.503219550392998
3317,-0.3670760497681971,-8.702368443749322
3318,0.346980859316123,1.9523320739050978
3319,2.226213265932334,0.038239443757163816
3320,-1.1113252744309778,2.418741995551216
3321,1.0378591313727026,1.7044272963782423
3322,-0.2529722556702967,-3.3341249878624803
3323,3.8081143393881445,3.9928095881720655
3324,2.252125312364829,3.2216497008582228
3325,1.7357147231466894,0.12091677830420666
3326,-2.889764736615884,2.8813410346289747
3327,-3.459385345899331,1.7313576285620802
3328,-3.634302805387246,1.2389301602622145
3329,3.9114768996603613,-1.4425461943367845
3330,15.547364999330771,1.343795055605995
3331,-2.3988351330392237,-3.4589957649926073
3332,2.4951940074331884,-0.49204159333504505
3333,2.8182490363485937,-2.2080664093712694
3334,-2.6251956925027247,2.3870252911826246
3335,-2.557687233411538,-3.2231378014305956
3336,-1.0240102216832514,-1.1091491635064012
3337,3.6496184363730078,1.672836119391548
3338,1.734298278368247,0.09693499849044018
3339,-0.8486807152860041,-6.930727666161431
3340,-0.70606022628473,15.58605414078437
3341,-2.3791110024087305,-3.447745507500542
3342,-4.266255329572427,-7.12340802504815
3343,-0.7077170118920679,-0.6886159832695848
3344,-0.41148383470700933,-7.106418317101372
3345,-3.3806743130318995,-4.3868047650078665
3346,2.7573307052023535,3.5613263194342726
3347,3.7482927337057714,4.161248261191474
3348,-2.4120490059487696,3.6640554015418165
3349,-2.16719705911802,-5.067912286064995
3350,2.3181798949606542,3.661661679007637
3351,-5.790522287809122,5.136267000891792
3352,3.4035170569784765,-0.49364734246529407
3353,-3.6984307274453516,0.7052878682395094
3354,-3.0048620209329004,-4.600778287194146
3355,-4.124960611783731,2.8544095103522413
3356,-1.3536992177598353,-2.2177454884270555
3357,-1.01678721162008,-5.181491082451714
3358,0.7848760381109838,0.43132441685401135
3359,2.8914509311087255,-2.3141056950310595
3360,-4.818179796659219,3.1550269667883986
3361,-3.086082170926797,2.9794564788123243
3362,-3.3810801014535303,2.853730732657539
3363,3.359387923753989,3.850682789542305
3364,-2.0264758572213526,-3.091227238915337
3365,-0.6592169136040087,1.843346053816902
3366,-3.8885342583291407,3.671392733313667
3367,1.3661758199103002,0.64860031948291
3368,0.26034473327471064,-1.6695391590813524
3369,-1.5311251983277674,-5.3055388386467826
3370,2.272217084444297,-1.1132198031166918
3371,2.807272721803916,-0.35644960953987903
3372,6.889931489504111,5.96743088410102
3373,0.44733922628237055,1.629377776839363
3374,-0.5701019048921938,0.6164785121461027
3375,-0.7813951775662775,0.41757700414262944
3376,2.653773833788169,-0.05284810616768665
3377,-1.6417291864983912,-4.980736439965142
3378,3.153647471941245,3.0036500041266554
3379,-4.191190432035196,-5.048821156762017
3380,-2.7844826683633204,0.9527029340048903
3381,-2.435874055349099,-3.4510452206353075
3382,-3.4305827126138086,2.7083080355902784
3383,0.7173091664679174,1.0294803921958082
3384,5.7975986495382905,0.3266342525263899
3385,-3.4520997509591456,4.065918261267768
3386,1.3138897910483007,-2.457985823891533
3387,-4.418454597913492,1.2335327212592238
3388,-0.040298770391213434,-1.3245291168908007
3389,0.7453037991888647,0.5207532365699881
3390,-4.168156813108194,-4.7717792446831595
3391,1.94213013795687,-3.2574936802605516
3392,4.315672208345664,4.455924326636421
3393,2.9684417739279394,3.8069532458563917
3394,5.480724622286093,6.684131437995063
3395,5.463976193941367,1.0495752041121595
3396,3.8960893645651464,0.3639504109402769
3397,-0.5180567011468287,-7.698014920494927
3398,-1.6156559691064234,-8.485687917015923
3399,-3.5464322075478907,-5.272116368554009
3400,0.33880882409883784,1.236829871394264
3401,0.7235229506857519,0.7096161489268416
3402,-4.764424990140665,-7.741492932579888
3403,0.8171461120016699,0.8153785114070051
3404,0.005264212167990667,-4.758943742058648
3405,0.0477077856428747,0.577612126328575
3406,-1.1960169777505274,-5.968926614067925
3407,-4.3861147865884185,1.2527336423178785
3408,0.9951829209692602,-0.4764009173134691
3409,3.20873170045687,-1.916998332283867
3410,0.06169788984133051,0.23672757492266827
3411,3.0085793033011083,1.5202947203894728
3412,0.3537130847342138,0.7649957780619734
3413,-3.3838932022683497,0.6887599323769682
3414,1.9525385394461279,3.0780754630347364
3415,-0.6037414066724653,0.3562947009583586
3416,2.4795849814779882,2.8472071234961622
3417,2.6190608039267187,-0.3204513247231371
3418,3.206055451906455,3.5345151965399855
3419,-3.3107797608010645,-5.616031354210747
3420,-4.115235994779336,2.7109590117713087
3421,-3.071865747892129,4.709775263526069
3422,-3.497119139157998,2.3587785308142775
3423,2.7719183459646826,-2.2020854408959276
3424,5.1015818610556245,6.459853464820014
3425,3.8014972701437597,1.6886202637930983
3426,1.8197372451193456,-1.5368920023659594
3427,6.6768687262899995,-3.302451794884575
3428,-1.4755697354905482,-3.012631123803032
3429,5.84384756234957,5.409712130286323
3430,-3.4468533501260157,-3.915061658165825
3431,-3.2388641342751856,-3.9267599041680223
3432,2.571590234316123,2.8487809245368116
3433,-2.6355571255318995,1.3286641185065382
3434,4.816974450624716,5.095235640265571
3435,-4.362239788495767,3.0214651171942823
3436,0.7666062608130102,1.0658090059538954
3437,-3.25507707449125,2.2944435422202223
3438,0.7451963916189794,1.4005237166663282
3439,3.771785546816123,-1.43574065520562
3440,-0.7538734033934946,15.527028376319038
3441,3.4172971740133886,3.0144744460364454
3442,2.811972428835166,3.2424295489569777
3443,2.9831138148672705,-2.3924416954735643
3444,-1.5610492930047388,-5.066007798455132
3445,3.617484380281699,6.273303324439155
3446,2.855847169435752,-0.7311978991249926
3447,-0.850541125261056,-0.5525078232506639
3448,-2.3809086784951563,-1.9204334671715624
3449,-3.0008620724313135,-4.799380486748589
3450,-4.261762569867837,4.072495753028022
3451,-5.386180113279092,4.862340265967475
3452,3.5144742026693945,4.862802321173774
3453,-1.470363210164773,-1.9331886227349169
3454,3.6231802001364355,5.68713884995185
3455,-4.31288809629606,-5.053556626580132
3456,5.605005075014365,1.0825483147879713
3457,-0.8685905143849726,-3.466817086480034
3458,-2.866508434736001,1.4822212998648756
3459,3.2391875281698828,-1.6911215241173632
3460,-4.7330691322915435,6.981747919776069
3461,1.8739762797720556,-3.16619080855645
3462,3.8298924460775976,4.5813677851935495
3463,-0.040038834535347956,0.6204247866650694
3464,3.609079648531211,6.055110270239936
3465,2.241125155962241,-0.7416403944710619
3466,2.9630358710653906,0.5682813842674368
3467,0.8202311292059545,-0.3937021548966295
3468,2.270180274523032,4.1377103869696725
3469,-0.2823935851685877,-5.682762330315484
3470,-3.976301620923745,1.9617935960074537
3471,0.010295201814902288,-1.4704341347435839
3472,-2.9281484589211817,2.863638931967842
3473,-4.176930139981973,6.636573607184516
3474,-0.4352788955204363,1.4329675977011793
3475,2.8676748767264013,-2.311444705269707
3476,-0.9759540662400599,-4.607099717400445
3477,3.682190705812705,-0.43906432940758533
3478,-2.230653952085244,0.6724272911330336
3479,-4.323913525068033,6.751483732916938
3480,0.7591616406805639,1.2627586071272963
3481,1.7678273215658789,-0.07079291894234485
3482,-4.330670307599771,-7.183124726555718
3483,1.3558249965078955,-0.7257686312416918
3484,2.776053239382041,2.6660903041144484
3485,-2.6702582344643946,-3.3348040039757616
3486,3.247486640489829,3.2017653529425734
3487,3.2200963988669042,0.12644832775794201
3488,1.045429517305625,1.2260031645079725
3489,4.453121949709189,4.652134711005317
3490,-3.3940321907632227,-4.175605958245171
3491,-5.853126715146768,5.196754271247016
3492,-0.2645556137196894,0.4612159892810159
3493,-0.48774309756683065,-8.258186047814263
3494,-0.05142963977979376,-4.413741296074761
3495,-1.4293092593781824,-0.3526610787133104
3496,2.369347859895957,-1.3408234770516283
3497,-0.03295446487592413,-1.7609607632378466
3498,6.3961961760885835,0.8476537410994642
3499,-2.599545191251504,-5.33285683944024
3500,-2.7557806477181788,-3.4236986096123583
3501,-5.373740385495889,4.8500421588202585
3502,-4.097299288236368,2.276663834311592
3503,0.43937193301988886,1.0704369489928358
3504,0.5081027045614843,0.6503845100184553
3505,4.884832192934287,5.24107533142768
3506,1.2672403350241308,0.5912712608357542
3507,-4.318858574353921,-5.142745679161919
3508,-0.6438955694668169,-8.074001019738091
3509,1.9703817859060888,-0.33647651030815906
3510,4.32911138681246,4.520886236884223
3511,-1.7344624504678126,-2.5547887737969286
3512,3.0050070777304296,2.639975840308296
3513,1.3107053532965307,-0.01853958322800464
3514,5.419634152925742,6.598725134589301
3515,2.3694684996969824,-0.6241827662209398
3516,-5.0710913643472075,4.678735071875678
3517,-0.30930102916883184,-8.731289571068658
3518,0.9035077586538915,-0.4348575527886278
3519,3.8897374167807226,0.35918299303256207
3520,-0.857495288573968,15.398884112097846
3521,1.4449873462088232,0.6276015286227339
3522,4.99453001169039,0.9842306916495436
3523,-3.614824722730386,2.337908322074043
3524,-4.90504331442045,4.509235674597846
3525,-4.177694509946573,-4.885765736840142
3526,-4.494497965299356,6.885045344092475
3527,1.9461544051535253,1.0798724834700697
3528,-0.4874162107937212,-4.417045777581109
3529,-0.10483903738187506,-2.302700942299736
3530,0.427344788587821,1.33909403727256
3531,-0.3526178851954813,-1.128247683785332
3532,6.84452419427706,5.936054999091255
3533,3.2700689330465917,-2.7008552010277636
3534,3.6072242751486425,1.6392137353201979
3535,-1.3241916403405543,-1.6759359295586473
3536,-1.7705226645104761,-5.155956452629937
3537,0.5399243131048803,0.7176041250010603
3538,-0.33102492543386175,-4.091940587304009
3539,-2.196379016362893,-6.1048104222039115
3540,3.288952876604331,2.8173995558997267
3541,-5.695434759580362,5.080624872901069
3542,-0.7321717992656107,-3.103657668373955
3543,0.3724695339567785,0.40346745223604374
3544,4.587110806978476,4.705234820105659
3545,2.4331968322165136,0.6711480562468641
3546,-3.220077703916299,3.239052111365425
3547,-1.7783036932580347,2.1634915416022413
3548,-3.2535809979073878,2.6626065318366163
3549,-0.5126591429345484,-7.790390675804986
3550,3.006181289232505,-1.5716580803612596
3551,3.586923886812461,4.036602551200019
3552,-4.27471203657316,-7.11332387282647
3553,-1.1376432284943934,-1.8179819042900927
3554,-1.0649136409394617,1.513259941794502
3555,-3.9003395542733545,-4.336880868218316
3556,-1.6816322311990137,-3.0743505413750536
3557,2.484185744798911,4.365227991797553
3558,-0.5962176837258215,-4.792398160241021
3559,2.6957152381308203,4.312099987723457
3560,-4.551021526777017,-4.582767194054497
3561,3.892360974825156,-0.4834395702103502
3562,4.262050916231406,4.367015415885078
3563,1.7411368384726171,-2.8632652218560106
3564,-1.9605541929833765,-4.759485905907525
3565,0.2544911995298986,0.3196996693392866
3566,-0.4050437763564463,0.15311049864493542
3567,3.5267098441488867,1.6506614033957594
3568,-0.39670840951131536,1.0030877535124891
3569,0.5332655206091528,0.7413054351588362
3570,3.0826573863394384,1.474798256613838
3571,2.620045472658408,-2.106573289177788
3572,4.907983590639365,0.9523696248313063
3573,1.0503827824957495,1.371866459109413
3574,-3.501536558591592,-3.6271545346001512
3575,2.0717063441641455,8.86317759201728
3576,-2.366775701963174,-3.772622292778862
3577,-1.0022946998708124,-7.569929784081353
3578,1.9456689849264746,-0.19493872477806873
3579,1.8231962218649511,-0.9066672976235277
3580,-1.8496660694711085,-2.430946772835625
3581,3.5332491889364843,-0.4914485867241747
3582,1.973466683901084,0.23110375747882062
3583,1.3000464930899267,1.5269595925589674
3584,-3.7713202938668604,3.536209160544502
3585,3.2593188777334814,-1.2482264693001635
3586,-1.7817559942834253,-5.4827472622612845
3587,-0.42738753112481787,-6.628464883110894
3588,-0.4744743734829302,-2.927977031014336
3589,4.171236802614462,4.182872349478828
3590,2.647478152788413,1.3556158487578505
3591,-0.19723896237539007,-5.7420880253533255
3592,-2.9226009354226465,2.4668465201636427
3593,1.840680171526206,2.3888385836859816
3594,2.080644179857505,-0.5767324621895678
3595,-3.76388997884916,-4.296674912712945
3596,0.6380792155630712,0.7584667150755995
3597,1.7910669341452246,0.3211958055277937
3598,-0.021306465589272516,0.5300313775321119
3599,0.7864631905920629,2.5953674857398146
3600,3.8040206923849706,-1.2948244269112474
3601,-0.5326862868152733,-2.6943354065636522
3602,-0.03563691230939581,-1.6046134884575731
3603,1.483415414369834,2.0508241002341383
3604,5.426759053743613,6.598353201605903
3605,3.172326137102378,2.054506475188362
3606,3.3047500148184423,-1.2586265261391527
3607,-1.3909358486764307,-4.9479853565911185
3608,-1.646577547513711,-8.503266042015923
3609,0.7623507275946264,0.6773242895384901
3610,1.9331880107290869,0.2748241071482771
3611,-5.807049463712442,5.158970171668159
3612,2.2185988917715673,-1.798568909905327
3613,3.33340268281771,3.3458574359198683
3614,5.650086213625205,0.4039877672573202
3615,-0.8697921142213221,15.394153887488471
3616,-0.6713833689920778,-7.779182141564263
3617,-1.0190754637353296,-7.6065031941155326
3618,-2.4976925358407374,-2.1310657913903124
3619,0.5397253528006201,0.7568415348311537
3620,-3.1510622009866114,-3.636724656365288
3621,-4.108040522062051,-4.001006787560357
3622,0.36401407865358637,0.003364855506049924
3623,-0.43013847174571707,-6.144530480645074
3624,2.218244124925864,-0.9466843064049608
3625,-5.444862554990518,3.436754519202339
3626,-5.403094957792032,4.886159712531196
3627,-0.5515844420062552,-0.01450390174187488
3628,2.0151319995291357,-0.6629355604866869
3629,3.609314729250205,0.29915929780207806
3630,0.6459737315542822,-0.13317126586235828
3631,-0.6837496116988535,0.6881055776854628
3632,-1.666433881246316,-6.136621182701958
3633,-0.09926200958417608,-1.6023246700981981
3634,-3.413296888791787,3.3888991420050734
3635,0.7750272050268774,2.3903177325507277
3636,1.1435014500982885,0.640580812551605
3637,-4.56798858495878,-4.334442799828423
3638,2.4411550059683447,4.23560624764167
3639,-2.0724778875939722,0.7439336125632399
3640,3.8675344481833105,4.144644314505683
3641,1.9593680396444921,1.9584142510672682
3642,-3.539315412961709,-4.002645676873101
3643,3.2595563426382665,-2.663174575112236
3644,-1.2779247865311976,-1.3108423407296068
3645,2.560664702928794,1.327326709487068
3646,1.5992422595389013,-0.9437462742546923
3647,2.7596412196524267,-0.7035927231530077
3648,2.5047696128256445,-1.9375256951073534
3649,-3.1900031075112696,-5.411534016869439
3650,-3.898150156461465,-4.346912091515435
3651,-1.6195950016610499,-3.8228718693474657
3652,-2.6694247231118555,-2.254949992440117
3653,-1.302810321771371,-8.390048688195122
3654,2.292614509142173,-1.0186914856652147
3655,0.44521700290514277,1.08597325728141
3656,1.7034228339560156,-0.9661305601815111
3657,3.5313694968588476,5.0037568156500924
3658,2.351664592302573,-0.7618395741204149
3659,-4.166709373914468,6.627132231452094
3660,-1.0282006666295405,1.7861663644095533
3661,-0.4752312630646105,-2.3782727177361376
3662,2.6502919688589697,-0.5840779001931078
3663,0.31871365455461786,0.7075383310099714
3664,-0.7221321717135782,0.5511483047982328
3665,-3.3938104614846583,1.7177118603964918
3666,0.39344011691881464,1.0667782966872328
3667,0.594742466486228,0.7759379093428724
3668,-0.04773349615262701,-1.5508660729149706
3669,-2.67400379034208,-3.2665359432915575
3670,1.2050922408468847,-0.8203654940346605
3671,-1.1271352872483607,-5.069122021935357
3672,-0.33745106609986975,1.5282099787970655
3673,-0.5149215229086752,-8.256140416405572
3674,-2.9693514809243555,3.4835691993018263
3675,-3.498982857190835,2.7795265261908644
3676,-0.020890007936226862,-4.459599202416314
3677,-1.9106071695916529,-6.375055020592583
3678,5.717854310549033,1.1104308907767408
3679,-2.265211890660989,-5.760259812615288
3680,2.1846168532736425,-0.5921537335137255
3681,-2.4644835695855494,-3.4867858345726854
3682,2.590675164736045,2.9885483329077833
3683,-2.878862808667886,1.2930794303198927
3684,3.360972215212119,-1.617306178353203
3685,-0.8857916102044459,1.04035216019355
3686,2.1987538829214697,-0.16372794463433094
3687,-4.218387554609048,2.1365322415610426
3688,-1.4025284156434412,1.5386967007895582
3689,-3.3126861557595606,-5.085873788140191
3690,-2.2737452492349024,-3.068743413231743
3691,2.5428436293966894,2.9254570548316114
3692,3.5041640296347265,-0.44745708062447376
3693,5.580385018862021,1.1141644065161818
3694,-1.760213087522256,-3.5058848316887743
3695,-1.194334875070321,0.5549568329831236
3696,-1.8152967199914332,1.4327753727217787
3697,-3.3748664364449854,1.6345304791709059
3698,-3.0272156700723047,1.5556325261374586
3699,1.9077995314962988,-0.860492532990349
3700,-0.9754344925515528,-1.9001426155785448
3701,0.7598404183752661,0.9392935280581587
3702,-4.313293646299112,-7.165795987389458
3703,1.2389443412191992,0.22807903037272625
3704,-0.04084713312314703,-2.428815549157036
3705,-4.765500257932413,-7.743606274865044
3706,4.009250928438437,0.34984436825715237
3707,1.8691797747976904,0.10120945618354016
3708,-0.4915451511971827,-2.9028114731530077
3709,0.2174310579664831,1.137973899104225
3710,1.881111194170249,1.9169768636008375
3711,3.0018187060721044,-0.6297567541817553
3712,3.937655736482871,1.7568814103385084
3713,-0.4608148962490435,-2.6757530625084764
3714,5.337533284700644,6.44002085373603
3715,0.7423522963888769,2.4502966944953077
3716,0.016083110845816595,-4.717527573845757
3717,-4.429507444822061,1.2132168953200453
3718,-2.579687546216714,1.3554122988959425
3719,-0.5050816230707045,-3.1658749039391405
3720,0.20548652557207392,-0.036441599867714114
3721,-3.64181966634916,3.6979559008856886
3722,1.114188005007041,0.38801850573025876
3723,-3.7515282139413233,1.9329228942175978
3724,-1.7165644869439478,-2.242852872155083
3725,-4.2942897781960845,-7.139259522698296
3726,-1.1539074883096094,1.6319885794898146
3727,1.6742275252707128,-0.9678863938073046
3728,2.2073708072073583,2.690665299155342
3729,-2.7775785431496973,-4.289543336174859
3730,0.046531368768942816,1.5677587334891432
3731,3.29733352807833,3.360355431296455
3732,2.175819922960532,2.486486489035713
3733,-0.4607484594218607,-6.964046185753716
3734,-4.613230894529092,6.8645732943793405
3735,4.381468583620322,4.563332373358833
3736,3.941827107942832,3.902281100012886
3737,-1.7508053288094874,-6.391663735649956
3738,-1.6381391987435694,-2.0014225895623095
3739,1.0396265282995825,0.153691375710594
3740,-0.6937587663762446,15.59834891007148
3741,-0.678843925916421,-4.769569581292046
3742,-1.4503573879830713,0.9554076139708632
3743,0.9045421376593237,-0.9325086529473192
3744,-0.29760308118985845,-2.0667094643334276
3745,2.328506042040122,3.6649869029303663
3746,-2.200500200711953,-5.21524209334649
3747,-0.33539254518674566,-8.337697690270318
3748,0.4520298734076147,0.28709087715350323
3749,-4.596864412748086,4.186235481955634
3750,1.4029281630880956,1.2944254820128553
3751,-0.020358274900185602,-0.23361117198265857
3752,-3.364827106916177,2.1408933942099684
3753,-3.7448803887002344,0.7574745659609907
3754,3.773452569521201,3.7094233577033155
3755,-3.0662590965859766,-3.627837365410698
3756,-4.941055010282266,4.53404694245063
3757,3.7556832328207617,3.69239335701667
3758,-3.6583039269082422,2.464701229788887
3759,4.815511514223349,0.8542577867289656
3760,3.128094245470298,4.227180058219062
3761,-5.095127771817911,4.431670958258735
3762,-4.5672180161111235,-4.3974530155877005
3763,6.3350399032004,5.247117335059272
3764,-4.148865173780191,3.8870449607154005
3765,-0.6928644731871958,1.9751016442557447
3766,3.903069783724082,-0.4912295396546251
3767,2.468621303118003,-1.5139131005028612
3768,-3.7938637241952295,2.201791221358406
3769,-4.9612609848611235,4.035646492697822
3770,-4.552316139661539,-7.4983651097039115
3771,-0.600305210077035,-6.36193341567315
3772,4.302779962099326,4.609287077643501
3773,1.949125815904868,-1.0422001536110765
3774,-2.400188754522073,1.68660300419532
3775,-4.7695118889443755,3.1508412902136915
3776,0.01402156499697016,1.2799470965643995
3777,-0.5627282310508366,-6.517197316429986
3778,0.9634186520941381,1.5530170743247145
3779,2.0745070472128515,9.654509836890327
3780,3.592407514131797,5.722146326758491
3781,1.4615540995962744,-0.8123453314522631
3782,-0.0996141240231867,-1.2761647160271532
3783,-0.2495007023446436,0.853065634228813
3784,2.1018133654959326,9.490424448706733
3785,3.6103351607687597,6.287219340064155
3786,-2.960390280210244,3.1175928656836622
3787,-2.784281919919717,-5.378455823204888
3788,-4.384284685575235,2.0954421107550734
3789,0.626470138109458,0.6697998587866896
3790,0.8687253489859228,0.9608313386221998
3791,1.593980838335288,0.27471914336882763
3792,-0.2440058991544123,-1.6968016083458788
3793,2.2863557830221777,-1.6528961117485887
3794,3.4895270362265234,-1.7980510647515184
3795,-0.2534299299352045,-0.06995750024117298
3796,-1.1871544823281641,1.6927543227454298
3797,-0.24331216069387152,-3.435485070488823
3798,2.15145688203646,-1.4350345785836107
3799,5.495313931978476,6.789928728797065
3800,4.316661168611777,4.477676684119331
3801,1.3299789920218115,2.9002099578162306
3802,-0.8546467527978296,-6.991729920647515
3803,-4.038840721570718,2.008311087348091
3804,1.7926097407705908,-0.7886053974846727
3805,4.213568021333945,4.376344734885322
3806,-1.649015258275735,-5.4716693814019095
3807,4.2273142829306245,4.482823664404975
3808,2.2714839473135595,2.929136568762886
3809,-3.1559288010232325,-5.30260724379815
3810,1.778267194307578,-0.6318197901467211
3811,4.490043450868857,3.3562737052222364
3812,-0.24704612346814825,-5.2393319065789115
3813,-0.17154411526845648,0.9184802119513624
3814,-0.28798760029004766,-0.3615206535080797
3815,-1.1653542623154993,0.5395208542128676
3816,-1.9901644692056055,-3.1759099419335253
3817,3.206177045381797,3.083495194174873
3818,-3.2835037216775294,0.7825405244608992
3819,-3.25117344709562,-5.138961022637261
3820,-3.6164555058114405,-4.103214925072564
3821,2.4551475539572363,-1.143384402535332
3822,-2.815894077741372,-4.812848275444878
3823,-1.245733688794839,-3.8518297131279833
3824,-2.9563576683633204,-4.676676457665337
3825,-3.7026767239205713,-4.13358754470147
3826,0.3929598822958593,1.650666290976631
3827,2.6459699168570165,-0.6767426188210375
3828,-3.3519567951791163,0.9929534141799086
3829,5.375409413851035,6.536149317481147
3830,0.649399448908103,0.7939223294039839
3831,2.180746842897666,1.5887630526801222
3832,2.2581084266073828,-1.3441225941399462
3833,1.2371029153235082,1.6890466754218214
3834,0.3186428442366247,-1.6456326897362596
3835,2.545802642381919,-1.880595153115166
3836,-4.741436670743692,4.1218693797370065
3837,-0.06500540229009344,-4.009653752587212
3838,2.0659897818930273,8.963609987952339
3839,-0.952669392549264,1.0517496411582106
3840,15.511064340151083,1.3803368751784437
3841,-4.35414523931669,4.132157141425239
3842,-0.25611657949613287,-5.583746140740288
3843,0.6309569373495703,-1.040880625985039
3844,-1.7054776653878565,-4.9342877323845755
3845,-3.0244993672006006,-3.6139084751824266
3846,-2.531010340177285,2.31254237339698
3847,3.447749425447715,4.7914884631415475
3848,2.112880279100669,2.8473561351081007
3849,2.6804004207022314,4.251943165518867
3850,2.039553929842246,-0.04482362224854297
3851,-0.26112414451764776,-5.596803849480523
3852,-0.6179247379534121,-7.773233121178521
3853,1.9406643405325537,-0.9279791767815477
3854,4.626853276766074,4.729636008002387
3855,0.6185778870947485,0.738675141789543
3856,-0.9084540710084315,-5.325859254143609
3857,4.009142209566367,0.3469302897235029
3858,-0.05503038617299749,-2.4211985523918993
3859,-1.6782166466348047,1.9745051209708326
3860,-0.8628287419907923,15.399357134558784
3861,-0.0804384455315943,1.4192209188719862
3862,1.1218724742300634,0.4953283202727907
3863,0.5435753360159521,0.8991826717635267
3864,5.1027157798178315,6.437196547247993
3865,-4.206390808545816,2.906255537726509
3866,2.5294704928763037,-2.6051895077446825
3867,2.874078084505332,3.124941879965889
3868,-2.7095107540719385,1.6906933133383863
3869,-3.3821603760354395,1.6882354562064283
3870,-3.556034038984048,-4.811202710411919
3871,3.126681615389121,-0.42016280247963733
3872,-4.025140236341226,-4.995250409386529
3873,2.8358977332480078,3.546409184195625
3874,-0.8335005447499628,0.34312497273884945
3875,2.5105872645743017,3.740227991797554
3876,-0.19257522674726202,-4.3180205280999076
3877,-1.714407752477395,-6.403877442620171
3878,2.111220647371543,8.529606157996284
3879,0.4445874586470251,0.7639647965212935
3880,-2.6576473221413965,-3.264807170174492
3881,-3.5817498669259424,3.3033586089392775
3882,-4.712678621732461,-7.6865155155877005
3883,0.8925220265753393,0.7849094514628523
3884,0.5985739722616796,0.903734499671089
3885,-2.5949036583535547,-4.752439683220757
3886,-1.833632539235818,-4.878551190636529
3887,0.10218762306047724,-1.1980225498894579
3888,3.009022285021079,-2.4029776509026415
3889,2.9291117682821874,-2.3794035370568163
3890,1.2607338920004492,1.6590872351904982
3891,0.2651811137564306,-0.054605489514244265
3892,0.5645552173025732,1.1520473305960768
3893,-1.3333066806428309,-8.491037076256646
3894,-2.6691972717873926,1.0372391288062208
3895,3.094105054415,-1.1543904001931078
3896,5.575772573030722,1.0278915111800306
3897,-1.1568034991853113,-5.076935952446831
3898,-2.003364633046853,1.2707492058058851
3899,-0.19109962435888006,-1.4932308848122484
3900,2.7272000804312353,3.9869266097327345
3901,-0.1560484275452967,-2.129376595757378
3902,-3.667334030591714,2.9158185069342726
3903,-2.400636623822915,2.181443387724983
3904,-1.5788729891412134,-2.6309625561455614
3905,0.3902167573340063,0.6067870055218809
3906,-2.0493971809975977,-2.9502775128106005
3907,2.0013514056570654,-0.8532971794823534
3908,-0.2595805332295771,-5.753907864830865
3909,2.0864701762564306,8.968006426550971
3910,-2.626323412381875,-3.441863244316948
3911,2.484629680193198,2.846474463202583
3912,-0.14242995830701544,-2.5889191086510546
3913,1.8276134028799658,-3.072999661705864
3914,-3.059220264875161,-4.6025950367669
3915,0.6027703776724462,0.7433442120333784
3916,-3.671080778562295,3.570416981436836
3917,-1.1205159530274744,-2.048940127632988
3918,-1.7410680756204004,1.2582987491866224
3919,-2.3226646885506983,-3.5705825741509325
3920,-4.177237699949014,-5.043060963890923
3921,-0.9223181709878321,0.8311673645754927
3922,2.90986375955416,2.8536935393591993
3923,-1.634679387532937,-8.54550332381524
3924,-3.422064255201089,3.684634501196968
3925,-4.6751257881753325,3.134825045325386
3926,-5.040462206327188,4.627601439215766
3927,3.1496835246451025,1.5614784304877394
3928,2.9069555297262792,-2.2702795918206102
3929,-0.3908973291747446,-7.174678033135308
3930,2.385812808550132,1.2516398374816053
3931,-3.2275368675820704,3.5489404742499464
3932,2.93078022149874,4.65539532349311
3933,3.217671205080283,-2.664906686089409
3934,4.882075120485556,0.5797838662644499
3935,-4.723477076017129,3.7944446151038282
3936,3.081621457613242,3.0677788798590773
3937,2.9587395682699804,-0.7653623278359301
3938,-0.8304635390870447,-0.7095905001381762
3939,0.5394157662756567,0.03822707579337292
3940,0.04997109321428583,1.0027747099181288
3941,-4.519678066694009,4.2702482287665475
3942,1.3053725257284765,0.25802404628001385
3943,-0.527250171848404,-8.151699727318658
3944,2.5749876990683203,2.481504971243965
3945,0.4852163091070776,0.8064337317725294
3946,-0.8327643081776972,-0.6381118948677904
3947,1.5644219413168554,-0.9377580340126879
3948,-1.5016422376267786,-8.510080045006646
3949,-2.4653573736779566,-4.245545094750298
3950,-1.927855919324624,4.600887114264594
3951,2.8695316806204443,3.136247450568306
3952,-0.23027596923040106,0.6402064208766096
3953,0.7618077292807226,2.408793741919624
3954,5.1423204436667085,6.4467313830634225
3955,-0.043002675496804255,0.7427067105551832
3956,4.487968255556357,3.268503720023262
3957,-0.5291785273932095,-7.630039876244439
3958,-1.3632822737328882,-1.9602269585350878
3959,3.318818141496909,-2.7302927429894335
3960,3.7296226516134863,-1.2507274801949388
3961,-3.033230493985879,4.528792673804389
3962,0.5711625113852148,0.7728344146987074
3963,0.05731682924104975,-2.2050454075554735
3964,-2.8837115273110743,-3.624996846459282
3965,-4.659413050138223,3.036026055075752
3966,2.842546273744834,0.6907558088084333
3967,3.7432368293173437,4.86907940552436
3968,1.066370655573142,0.31804799483023816
3969,2.1072118773825292,8.597800547339546
3970,-4.57133741232084,3.431603962638008
3971,2.569336463487876,-0.21780533149041004
3972,-0.136700998269784,-3.448900645516289
3973,-0.37278359683679296,-8.735043233178033
3974,-5.472331236325967,4.90116005585395
3975,-2.0525885328881617,-2.7287947590569384
3976,-4.95517701955961,4.372174793936836
3977,3.4829900756247167,3.7348564212103956
3978,2.7956278815634374,3.212596232153999
3979,-2.745149324857461,-3.641354268334282
3980,-5.2884070381753325,3.730406576850044
3981,2.820449639833701,-2.232486193917168
3982,-1.665380071126687,-4.899360841057671
3983,2.4437420859701757,4.333416754462348
3984,-2.1663372025124903,-3.4680246765831835
3985,0.29296510366274164,0.8083693330069655
3986,-1.9709894165627833,-2.946619456551445
3987,-0.39954073282407476,-6.348470872185601
3988,-0.5129753753774042,-6.472001260064019
3989,-0.1317617103688593,-5.328389828942193
3990,3.6575525298483496,6.138651186682807
3991,0.5018905892737036,0.6254889164944761
3992,0.39443581250978754,0.7315872554560774
3993,-0.32701694520639135,-8.80967683150567
3994,-1.3774337873093958,-1.974359696648491
3995,-3.952945660077798,2.5343347136756056
3996,-5.814287374936807,5.161092097022163
3997,-2.622146795713174,-4.667479699395074
3998,2.272527505434287,2.684197956778633
3999,0.5595965876944189,-0.5785060579995043
4000,-3.5310067638985987,-4.005745595238579
4001,-1.5611419186227198,3.1540034358283155
4002,2.325241138017905,2.32183569119178
4003,-0.7094480350844736,-0.6589766199807054
4004,3.60991840509249,6.055653864600288
4005,-2.3618435368173,-2.9448084290245897
4006,3.856476117647422,3.856604153372871
4007,-3.6257776722543116,1.812549287535774
4008,1.5309553637869482,-1.3165714199761278
4009,-4.5457288727395415,6.758096987464057
4010,-4.405142019712198,4.104650074698554
4011,0.3249069943792944,0.5063316655238741
4012,-4.366801689588296,2.272145325400459
4013,-0.0059039697282190495,-1.5198205168465502
4014,0.5468328490622167,-0.5873782093743212
4015,0.8870182528860693,1.0612339322348707
4016,-1.1452785238854761,-6.153507893822564
4017,-0.9819927320115442,-6.40101451232232
4018,-0.07361270042585089,-1.4030510838250048
4019,-0.40756085070298864,0.7223268394251936
4020,-5.0252773270242095,3.8707318846961134
4021,-0.430870044254529,1.6316215340872877
4022,-1.9664875969521876,-6.026083653710259
4023,-0.5516068730268802,-5.847129052422417
4024,5.832769204653037,5.386924559332954
4025,0.29843698886705683,0.2670617346545332
4026,-0.5719267346196051,-6.4415718968132865
4027,-2.8211941227548,2.533535296179878
4028,2.1507006183035497,-3.4727200920800096
4029,-2.3990982279412623,3.6944413726111525
4030,-4.085552404844034,-6.7518550808648
4031,-2.598508070432412,4.027994686820136
4032,-0.15597660394834234,-3.8552486355522997
4033,3.254005242861045,-2.685531800530327
4034,-3.1261839375131006,-4.797608083031548
4035,-4.3585855469338775,4.125350529410468
4036,3.176530887163413,3.700865799643623
4037,-1.1137657866113062,-7.197500413201226
4038,-3.380569885694253,1.6941242759009474
4039,-3.4123916134469385,-5.315761750481499
4040,-3.583262632810342,2.3481923882742994
4041,-1.8707319006554957,-2.607112830422295
4042,2.257944156206382,2.1076878850241774
4043,3.6187289252646093,4.420367295004951
4044,1.6545813575155859,1.3440779988547438
4045,4.068335820711386,4.484699064948188
4046,-1.4066950187318201,1.7862732951422804
4047,3.793814946687949,1.732833677985298
4048,-1.6752403483025904,0.7734413091918104
4049,-3.548963497602212,-4.083105271599663
4050,-3.701253603421914,-4.182039922020806
4051,-2.310280989133584,-1.9309479649285204
4052,3.5483816161520605,5.218422705390083
4053,0.23535643962694452,0.21164920375548535
4054,-1.3101884231202479,-5.951791947625054
4055,-1.5845022902123804,3.166180664755928
4056,-0.4447930857770319,-5.756372159264458
4057,-3.006064842664468,-4.991742318413628
4058,-1.6664112314813013,-8.399210637352837
4059,-0.18769792767690374,-1.8681790287712938
4060,-4.607351969205606,-4.57182521178521
4061,-5.394617746793497,4.8615167681952585
4062,2.2329309478170996,-0.34560561730660266
4063,1.0949408307440405,-0.9476172383049852
4064,5.79514150766207,5.387166315772163
4065,-1.8017550215356226,-2.4521440918663866
4066,3.8667929664023046,-0.47116751029290027
4067,3.4475110068686132,2.9074094836493605
4068,-0.38515071126149847,-6.1867548878411185
4069,-3.3268694386117335,3.288037831046211
4070,-4.67727060171293,3.0441287104865187
4071,-2.2820221886269922,-4.183502858422173
4072,-1.4135339960687037,-2.6048087532738573
4073,1.9485946193106298,-0.11818487002648181
4074,-0.42952164562867834,-0.19239157988823719
4075,-4.199760149442422,-6.987728303215874
4076,-0.8169944390885706,-2.073119347832573
4077,-4.743977735959756,-7.719394391320122
4078,-1.2888301715485926,1.447182232596504
4079,5.424595166719687,6.604033285834419
4080,1.5765755668051367,0.10558929488860302
4081,-1.335162888490426,0.42935452804766827
4082,3.047979165590537,2.656424576499092
4083,-0.4465497911207552,-0.2108776624421007
4084,-4.251103113614786,6.729016119696723
4085,-0.6670820743076677,2.1022791211386793
4086,1.1745807423956518,1.4284216706534498
4087,-0.20499674531148626,-4.4495393688897025
4088,0.4196213379271154,1.0749048535605543
4089,2.0253358378775244,10.057109171607124
4090,3.6305015578634863,5.934562498786079
4091,-5.840005587064493,5.183833891608344
4092,2.9104679122336035,4.647334391333686
4093,2.9668412700064306,3.333034807898628
4094,0.13438193944765375,0.9119608347197645
4095,-4.159707497083414,-4.547118848107232
4096,-3.8442742333047266,2.3803045098563307
4097,2.779184628999961,-0.6785920317391283
4098,-2.248960565053689,0.5929483716269606
4099,2.0965576663382177,9.56983977005683
4100,3.3311932578451757,-2.7549411709526903
4101,3.241373349703086,3.3440146987219923
4102,-1.5451342568032618,0.6622465793868177
4103,-1.6742517456643458,-8.27377480819024
4104,-0.484916712366807,0.7366411928912275
4105,-5.404173563443887,3.4052239005347364
4106,-0.48171415480302526,-5.264224236748589
4107,-4.567496012174356,-4.277596658013238
4108,-3.389039467298257,2.5147560183783644
4109,5.104587365663779,5.729734236456977
4110,-5.397916506253946,3.464635664679634
4111,5.21901207116915,1.0056089107771986
4112,-0.7319408610694285,0.71290715978347
4113,2.345755149400962,2.3015997950812452
4114,5.773618508852255,1.0868406240721815
4115,-2.3948153957955713,-3.0516046936730272
4116,-2.463286827527749,0.568149032153713
4117,-4.472212265454996,1.1199939195891493
4118,-0.5347362768136139,-4.496599381707085
4119,5.801764298952353,1.0941075627585524
4120,3.654703427828086,-1.136194175026787
4121,3.465654660738242,3.883752638556587
4122,-2.697370241605508,-3.3171903546074755
4123,2.5662949576742773,2.948590571143257
4124,-1.2185399040810938,-2.5565676148156053
4125,1.4598758712179785,3.78313141510688
4126,-3.2207629189126368,3.2544782702704542
4127,-1.8821749195687647,-2.802109187386406
4128,0.4480579390890722,0.760267520405876
4129,4.18821315912081,4.231253201224433
4130,-5.376131723844278,3.595481449820625
4131,-5.460439871274698,4.906133944251167
4132,-2.975027035199868,2.1939918343802565
4133,0.561134387529624,-0.9192193205574877
4134,4.920874883211386,5.253320509650337
4135,-2.4599711403481836,0.5868822728177183
4136,-1.4850661263100977,-3.369723742745293
4137,3.3538883223898535,-0.4227999503830797
4138,1.3743043437368994,1.9492575471182936
4139,-3.981606911145913,3.625142389990913
4140,0.8782090440161352,1.4369369690199965
4141,2.4085505500204687,-1.8767840321282274
4142,-0.19357807489560797,-4.207396214745415
4143,0.49058334974123285,0.7286750321169966
4144,2.5538304343588476,-1.973239844582451
4145,-0.007866214238869684,-1.0304701979378588
4146,-5.418759058439004,4.899750048377143
4147,-0.4429696306817408,0.7284379248400801
4148,-1.6701781258218165,2.087769562461006
4149,2.7949989333517675,-1.4451981241921312
4150,-4.16246027799772,-4.723660653374566
4151,-0.6863536492221232,1.8102187459250563
4152,-3.183004091703164,2.2654895131369703
4153,-0.18352929803060247,-3.8000142033318407
4154,3.9428756728537206,-1.3950448687294847
4155,-2.4701849922768946,-3.169176524422539
4156,-3.665193031751382,3.5968466346045607
4157,-0.44428219201492025,-0.939731543801201
4158,-0.5286365013800736,-7.694399541161431
4159,-2.8316297039620753,1.5557786767264479
4160,-3.308519791089761,-3.8134209568718798
4161,-1.9246663555734034,-5.126486485741509
4162,2.884038259065879,-0.7933520729760057
4163,-0.1048582896821375,0.5464230720778578
4164,4.944995690859091,0.9572873656531447
4165,-4.113309334241617,-4.620339101097954
4166,-3.401847313367593,-3.7063528950432665
4167,1.0548754229910497,1.6464992110510939
4168,-0.4017313972346659,-6.5453388149956595
4169,-3.061504314862954,-5.273170655510796
4170,-1.4424023136727686,-0.38962317063607044
4171,0.6327984824545507,0.9635521118422621
4172,-0.2502772316567774,-8.473951047203911
4173,-0.13465587350057318,-3.8368274624565966
4174,-1.3197453722588892,-4.643168156884087
4175,-1.8349968895547266,-2.7121395523766405
4176,-0.283615927421319,-4.387105649254693
4177,-0.16670794340299322,1.4047682230254286
4178,-0.24421508165525152,0.25136953041754895
4179,-0.24515236469434454,-5.439589207909478
4180,-5.413469027005899,3.5314372126837843
4181,-2.387509535276162,-5.326857274315728
4182,3.6275513663656835,-0.3938087280014879
4183,-0.4053509041898127,-3.911572640679253
4184,-0.7143898561828013,1.481123382308113
4185,-3.5444087490670557,-3.990139191887749
4186,3.0964003100760107,3.2064350192328566
4187,2.0218661322958593,-0.18368226840294666
4188,-0.36623687597440435,-3.586555665276421
4189,0.995388914621604,0.36461641833983593
4190,-4.295518349134195,-7.135496323845757
4191,4.018390466249716,4.130667502143012
4192,-1.2207129106156702,1.457496935584175
4193,-4.287828873121011,2.0541470591803663
4194,1.8774157061941747,-0.9448954518059618
4195,0.7380793586142187,0.3934186083158129
4196,1.5675564303763037,0.585005918600189
4197,2.757202912843955,2.447022730567085
4198,6.348722745455039,5.235965544440376
4199,-4.277714441739786,6.735510164954292
4200,-1.9222586855523462,4.5857880656500924
4201,3.6061351790793066,0.30611176238261395
4202,-0.35001144858525945,-8.270517056725396
4203,0.8915194764502172,1.2736284081717604
4204,1.8469729915030126,0.30072082028590374
4205,1.7654793753988867,-0.11555648400582141
4206,2.4955699935324316,2.854716355063545
4207,-1.7627635702721949,-6.453767960808648
4208,0.20381020454241083,0.30598875329695874
4209,0.49722557214571284,0.1498841588278883
4210,-4.110462377988565,-6.806177800438775
4211,1.5043652549154882,0.5539625455518835
4212,-3.0070166096322413,2.3698311393042677
4213,-0.2941057786576624,-5.3934552128533255
4214,-1.9326853260629053,1.3320740406294935
4215,-3.5867332920663233,2.056934649207222
4216,1.0497192635901098,-0.19150633170403308
4217,-0.8298382565610285,-7.516212170861138
4218,2.3603320613272314,0.09921073363028698
4219,4.9276388183004975,0.9644203727027052
4220,6.415744592226279,0.8237553779860609
4221,1.0479056134588842,-0.1049119289139635
4222,5.0284569754965425,1.0068578665038221
4223,3.218922425783408,4.066730553366767
4224,-4.49141330572294,3.761980349280464
4225,4.425969888246787,4.665980154730903
4226,3.597450543916953,0.28722449586592846
4227,1.535565663851035,-0.009542709133995242
4228,3.4259470000631933,3.9179902617713087
4229,0.8410248055822973,0.1636865679999464
4230,-4.099990557157266,2.818241173483955
4231,-3.2618174061410303,3.3088472430487745
4232,-0.6771323189370508,-7.214081948540581
4233,-3.5389456257455225,1.775917584159004
4234,-2.5979737743966456,-5.316267197869195
4235,3.6743348136313085,-1.130694096825493
4236,0.13522772935701655,1.1129717175742262
4237,-3.286488722287881,2.2685348336478346
4238,-1.1162261471383448,-8.448850339196099
4239,-1.4341780647866602,-2.5108644421318895
4240,-2.383956263982522,3.6756008212348097
4241,-1.3079308375947352,2.5373504702826613
4242,1.2141738429434423,-1.2380630429009325
4243,2.802132178819907,3.098432118155586
4244,-1.0834070548646326,-6.434564297936333
4245,-2.5463890537850733,-4.208357995293511
4246,2.794997502840293,3.6600978915473097
4247,-0.40913979264424993,3.9938159529944532
4248,-1.4393372640244837,2.0642313306113356
4249,0.6317306056387548,1.088266844012367
4250,-3.198997686826455,-3.9086496288994677
4251,-3.236836622678506,3.167603785254585
4252,2.85069947389437,2.8994048182746046
4253,-0.6597798496715899,-8.647545521996392
4254,4.434914876497519,4.590575033881294
4255,3.7636192336447363,4.192675883032905
4256,-3.2001962170235987,3.2144957129737013
4257,2.4396799102194433,2.2599853818198317
4258,0.133390714205039,1.283624762751686
4259,-3.2008294567696924,-5.46281642272271
4260,2.4518142238028173,3.6618698184271925
4261,2.3863823905356054,0.15734192178450757
4262,-2.3103973374001856,-3.133013432762993
4263,0.9404176965124731,0.908202136017906
4264,5.696142007387412,1.0926973764678114
4265,3.1481154456503515,-1.6275450642327196
4266,-2.5949105724923487,4.0424743239661325
4267,-0.3729753747813578,-4.6439768727044
4268,2.1814339652426367,2.8960247580786818
4269,2.0929511084921484,8.993809038855659
4270,-3.8044561848275538,-4.350079720757378
4271,-0.6826200142733927,0.6545214001914137
4272,-1.421092997514474,1.8199993912955397
4273,-0.13062209936307623,-0.5911880190590746
4274,-1.8353812203042383,0.8398039285918348
4275,-1.6672921881310816,3.1605532710333937
4276,1.7481282248861914,-0.3073141629914171
4277,6.685014058626425,-3.307278340599907
4278,2.068256665743125,9.08957033798896
4279,2.1014123454458837,9.529392534949409
4280,2.1359060302145605,-3.482521479866875
4281,2.267177392519248,1.9690052811881178
4282,-0.18625105472730352,-4.02050275161065
4283,-3.8692869648568506,1.4044190590163343
4284,4.091632653749716,4.1247158591529
4285,0.413456369913352,1.0607759897490614
4286,-1.77525586935209,-2.4262713844994432
4287,-2.4070711836449976,1.5133208577414625
4288,-3.3633093342416163,0.7327481751223677
4289,4.021818925417197,4.002842480399238
4290,-4.416830013715494,-4.436299985192193
4291,-1.5111178264253016,-4.34160060241021
4292,-0.47581165584253027,-8.231756871483697
4293,-1.1639604673020716,1.1310094539900892
4294,-4.231415937864053,6.6100590770026315
4295,1.287506629503501,-0.4770306999901659
4296,0.5290281072027807,1.1365121547957533
4297,0.057089795149100286,0.6745912973662489
4298,1.7054667964346533,2.281591469504463
4299,-3.2170602783791895,3.21336560890876
4300,-4.910229395353067,3.8974884097357863
4301,3.6954620375998144,0.30561452553473645
4302,1.6314158931143408,0.573355155148136
4303,-0.27722365709470465,-2.864974683068169
4304,-0.44524497839139654,-6.918578332207574
4305,1.0974385037787084,1.3165739719649427
4306,1.3703897490866308,-1.3602803404549486
4307,6.915937234438193,5.994189078070747
4308,0.10626952794863032,-1.4623609240273363
4309,-2.8867871269814844,3.7634203974982374
4310,15.500825692690146,1.3907304947157972
4311,-5.3083583817117095,4.876412207343208
4312,-2.789909313642251,2.603519016959297
4313,-1.5817810997598047,-2.0409540589074022
4314,2.0798340335257177,9.675380999304878
4315,-4.087222050153482,2.060623223044502
4316,0.7494906678564672,0.5036160443802946
4317,-0.011534820520150202,-2.475451176903618
4318,1.7173507705099706,-0.316324835560692
4319,-1.2448865279786463,1.0328298156043165
4320,-3.322952221357095,1.768846804358589
4321,-2.130676578008401,-3.0050889904717333
4322,3.109019090212119,1.5709597413321608
4323,-0.10575051160978033,0.8139341120501631
4324,1.2648947730429296,1.1604753081580275
4325,-5.0362636551492095,4.059640461661445
4326,1.3090428605444555,1.8769010846396559
4327,1.2564223304159765,-1.284623688004387
4328,-2.501652787648904,2.6450031344672316
4329,0.8430703177816992,-0.37371039941109485
4330,-2.6792206272714014,-3.4363667423943407
4331,-5.687408636533487,5.049449736334907
4332,-1.882613490545022,2.206800634123909
4333,-0.3791982040040369,-4.305154984734429
4334,-2.8346323475472803,3.0116646830817335
4335,-2.1919137940041895,4.273220593192207
4336,-2.4172484383218165,3.6235585753699415
4337,0.3468428149588232,0.6303723697444075
4338,0.7492256656057958,0.9421288316031569
4339,2.8504002585775976,2.7052228991767042
4340,-4.546907137357461,6.894320303656684
4341,3.6871564879782324,-0.452075248501671
4342,0.33984570649935053,-2.597790902398003
4343,-2.454371999227273,-1.8690633232811815
4344,0.7367015376455908,0.7698516492625349
4345,0.30938427594972895,0.8132581655760878
4346,-1.3952096805207606,-2.626064961693657
4347,-0.29687071891950323,-4.283210461876763
4348,0.401515771425498,0.4105323349019163
4349,1.6921444430716162,1.3862172310134047
4350,2.0506375327475195,-0.07865655972756214
4351,1.124271561182273,0.8180695121070021
4352,3.4062443271048193,4.07283073113166
4353,2.670662213838828,-2.104119723580254
4354,0.7493848100073461,-0.3509037549713976
4355,-4.238994787656534,-4.830475037835015
4356,-2.627854298078286,-3.36076564147271
4357,3.2855246558554296,3.398210818030464
4358,2.9295418753988867,3.7351666037818068
4359,0.7463379397757177,0.8368377928515547
4360,-2.47138566824125,-3.1166026051262743
4361,-1.5093818411462183,3.065231615759956
4362,3.259188939607871,4.672913367011176
4363,1.6100128188498144,2.1250608508368605
4364,-3.739292334043252,-4.9077937062004935
4365,5.562577535188925,1.0653912966033094
4366,3.06232433465792,2.9030826632758253
4367,-1.6185336813561793,-6.478302663109673
4368,0.2754658356077795,1.0040502493163221
4369,-0.6884843215577479,-7.677574818871392
4370,-4.052672337018716,-6.7175118382195365
4371,-0.03577436062024786,-4.209542458794488
4372,3.273647119081748,4.613497549750434
4373,2.9493029609091406,3.4859078471442335
4374,-0.5311311755560513,-2.7349945957878954
4375,1.6855204596884374,-1.061671560547722
4376,1.1103333726294164,1.3447135631819838
4377,-2.816043804609048,3.5281093661566847
4378,-3.6686918243996973,0.6864719633837812
4379,-5.028135012113321,3.955384785391914
4380,-4.527292440854776,-4.754831975243462
4381,-1.2504810199372645,-3.9295374806145555
4382,0.5984360471136694,0.7591319029112928
4383,2.0419185653097753,-0.00488389088906116
4384,1.4234337106115942,-0.21848446681298084
4385,-1.5645660862557764,-2.5323655064324266
4386,1.7636170878775244,-1.372422521851433
4387,-0.45326724948810293,-8.449119275353326
4388,1.4885247245199804,-0.6540584023217089
4389,-3.09473509641813,-4.743889992974175
4390,3.6384060874350195,1.6896721665640944
4391,0.2068339481718664,0.7694876436968916
4392,-0.4837170794837351,-6.830695336602105
4393,-3.539315412961709,2.474359089591133
4394,-0.12017504426168157,-1.4560124333123095
4395,-1.9370587572686548,4.5630267207404245
4396,-1.9264641508691187,-5.17932147338189
4397,-3.5154635414712305,2.627780491568672
4398,2.2772284045584326,-1.3433257992485887
4399,4.013044644869101,0.35099848554335766
4400,0.5149878754980688,0.9389600698729628
4401,-0.5933812216155405,-2.4108657295922167
4402,2.581102420366538,-1.8318499977806932
4403,-0.2386623725526209,-1.0806594546059496
4404,2.774517823732627,-1.1982697899559862
4405,-5.145757387601602,4.5098722522040475
4406,1.8992002501852636,2.97592025444709
4407,2.104232121980918,1.1871216838141554
4408,-0.01706821771787359,-1.5375976021508104
4409,-1.9233917698495264,-6.093071168206109
4410,0.4257184162504797,0.5532147754808538
4411,4.579572011507285,5.018978888251411
4412,-0.5161071337990637,-0.2215912993172533
4413,2.376289655245078,4.199008757331001
4414,2.0140941634543066,3.0325005595465773
4415,-2.522314499341714,-3.1420075352410204
4416,-1.9592852100961085,-5.21197528197564
4417,2.1438129439718847,2.1305383984824293
4418,1.8384867205984716,-0.587499802849663
4419,4.867715169466269,5.1644766871710885
4420,-4.346482466184366,4.135087305762397
4421,-2.889730404340493,3.0596716944953077
4422,2.220269729173911,2.690433317877876
4423,2.2281585231192236,-2.1883689816216356
4424,-2.7579016193978663,-5.098365968010796
4425,-1.9136459335915919,4.592663580634223
4426,-3.0634722218148585,4.7147625033637155
4427,-0.47474696042464926,4.007622296073066
4428,-2.4802234873406763,1.2724061553259962
4429,5.120107938326132,6.373639876105415
4430,4.896765519655478,0.8766834084769362
4431,0.3252985372908239,-0.12789595677651233
4432,-0.5061882093779917,0.3732220177432173
4433,-0.21884054990934088,-1.8728072102288134
4434,-0.9703851744763727,-2.756283467553032
4435,-3.783216427289712,2.0954371039649122
4436,-0.4621075049273844,0.5214752872367971
4437,-1.7971423372857447,-5.94260854079522
4438,2.212334920442832,2.019474918105232
4439,4.936231900728476,0.7793127541323774
4440,-0.7698406383626337,15.511156374671089
4441,0.05191646961046503,-1.8731293137291796
4442,3.4424031272299414,4.897177511908637
4443,0.2751312747366552,0.953061515547859
4444,0.4097276225454931,0.8462183122416609
4445,1.5406704440481787,1.3577653710623854
4446,-0.43311370464490606,-2.6432923729637987
4447,2.8561940684683447,-0.3669261987427599
4448,-2.237705419980752,0.6321986858626478
4449,-4.413947771512735,4.161204630591499
4450,3.1122835173971777,3.262733513571846
4451,-1.614665697538125,3.205189043738472
4452,-2.969012688123452,2.509018236853706
4453,-1.2085574969880457,0.5895783846160048
4454,-3.4759597286813135,-5.3075510914544
4455,4.214521695650351,4.319804245688545
4456,0.6115680232412939,0.8057041113158339
4457,2.136843730486167,-1.4976388867119677
4458,0.6860107674963598,0.6797980164071196
4459,-1.3981502160661097,-2.5905429775933153
4460,-1.9151905283563013,-2.5342456753472216
4461,2.065892745531333,-3.312116091988457
4462,6.6823385253317475,-3.305374091408623
4463,2.13896851686312,8.645650202490913
4464,1.7050002112753515,-0.8967905695656664
4465,3.1135037436850195,2.2452436034461134
4466,-2.044240187131631,-4.218815511010064
4467,-3.379157017194497,2.3832953517218702
4468,2.533764649904502,1.3539605085631483
4469,-1.3728926882378931,-4.742814725182427
4470,0.15454392579866694,1.2995680515547865
4471,2.857410480058921,3.0595820491095655
4472,0.38051878360582636,-0.07964343383110828
4473,-1.5817751392953272,-8.526400273583306
4474,2.31131320146395,-1.0516032631615526
4475,15.513305474794638,1.378046387889015
4476,0.41253345159364985,0.5853165780087584
4477,-0.009114812337624567,-2.8033585007408983
4478,-2.9018179878823633,1.8412848059912794
4479,0.3357443108923559,0.7765437011500471
4480,3.1909668937094335,-2.501626199028862
4481,-2.2799646362893458,-3.685949509880913
4482,-4.511296938382852,1.159671599127876
4483,-1.7586453661553736,-2.281312411568535
4484,0.9126142754919653,-0.41587848021782703
4485,2.612708856142295,-1.9109899456719286
4486,-4.620695303403604,6.822056109168159
4487,3.860356618440879,-0.4673658664444811
4488,-0.2573441967599268,-5.436433976433648
4489,1.073978592432273,-0.021397745154274173
4490,2.096532155550254,8.637756640174018
4491,3.960585881746543,3.7796776835700148
4492,-1.4317714080445643,1.7986252848883741
4493,3.245279599703086,-2.6864084656456835
4494,4.88592462686373,5.2244976107855905
4495,3.2238677039511328,3.517781311728584
4496,-3.078305195295083,3.1721654479285353
4497,1.2827774777777319,1.954544121482002
4498,0.8655534282095556,0.5417357330103987
4499,1.934552003420127,-0.9542385990837938
4500,3.223443557298911,-1.2514531071404345
4501,2.1606982245810156,-1.2577125485161669
4502,-0.4857941597931261,-7.526220982811822
4503,2.146811772859824,-3.504841511986626
4504,-3.160439680539834,-4.3808819706658255
4505,-1.5096362337701197,1.1280861441870802
4506,0.8668741479284887,0.3513037879844778
4507,3.4613926902182226,4.040888840415107
4508,-0.4443677991859789,-6.134538834832085
4509,2.554822494066489,-2.3914300854424364
4510,0.2089287534124975,0.7226311807414167
4511,0.648530890024436,0.5636839066525572
4512,-0.4328632012240763,3.9798563067694777
4513,1.3416733041174536,1.8463503663321608
4514,-1.9916643604867335,1.2531059329291456
4515,-2.2998830780618067,0.6554612164279097
4516,2.1106920733816747,1.646055990912544
4517,2.0467145934469824,-0.0696755106667406
4518,0.7116938128836279,-0.7350142653206713
4519,-0.8818544849984522,1.2348553483267897
4520,-3.295390795194375,-3.8587653095940477
4521,-1.1818645104997034,-0.5529779846886522
4522,3.0556500449545507,3.1717734877844923
4523,-4.57444496008085,6.85498028443061
4524,2.3337884440786962,3.176785046317207
4525,-1.9088085398309107,0.26061924741469555
4526,0.7906746163733129,0.5804443602343672
4527,4.040968705690634,4.021637493826972
4528,0.46364646104646967,0.764302993275749
4529,-2.977275083982217,-4.6795479710320365
4530,1.3788549199469213,0.39827995941840344
4531,3.2995317473776464,-2.6848504002312548
4532,-0.5591402256161149,-2.9880277569512255
4533,1.9463639750845556,-0.8788228686074144
4534,-2.5252601608865137,2.180866772391426
4535,-5.414548586332071,3.637801939704048
4536,-5.204703997098672,4.752705866553413
4537,0.1210415258772497,-2.110676949761284
4538,-0.9720918342702265,0.9112367574950331
4539,1.9874833121664648,-0.9135140831688768
4540,-1.654310415708291,3.239963108756172
4541,-0.23695028873609258,-1.089000170967949
4542,-3.7745432362191553,-4.565434640190972
4543,0.12155054954363154,-2.701318209908379
4544,0.17354564813448237,1.325586432673561
4545,-4.1081397041909575,2.818200642325508
4546,-2.364163349591958,-3.7372276241997606
4547,-1.8936711058251734,2.090608770110237
4548,0.6665052667029028,0.788328552701103
4549,-1.3432769283883448,-4.517551606438531
4550,-4.236605833493936,-4.866311257622613
4551,3.2042582526571874,3.2849469725867384
4552,1.447414208925498,0.39694752738677197
4553,-0.14159024807141973,-3.917681401512993
4554,-1.86734194608854,-2.68720549895562
4555,-0.6457982167832728,-0.3735072667817003
4556,1.7963886752493505,-2.9382323677758104
4557,3.105169345415366,2.5990439002295607
4558,2.317616273439658,-0.06251675441063709
4559,-3.212326239072549,-5.4910737927178275
4560,-4.065108250104654,2.733455473639595
4561,-0.12515268775151922,-3.6574050839165575
4562,-1.2810506329171534,1.088859969832527
4563,-1.6064091429345484,-8.55678433730401
4564,3.8459709182150488,-1.3185729439476854
4565,3.2171490683920507,-1.522840207360161
4566,2.887385655916465,-0.33489275529183216
4567,-0.6393388837807055,-7.733684247277154
4568,2.1640201106436376,3.0053268019934767
4569,2.0869443908102636,8.994574839331733
4570,-2.507012675725686,-2.31537932708062
4571,-1.9126331314675684,-3.175455754540337
4572,-0.100837002717721,-3.3845819885949022
4573,-2.0774434313409205,1.061114961363899
4574,6.025668908632529,0.9990851228018873
4575,-4.053690622770059,-6.697700207970513
4576,3.3429115310080175,-0.4482420141915209
4577,3.7663925185568456,4.423219496466743
4578,-1.470282267057168,-8.525428479454888
4579,-2.7611228928201075,3.9747472350379103
4580,-4.155304144345987,2.9302061145087355
4581,-1.7534402117364283,-4.295818513176812
4582,-4.764599035703409,-7.738918011925591
4583,-0.47163659634517385,-7.68290395095147
4584,1.3013363376028662,0.8185023014327162
4585,0.7010742917425756,0.35016434834204846
4586,-0.4303006112806673,-0.3750726635674364
4587,-1.755863378965127,-6.329948609612359
4588,2.071245481050742,9.093501383521186
4589,2.253364850557578,0.013195121743308835
4590,0.9563290372259741,1.1065152232428663
4591,3.1920512214071874,-0.47660136773384876
4592,2.3961992755301122,1.251064354636299
4593,-3.019856642209756,1.5517409388800734
4594,-0.5600690881021495,0.7599529270907515
4595,-0.4412758678429003,-0.34437352969445056
4596,2.967619229830039,3.247723633505928
4597,-1.170763383828866,1.7898104731818312
4598,-2.5694562897317286,-4.497243588707818
4599,-0.7316179380051966,-2.7240015919426805
4600,3.8224766745932226,4.222611481406318
4601,0.3969027891523962,0.590036014177429
4602,0.8100215688116674,1.2142072264929884
4603,-0.41524371060060217,-5.700766747734917
4604,1.3147833838827734,1.086947972037422
4605,5.567838002718222,1.0668033306380384
4606,-0.27564493867086126,-5.51548976256646
4607,3.070433188951743,-0.7384766991356737
4608,6.336332608736289,5.247394377448188
4609,-0.8819475278489466,-6.9544832165459525
4610,-3.284449289762246,-3.8026458676079637
4611,-0.00964016767667486,1.4231728260298842
4612,0.10574458984209345,-1.0715304072121508
4613,-3.368604849302041,0.7062433306952589
4614,4.3206909194357515,4.388602072455512
4615,-4.575581739866006,-4.6551362927178275
4616,4.055769731081259,3.513742977835762
4617,-1.9924371943108912,-2.9514135773400194
4618,0.15912847665621088,0.5933397208233946
4619,1.943249751604331,3.24276858017646
4620,-4.360490988218057,-7.232677644036187
4621,-1.862451742612588,-2.627363150856865
4622,-0.16850234123395635,-1.328844493172539
4623,2.0647857680685644,-1.1401462013939745
4624,-2.6315078243844385,2.1667948310156935
4625,-3.1339020237557764,-4.320046609185113
4626,-0.7260272458426829,-6.0336481983879935
4627,-2.091252873861062,0.872292632319557
4628,-0.4461034119360323,-4.545314019463433
4629,-3.2198392853371973,3.6120935027381056
4630,0.07881789354158686,1.9154443089743727
4631,-1.2392853602998133,-3.734885876915825
4632,-3.0938698753945704,2.312929565169441
4633,0.42811648992372797,0.8598891441603773
4634,2.924516250170005,4.743809515692817
4635,-4.578635881864297,6.8025687281867135
4636,-0.9706592664353724,-3.663887208245171
4637,-3.013528297864663,2.396308118559944
4638,2.2406189933188085,4.135413462378608
4639,3.3636777892477636,1.608452493407356
4640,1.174840499437583,-0.2857968266228563
4641,2.0552721515066747,1.7348434273978346
4642,2.98759870675875,-0.7957170660714037
4643,-0.5472173734799202,-5.030977910302056
4644,-3.0998017296426172,-4.740406220696343
4645,3.6336567893393164,3.701983267523872
4646,-0.827889244281518,-2.913831418297661
4647,-4.464970301114786,1.1875770036955946
4648,-0.06441239567922308,-2.3654193337181932
4649,2.0169392123587255,10.047841364600288
4650,1.984067966020835,1.2904372160216444
4651,1.9340580001242285,0.022620523430930906
4652,1.543399144685996,1.4014747087737196
4653,0.35824363378359125,1.6849015300055616
4654,-2.6984333500497217,-3.666816895745171
4655,-3.5764445767037745,-4.075521653435601
4656,3.1126988425619726,0.17446588919364148
4657,1.194321323908103,0.19125925944052868
4658,2.1468403830893164,-0.3061026389817125
4659,-5.373552988492715,4.3405888621588815
4660,2.3313506141073828,-1.8588957245568163
4661,-2.2922335371606226,-2.99264664008416
4662,2.419235278642905,2.580020958640205
4663,6.33464985040499,5.253106409766303
4664,-0.7941196218364115,-4.493505662224663
4665,-3.296855638944375,2.430058175780403
4666,-5.659023474179971,4.996736342169868
4667,3.6004751220114355,4.905233198859321
4668,1.8755424514181738,-3.129771178505791
4669,2.7815523639090185,-2.0270549710015184
4670,-5.412225435697305,3.5341094081183546
4671,2.38899235872103,0.2016928438922041
4672,-1.8063787922494288,0.170951718546974
4673,-1.5592288479440088,-2.2446879799584276
4674,-5.219137381040323,4.539940172888862
4675,-4.559968183957803,-7.5101191456536185
4676,3.7761323943503027,-0.46516281916893787
4677,-3.1991867527596827,3.066233450629341
4678,-0.09505091162847235,-2.4532372410515673
4679,2.483697463548911,4.359290415503608
4680,-3.1262258991830225,3.0752070491095655
4681,-5.558295916043985,4.93864088700019
4682,3.5273645415670996,0.28961656437121563
4683,1.1743518605597143,0.3580252324124449
4684,-1.4083498224847193,-1.701515858910454
4685,5.677760411775839,1.0661142413397902
4686,-2.82590169759916,2.9759240691443556
4687,6.888778974092734,5.965774828650581
4688,2.3941224112875585,-1.7139713223198778
4689,-3.383684586011636,2.8385551516791456
4690,0.3618267073996191,0.5068382118722075
4691,6.130760957277548,1.0255421345015638
4692,3.8591745391256933,-0.4669526870468981
4693,5.267520715273154,1.0375306551238173
4694,2.2354634299643164,2.60617190048896
4695,6.417075921571982,0.8582147900839918
4696,-5.437019537412393,4.91210394547187
4697,3.3345685496695165,3.455198818900215
4698,2.5905287757284765,2.8883545939704054
4699,-3.2734798893563624,-4.8948919232109915
4700,-3.8573584065072413,-4.492505257866753
4701,-1.1506209478013392,1.7511677090903395
4702,4.013359834230673,4.532205397345649
4703,-0.2947410449616785,-8.920225804589165
4704,0.5717753663427954,0.804290706374275
4705,3.0421259894735937,1.5221149270316237
4706,-0.5709627319358463,-2.6434213574150927
4707,-2.250356625043618,0.6215331797381514
4708,-1.605441163503396,-2.0368494446495897
4709,-0.7097022041909571,-7.592363065026177
4710,-3.238155792676675,-3.720605557701958
4711,2.5526402488119726,3.072609001853096
4712,-0.2684562906854029,-8.976142590783013
4713,-0.4108594909541483,-4.326625531456841
4714,2.1350720420248632,9.560132319190132
4715,-4.8197772011392,3.236059481360542
4716,-5.840898703061807,5.186069304206001
4717,-2.5149555906884546,-5.412990277550591
4718,-3.0085095867745753,0.8444899563571089
4719,-3.0181891426675196,3.1615555827399366
4720,2.1823678508169775,-0.2718781883934862
4721,-2.303554366552102,-3.5279850418785936
4722,2.9492793574698095,1.466167384841072
4723,0.15332441476656244,1.0707621519347303
4724,0.5518352284796362,-0.663097685120476
4725,-4.169853399717081,3.623846585013496
4726,1.8763149276144628,-3.165244763634575
4727,-4.237271975003946,-7.0599543507317435
4728,-0.07789976450132086,-3.0976614411095507
4729,3.538323689974082,0.21604689405165844
4730,-5.378029535733926,3.3594365660925978
4731,-0.8228948220841761,0.9284454827090376
4732,2.6166685119040136,3.0952339713355177
4733,-0.6620499000184412,1.8341360633154982
4734,-3.0761401161782618,-3.6653625424126512
4735,3.8773239150412206,-1.2912264521340258
4736,-0.12830395551847174,0.9949119035979384
4737,-0.4345554739467974,3.97732406304084
4738,-0.4208535656564112,-6.580142205498589
4739,-0.2622296616666193,-1.2783890421608812
4740,-3.2499770626656885,-3.829482739708794
4741,0.34467904714418696,0.2698652242203825
4742,1.1713760390646581,-0.10060233428276844
4743,-0.49171131777094557,-7.567851727745904
4744,-3.7734379276864405,3.5580776278754347
4745,-2.451192091428506,-3.0858487541893846
4746,1.0394759669668798,1.6586294715186232
4747,0.6678020253546362,0.6960632000943296
4748,-4.151157091581094,2.070642286994087
4749,-0.39304704519437506,-8.268375104210747
4750,-2.027612637006509,-2.7700318749169237
4751,-3.413200090848672,1.6830651109000319
4752,0.9318398728735571,0.8162832503100508
4753,2.790528108156455,3.900619084097969
4754,-3.7753397926919336,-5.155459111473931
4755,-4.018228481733072,2.5795565192481154
4756,-1.24641407581495,-3.923385804436577
4757,-1.6085003122918482,0.9692970459242933
4758,-3.457823704206216,2.5439799372931593
4759,5.303477098024619,6.335132414557563
4760,2.472964812792075,-0.4702720697144396
4761,3.625731278932822,4.319345289923774
4762,2.298876096285117,-1.4796280319908983
4763,0.38654552844835566,1.070545429446327
4764,-1.291951905214059,-4.956352418206109
4765,-0.38886037024186804,-0.2613230402687914
4766,3.847837735689414,3.842671210028755
4767,-1.5675931677453394,-2.1792833264092333
4768,0.35922508386446284,2.0451700036307447
4769,3.2718174949057226,-2.714033072731865
4770,2.104798127687705,8.642836863257514
4771,2.306237985170615,1.9278898780127638
4772,-4.4665731892220855,1.188162023284065
4773,2.101462413347495,9.5280545298834909
4774,0.05357479003740595,-1.6422972138146288
4775,3.1129022136099462,2.278572851874458
4776,-0.19604108782933904,1.9031739775916212
4777,2.8944035067923193,2.4227749650260084
4778,2.2122464671499853,2.085369283415901
4779,-1.2977876767747278,-2.9727460797051317
4780,3.784957219637168,1.7393444125434034
4781,-1.7392580017678614,-4.13217038466729
4782,3.8118298545248632,1.7240500991126173
4783,2.103988696611655,8.714351946570503
4784,2.8731310859091406,2.912906462409126
4785,-4.617566774808633,-4.565975373528374
4786,-0.2082872495286341,-3.1020833904961473
4787,-3.3073098168008204,2.097873026587593
4788,-0.019503484689461725,-2.366454070351494
4789,0.16056119350267695,0.8012791220923536
4790,0.9095461860067968,0.9200862591048353
4791,1.3409351601965551,2.8886409346839064
4792,-0.12971911879705145,-1.2690396959999926
4793,-0.8329674706094141,-3.5371028835991747
4794,5.34365110544039,6.4402802531500924
4795,-3.932628105603921,3.6533814017554396
4796,0.03853683618379877,-4.741307919762505
4797,-0.5886528335742827,-4.503693288109673
4798,6.332517911470664,5.218535715796577
4799,1.0942191377051,0.4778761398872011
4800,-4.030785273038614,-3.9712459500054247
4801,-1.7179597124688502,-1.9676303322533495
4802,-0.2514619037740107,-5.508764451287163
4803,2.631042768038047,2.8728704993506544
4804,-0.7120004400842066,-5.670096581719292
4805,1.893179704225791,2.375903779723274
4806,-2.046832273923623,-4.96396035506524
4807,-3.7809011444680567,1.9061307256003492
4808,-1.2756349548928614,-3.9290329869011766
4809,2.8156712546713476,3.1225848738928907
4810,-2.929971168958413,2.44792633698188
4811,1.3405551209814672,2.9022327010413282
4812,2.405161668337119,-0.48377931668556995
4813,-2.3328986868493433,1.3054909055014723
4814,0.4468116059668188,0.6343510840912931
4815,1.1585097804434423,0.4307973180791014
4816,1.4792342677481298,0.023788565852271848
4817,6.833915998018515,5.925241762854682
4818,-1.4809160337083216,-1.9865974838951952
4819,-2.555618713819253,3.972929770209419
4820,-0.1869711980454798,1.6843233649512404
4821,-2.1770406469933863,-3.9476792271355516
4822,2.8616354956991796,0.7616883461257093
4823,-1.1909232244126673,-1.2509607727745897
4824,0.3810210123427038,0.8964555506487959
4825,-1.9273761019341822,4.584087187506782
4826,1.1130075946219091,1.4343119208594435
4827,-1.3658876523606653,1.0963395778914564
4828,-0.3043795034520502,0.5452731718202704
4829,-0.030765484296547907,0.34186509446107083
4830,-1.3907910689942713,-0.3747338111618883
4831,-5.067358206235635,4.581934267737495
4832,-0.018042872869240778,-2.2472838814476854
4833,2.324242879427207,-1.6706613953331835
4834,-1.2359396919839258,2.1954373662253492
4835,1.1631736054785375,1.6144799535056227
4836,0.06641661075426386,1.3565900270720594
4837,-3.7622141346566553,-3.931017583153618
4838,-3.7333373531930323,0.734046692111122
4839,2.879850198305381,-1.3248325045327074
4840,-2.3054080710046168,-3.048840707085503
4841,-3.1178588375680323,4.746262366034614
4842,2.7642047896750097,2.952745730139839
4843,5.861554910219443,1.0686451737662428
4844,5.7901804938681245,0.3350149710556143
4845,15.510555078066123,1.3809368555327528
4846,0.3911635175116186,1.737368876196968
4847,-0.20020906182454778,-3.4209994728783495
4848,-0.20371330829786016,-4.383376305840386
4849,2.387431193865073,1.2182959263106459
4850,3.5869815841086035,6.31837778732978
4851,0.7395415797598486,0.6664700304051512
4852,0.7737011208899145,1.285635704257118
4853,6.173107434786093,1.0134607498427504
4854,-1.2486727938287134,-1.327576821587456
4855,2.2966955199606542,0.4857027214845293
4856,-2.254426668607461,-3.713185494683159
4857,3.1827600493795996,3.754324728705513
4858,-1.5431817278497095,-8.512787526390923
4859,-0.3894226506583567,-0.19158834769524402
4860,-5.4508239731423735,3.4385228698035353
4861,-3.642900894605386,0.9497384969969862
4862,0.7829788222677831,0.810366774060356
4863,-1.7055814966790552,1.23246824190818
4864,-1.736673901998269,0.7193116490622633
4865,2.538215686357749,1.318654650904762
4866,-4.050054262601602,2.949269587256538
4867,6.871915151155722,5.952760035254585
4868,0.5459781184561376,0.7669098918219679
4869,-0.1684322163693781,-3.7617141659478075
4870,-0.2112922474973078,-0.06828886821068592
4871,2.480237533128989,-2.394762461922539
4872,-0.33790109606908514,-2.2589442188958055
4873,0.6770163073904638,0.6466148142596357
4874,-0.8601825639836664,-4.775448029778374
4875,-2.6994120583169336,-3.0940973217705614
4876,-2.2320032820336695,-5.184413140557183
4877,-0.7541094526879664,-7.638017361901177
4878,0.3517998948462133,1.6744022910376661
4879,-1.8387375578515406,-4.896398251793755
4880,2.963801671541465,2.986042553641426
4881,3.082747746980918,-0.45882464005745716
4882,0.8642768159277563,0.5152331759115332
4883,-1.6391540274255152,-8.482761090538872
4884,2.0028632178671484,10.121058756568061
4885,4.9091046347983,0.937883133151161
4886,-1.7678285345666285,-3.0449289734581835
4887,-0.30687489660905554,0.0881083552619093
4888,-0.28877986522840215,-8.931699460289849
4889,4.112294484651816,4.131366545416938
4890,-3.4656378731362696,-3.925920670769585
4891,-0.6339413404695864,1.416794711806404
4892,3.741538335359824,0.33376385466061764
4893,-1.0137553915612574,1.871636921622383
4894,5.498542596376669,6.812785917975532
4895,-4.869925211393106,3.232669169165718
4896,-2.636194179975259,-3.1859089787224657
4897,2.934584666765464,0.5376121793767088
4898,3.154260446108115,3.9622474257727736
4899,-1.1852026090257044,-2.39608902289666
4900,3.636348535097373,5.946605021216499
4901,-1.9097631678216334,-5.7841975147942435
4902,2.975258399523032,0.6565829311390989
4903,6.394899655855429,0.8560431842585676
4904,-1.4458320841424341,-5.83874005629815
4905,0.7553372874624853,0.5329011325617903
4906,0.18760942367388056,0.3205987159987562
4907,3.93769579080416,0.396450908937084
4908,0.3900113001234655,0.42107514859043293
4909,-2.722040365659463,1.2373744790335768
4910,-0.24142042847799017,-0.4468650276879198
4911,3.4953487410910253,-0.4769473130921251
4912,-3.6421601280801172,1.8721211497565382
4913,-1.6205058798425074,-8.484819119713677
4914,-3.043601463758218,-3.7226888592461473
4915,-4.511145065747964,-7.449118321679009
4916,-0.339371080719697,-2.587958043358696
4917,-0.3951850638024683,-3.592302506707085
4918,-0.5187513970069761,-2.795144265435112
4919,0.04072224048448847,0.18702363417349988
4920,-2.7247571453683253,-3.3869563992241747
4921,-1.6856901154153223,-2.236475413582695
4922,1.2480410828955297,1.791104490019905
4923,-0.08836654874013616,-3.0871021206597216
4924,-3.077367971860635,-4.950096314690484
4925,3.0143058791525488,3.011992270209419
4926,-4.720545958005655,4.165814215399848
4927,-1.4368599161736841,-2.9435479099968798
4928,-1.6345662579171534,-8.479790395043267
4929,-4.931558798276651,4.444673353888618
4930,-0.22852576824353887,0.6016907189866179
4931,1.5708561435110693,0.4913184811254614
4932,1.9374263778097753,-0.3264377768257982
4933,-1.6244836554162378,1.002877349116432
4934,0.13602643159700678,1.2177461330672377
4935,-4.699525068723428,-7.665381139061822
4936,-0.4724694147937174,-1.9589888508538134
4937,2.835365344560874,0.3984162305375212
4938,0.6156543984778051,-0.10185981347359485
4939,-2.564466427289712,-4.956788724205865
4940,-0.7199269190661783,1.3910307233115309
4941,-1.2576791152589197,1.7396246735831373
4942,-2.460678528272378,-5.322327798149956
4943,-2.5810131535165186,3.3381209914466017
4944,0.6893964305288915,0.7102705185195082
4945,-4.613346765958536,6.648809725501167
4946,-0.4063917801015253,-2.735458796761406
4947,0.2164133086569433,0.6584708188553923
4948,-1.3606656298272486,-1.7215866501549608
4949,-0.10231048914121343,-2.184945052407158
4950,1.333819796121848,2.737242037512886
4951,1.7614372268087988,-0.27680510833062
4952,3.5397966399557714,-0.35583776786125965
4953,-0.43724502178357794,-6.869670575402154
4954,-0.2967750832669611,-2.3864461834648973
4955,-4.171393822156656,2.521851355292427
4956,1.2029423013098364,-0.030311947605980105
4957,-2.542736004316079,-5.388282960198296
4958,-2.6419946655862208,-2.2343465740898973
4959,2.111295987642539,9.044861132361518
4960,6.371051122225058,0.8883539085169905
4961,-3.0377253994576807,4.684713179328071
4962,-2.939315985166299,2.420395547606575
4963,2.0763242736227636,8.9764187876959909
4964,5.0791748061545015,5.6621244494696725
4965,4.03001527932955,4.0501952712317575
4966,0.33492051509691523,-0.2958216126183397
4967,0.0837788477308874,0.4455528735076659
4968,1.6017728343374853,-0.3741927798012621
4969,4.602698136842978,4.724676901557075
4970,-0.7080864265792246,15.584032351233589
4971,-4.287822674237955,6.712811285712348
4972,-0.1356035277478571,-3.5569831783989794
4973,0.8730210557348852,0.24468428836070233
4974,-2.9604351029031153,-4.654180711052788
4975,0.3559198871023779,0.2738802675982588
4976,-1.198768149339425,2.5403461997290724
4977,-1.69363326879667,-4.7820403034905326
4978,0.7350651517279272,-0.7382348234871752
4979,-3.205835293256509,3.143391424872505
4980,15.513738442934287,1.3774220292349928
4981,2.921281863725913,-0.48630989148415393
4982,3.1162455573446874,0.2903049235125654
4983,-0.16171191188024236,-2.386572545311821
4984,2.6006792083151464,2.4044397418280714
4985,0.7014334693319921,0.9699800555487745
4986,-5.38772506567167,4.908944899298774
4987,0.7393473878271704,2.4747572486182325
4988,0.07988660482240961,-1.139851516030205
4989,0.4503707185156469,0.771300280549156
4990,3.3407583728201513,3.50116496727668
4991,-3.9515180096261378,3.8083284442206495
4992,-3.1567346558205958,2.2844576184531324
4993,2.186660100496543,2.69227128670417
4994,-1.6941883072488184,-6.4271370823601615
4995,-1.4987468824021692,-2.12507170989312
4996,0.6607432856924658,0.677686804988014
4997,-0.12981034370588018,-3.519119685433281
4998,1.297970940149558,0.5206472446104162
4999,-1.2587987885110254,1.1032863800307386
5000,0.7601106658346777,0.34719525472127133
